step,system_total_stopped,system_total_waiting_time,system_mean_waiting_time,system_mean_speed,0_stopped,0_accumulated_waiting_time,0_average_speed,1_stopped,1_accumulated_waiting_time,1_average_speed,10_stopped,10_accumulated_waiting_time,10_average_speed,11_stopped,11_accumulated_waiting_time,11_average_speed,12_stopped,12_accumulated_waiting_time,12_average_speed,13_stopped,13_accumulated_waiting_time,13_average_speed,14_stopped,14_accumulated_waiting_time,14_average_speed,15_stopped,15_accumulated_waiting_time,15_average_speed,2_stopped,2_accumulated_waiting_time,2_average_speed,3_stopped,3_accumulated_waiting_time,3_average_speed,4_stopped,4_accumulated_waiting_time,4_average_speed,5_stopped,5_accumulated_waiting_time,5_average_speed,6_stopped,6_accumulated_waiting_time,6_average_speed,7_stopped,7_accumulated_waiting_time,7_average_speed,8_stopped,8_accumulated_waiting_time,8_average_speed,9_stopped,9_accumulated_waiting_time,9_average_speed,agents_total_stopped,agents_total_accumulated_waiting_time
5.0,0,0.0,0.0,13.233853626147454,0,0.0,0.972734596344829,0,0.0,0.9750168925186959,0,0.0,1.0,0,0.0,1.0,0,0.0,0.9754970113539915,0,0.0,1.0,0,0.0,1.0,0,0.0,1.0,0,0.0,0.9759862878006285,0,0.0,0.9720517838156975,0,0.0,0.9720095138581355,0,0.0,1.0,0,0.0,1.0,0,0.0,1.0,0,0.0,0.9748658454127124,0,0.0,1.0,0,0.0
10.0,0,0.0,0.0,12.996024045263376,0,0.0,0.9593216967473123,0,0.0,0.9627965978286397,0,0.0,1.0,0,0.0,1.0,0,0.0,0.9616581517207362,0,0.0,1.0,0,0.0,1.0,0,0.0,1.0,0,0.0,0.962775929936482,0,0.0,0.9562983641630671,0,0.0,0.9598983081640454,0,0.0,1.0,0,0.0,1.0,0,0.0,1.0,0,0.0,0.9272773374980515,0,0.0,1.0,0,0.0
15.0,0,0.0,0.0,11.944612783727127,0,0.0,0.8092540183732438,0,0.0,0.9314920809835789,0,0.0,1.0,0,0.0,1.0,0,0.0,0.9546806577999072,0,0.0,0.9637666411225461,0,0.0,1.0,0,0.0,1.0,0,0.0,0.6349056392220822,0,0.0,0.9734365789747224,0,0.0,0.9529538993892791,0,0.0,0.9454279305278939,0,0.0,1.0,0,0.0,0.93137151381162,0,0.0,0.9436015901293086,0,0.0,0.8261628760184758,0,0.0
20.0,5,17.0,0.30357142857142855,10.945297070987163,2,6.0,0.6169132279221563,0,0.0,0.9532759552406238,0,0.0,1.0,0,0.0,1.0,0,0.0,0.948359429934753,0,0.0,0.9372485379565209,0,0.0,1.0,0,0.0,1.0,2,9.0,0.469763144490582,1,2.0,0.6401203098242493,0,0.0,0.9746965864569406,0,0.0,0.9405322090684187,0,0.0,1.0,0,0.0,0.8117993446374384,0,0.0,0.9777729536456574,0,0.0,0.9410616537726374,5,17.0
25.0,0,0.0,0.0,10.345365426366657,0,5.0,0.7768868385226851,0,0.0,0.9611823099702947,0,0.0,1.0,0,0.0,0.6888180519723988,0,0.0,0.7927790334399576,0,0.0,0.6581954489988069,0,0.0,1.0,0,0.0,1.0,0,4.0,0.5659661672095154,0,1.0,0.7165285431538914,0,4.0,0.6048101286318726,0,0.0,0.9485974484410343,0,4.0,0.4292992753219915,0,0.0,0.5010133095494753,0,0.0,0.781592666509644,0,0.0,0.7922662269667823,0,18.0
30.0,11,28.0,0.35,9.122090656689059,1,2.0,0.6324627362085742,0,0.0,0.7043646772400133,0,0.0,1.0,0,0.0,0.9297886073312498,2,3.0,0.47026972819628443,2,5.0,0.31325196236967967,0,0.0,1.0,0,0.0,1.0,0,0.0,0.9295120299995778,0,0.0,0.9511543069066236,3,14.0,0.6124792081481515,0,0.0,0.382370303061527,0,4.0,0.8612069555511406,0,2.0,0.8977375475854746,1,5.0,0.5515941306681903,2,3.0,0.5463505015111164,11,38.0
35.0,11,42.0,0.4375,8.592632521700226,1,4.0,0.573844250105855,3,13.0,0.5119498750876145,0,0.0,1.0,0,0.0,0.2694644048190388,0,2.0,0.5926145828369945,0,5.0,0.48878524834230486,0,4.0,0.44011321950357024,0,0.0,1.0,0,0.0,0.7223308903916534,1,1.0,0.7251348629569467,0,12.0,0.7538176275900556,3,16.0,0.40792088318736935,0,4.0,0.9040320636414002,0,2.0,0.9148319863497753,0,3.0,0.5841422168559435,3,20.0,0.3795295673605551,11,86.0
40.0,23,118.0,1.0535714285714286,8.470204683727403,4,17.0,0.6066706530991945,0,6.0,0.7269085754765864,0,0.0,1.0,1,4.0,6.050306746169195e-05,0,0.0,0.9498867993086243,0,4.0,0.8840143358414415,0,4.0,0.9436461447622178,0,0.0,1.0,3,11.0,0.6186385069845305,2,9.0,0.5120958157145737,1,6.0,0.518652340153941,3,35.0,0.548575337594459,3,10.0,0.07462968558174497,2,6.0,0.2421519263138411,0,0.0,0.9710963625120997,4,40.0,0.5908071694813679,23,152.0
45.0,15,136.0,1.1333333333333333,8.268294618225267,0,12.0,0.5522571782235459,0,2.0,0.9124614441825717,0,0.0,1.0,0,2.0,0.47144243449658024,0,0.0,0.9448916944249587,0,4.0,0.923198356670925,0,4.0,0.9065248537304987,0,2.0,0.3776670235082055,2,11.0,0.3783851638150778,0,2.0,0.6317097949256473,0,9.0,0.43324437734956667,3,50.0,0.699681469774537,6,36.0,1.3442534973923077e-05,0,12.0,0.2299429033873202,0,2.0,0.6682051904279174,4,60.0,0.5357102072811081,15,208.0
50.0,28,172.0,1.2647058823529411,7.864550023508648,2,7.0,0.6688181174511301,2,5.0,0.5595028259714222,0,4.0,0.4334471988405509,0,4.0,0.8774192155215382,1,1.0,0.7713243779727907,0,4.0,0.2728494954502616,2,8.0,0.035370575872510246,0,2.0,0.9670922662808991,3,18.0,0.5467594808284653,0,0.0,0.9150187445641318,3,12.0,0.6362606998658294,6,65.0,0.4767154396274246,6,70.0,0.440805605741098,0,4.0,0.8568486914816869,2,11.0,0.6642684990693918,1,36.0,0.1328796311019044,28,251.0
55.0,41,258.0,1.6973684210526316,8.069725443439118,4,19.0,0.616978129085995,6,26.0,0.3480754796809571,0,8.0,0.7774025085071056,0,4.0,0.8376140173154263,2,7.0,0.5825073174636742,6,24.0,0.03418697913241972,0,5.0,0.2239532573000435,0,6.0,0.6119323280218253,3,33.0,0.5543917515533906,0,0.0,0.8940767888470468,4,30.0,0.6652456010071854,9,102.0,0.25507324649470303,0,55.0,0.6319215017696779,0,0.0,0.8720578537245823,5,27.0,0.6105807850004895,2,9.0,0.5515758419622772,41,355.0
60.0,39,304.0,1.9240506329113924,6.734517400521807,0,9.0,0.5445388164877392,7,63.0,0.35135579631588415,0,8.0,0.8695169173079337,3,9.0,0.24168562621101908,4,21.0,0.567149189877567,2,37.0,0.20121029171399973,0,2.0,0.4594744188502732,0,4.0,0.9268240893342654,1,14.0,0.5482325672496123,1,7.0,0.5345599787673595,2,23.0,0.3977359733563452,10,154.0,0.23612890841592357,0,4.0,0.5406446411000148,2,3.0,0.1812634414430517,6,51.0,0.4322991308549008,1,1.0,0.6845567906734183,39,410.0
65.0,40,398.0,2.300578034682081,7.864213427387797,2,8.0,0.6383132721980697,7,100.0,0.47715349410566243,0,2.0,0.9020265136964802,0,11.0,0.5276448918898836,5,45.0,0.4932800812320301,0,13.0,0.7996989476316033,0,4.0,0.8566081923819701,0,8.0,0.7652457205004963,2,10.0,0.5502653725952944,0,5.0,0.75825557367753,7,26.0,0.3266249519491054,10,206.0,0.4435053649949473,0,0.0,0.7082607746446903,0,11.0,0.23522218985585347,5,48.0,0.3122262958661168,2,14.0,0.5938052451754584,40,511.0
70.0,34,423.0,2.2620320855614975,7.92957225059708,1,5.0,0.5874689670287289,7,135.0,0.48401517851216525,1,5.0,0.540986488827598,0,4.0,0.8753101895440264,2,36.0,0.38322567903198496,1,14.0,0.7119820193457389,0,4.0,0.8806222566839674,0,4.0,0.9255424188154819,0,3.0,0.6005913397216478,0,2.0,0.9269004590710525,5,45.0,0.29160319010364694,10,256.0,0.3350925602837924,2,6.0,0.17533566699732514,0,4.0,0.7634762736452159,3,26.0,0.4544835865690609,2,6.0,0.6182680269994799,34,555.0
75.0,50,595.0,3.051282051282051,8.086974101242852,3,13.0,0.599326315716191,10,180.0,0.233605343949938,3,15.0,0.4918095083262714,0,4.0,0.8789348725492967,4,19.0,0.4106214850607113,1,9.0,0.811696530167758,0,0.0,0.8209861016316897,0,2.0,0.9206488211204702,0,0.0,0.9353092273410613,0,0.0,0.6224948806534012,5,44.0,0.5258934527196464,14,318.0,0.15199014112490464,3,20.0,0.5791987786221307,0,4.0,0.8295390791590305,3,21.0,0.5255170509595994,4,24.0,0.6760021883298705,50,673.0
80.0,57,746.0,3.5865384615384617,7.034423814259251,5,34.0,0.5043077667498556,14,245.0,0.20416262535852964,3,34.0,0.29633650500116865,2,7.0,0.20051686346700187,4,26.0,0.46138790952706843,1,10.0,0.6492761086885368,0,2.0,0.7487619683247763,0,0.0,0.9248134015182207,1,1.0,0.6213499611197953,2,9.0,0.5432427234397015,3,46.0,0.5546099619672582,16,402.0,0.20615545110126707,0,11.0,0.7612157275217216,1,5.0,0.3154682400930991,5,37.0,0.5284486518336434,0,20.0,0.3494198661515352,57,889.0
85.0,66,943.0,4.325688073394495,6.528921225133574,1,31.0,0.5421122075626091,14,319.0,0.2300550634139494,5,51.0,0.4894894901500848,0,5.0,0.10885500595066984,6,45.0,0.47531957712829365,2,15.0,0.6867146640467704,0,2.0,0.665082744370187,1,5.0,0.6573047239871442,3,11.0,0.4017601499856506,0,3.0,0.6583244086993518,4,30.0,0.39679973768869453,16,482.0,0.3316834075185257,0,0.0,0.7387375310111265,5,22.0,0.06220915752686369,4,36.0,0.3146414363039697,5,24.0,0.31445568817728353,66,1081.0
90.0,52,844.0,3.9074074074074074,6.999514897139464,2,8.0,0.6426082656819123,8,300.0,0.3765453291917293,0,36.0,0.685178565954743,0,4.0,0.4645964255443242,8,80.0,0.2397155213178133,2,25.0,0.6854992908509749,0,2.0,0.7505622275688292,1,10.0,0.6911450347294856,0,11.0,0.4723188834799938,0,0.0,0.891470471300868,5,30.0,0.28165615408105477,18,564.0,0.18106643282212406,0,4.0,0.4782140783652946,0,24.0,0.5843570539314461,5,31.0,0.3767913759494016,3,35.0,0.5024173628912908,52,1164.0
95.0,43,736.0,3.256637168141593,7.334495301324054,0,2.0,0.6385109445491349,2,173.0,0.3555508691124023,2,10.0,0.586246300808506,1,10.0,0.7472500411346785,5,86.0,0.30285134389133794,0,8.0,0.25336423517040063,1,2.0,0.4942291015970053,0,4.0,0.8724586649480791,0,4.0,0.8712504837404459,2,3.0,0.5706202902623266,3,25.0,0.4285868985076882,23,667.0,0.039318353310935944,0,4.0,0.8137302394021316,0,4.0,0.9117785793417391,1,29.0,0.5431432684109965,3,28.0,0.6493803304948959,43,1059.0
100.0,47,867.0,3.7532467532467533,7.363748713168182,3,10.0,0.6085023095681583,2,170.0,0.2901853020935684,0,9.0,0.49946077325726856,1,15.0,0.7826013401850135,1,33.0,0.6039574104277661,0,6.0,0.7017088381427457,4,23.0,0.25330993846803374,0,0.0,0.9042950205185509,0,4.0,0.9004219039152132,3,16.0,0.46422196337322175,2,20.0,0.5865804931377068,24,793.0,0.04580780455109924,0,4.0,0.9036763858444262,0,2.0,0.37557960061208845,5,29.0,0.6010472740910453,2,19.0,0.3642456473612426,47,1153.0
105.0,62,708.0,3.0517241379310347,7.165093523062632,5,32.0,0.49051303063092494,10,202.0,0.20752937261496257,2,7.0,0.4622632556354318,1,8.0,0.3913952504077379,1,15.0,0.80924266499851,1,11.0,0.796127422104485,0,17.0,0.6497180842572576,1,3.0,0.7692681430988284,2,7.0,0.5630329183236249,0,8.0,0.5348164423273748,3,26.0,0.6894895062895088,18,760.0,0.29332081166363805,0,4.0,0.7184710134394007,5,23.0,0.13271545537240725,7,56.0,0.39709946955234354,6,30.0,0.21219676185137254,62,1209.0
110.0,64,496.0,2.049586776859504,7.164551504163602,7,63.0,0.43655639829701215,10,184.0,0.22522131890210684,6,26.0,0.4717501745418158,5,27.0,0.125193845088362,2,6.0,0.588321484025056,2,15.0,0.8005996355352724,1,8.0,0.8421517616707768,1,5.0,0.811080672321316,4,26.0,0.38548534610600454,0,0.0,0.895322693807546,0,11.0,0.4782687578784945,10,585.0,0.2959831678524386,0,4.0,0.8962061915691469,0,22.0,0.654198142978904,9,101.0,0.23238677282882533,7,65.0,0.0,64,1148.0
115.0,56,473.0,1.8844621513944224,7.067593459957679,9,104.0,0.3995986883011411,2,81.0,0.38879463721186924,1,28.0,0.5519958388858183,0,26.0,0.5933886327608684,4,18.0,0.5125581086043094,1,8.0,0.3304308889669507,1,4.0,0.6325604528697416,1,3.0,0.671138325355544,6,57.0,0.553046576976452,1,1.0,0.6101464001432165,2,3.0,0.6176535436456031,9,525.0,0.18797839702715674,1,5.0,0.7932338566023084,0,2.0,0.9332198890929303,11,152.0,0.36261936877953915,7,100.0,0.17499847955754708,56,1117.0
120.0,63,530.0,2.12,6.624748354661621,5,100.0,0.37529424352290086,1,79.0,0.33742342500722583,2,10.0,0.15563569161851035,0,8.0,0.8893662749497925,7,44.0,0.30848412502872646,6,24.0,0.169700073925061,5,19.0,0.18565224324646926,1,7.0,0.726950756431409,0,44.0,0.5818464941553481,3,16.0,0.41389664202226206,3,16.0,0.522972106676711,7,566.0,0.16435953083834332,2,8.0,0.7268921826980271,1,3.0,0.5112699911034176,13,212.0,0.4498040409122287,7,135.0,0.46195823018309945,63,1291.0
125.0,78,770.0,2.972972972972973,6.41709607870193,2,45.0,0.48769913512188945,9,108.0,0.46871678951222245,3,21.0,0.16737743532678626,0,4.0,0.8564559825215742,8,80.0,0.39984325775999646,7,59.0,0.11729207881189599,2,31.0,0.1976056840329037,1,5.0,0.5892648305580266,1,7.0,0.4543056975673397,0,11.0,0.7346470521479278,5,39.0,0.3540213727225218,13,619.0,0.23312344636253268,0,0.0,0.30296137618875224,5,24.0,0.4209356376559894,15,277.0,0.3586743993433197,7,170.0,0.39925326495692715,78,1500.0
130.0,77,777.0,2.9884615384615385,6.50723628123808,3,47.0,0.43194057638885575,9,153.0,0.46257576834993647,0,11.0,0.7573350045981022,2,11.0,0.3207228213171438,5,80.0,0.527308189964124,1,57.0,0.4390473787615064,1,20.0,0.6471077863478357,4,21.0,0.6215769825626413,3,7.0,0.390342766344376,0,4.0,0.9145728556187938,7,74.0,0.2715928039995066,20,705.0,0.1832634406915383,3,15.0,0.1845422240360904,0,26.0,0.585767741864886,17,356.0,0.269040830490323,2,133.0,0.11717740582183674,77,1720.0
135.0,86,985.0,3.84765625,6.324548652995332,8,76.0,0.3370773669684135,8,139.0,0.21410934547958715,1,12.0,0.783029239667075,0,6.0,0.5104068796251661,1,31.0,0.5723269337715722,0,14.0,0.7830664089710867,1,18.0,0.793160389807774,1,16.0,0.37186938090697713,6,35.0,0.3792106533686322,1,3.0,0.6691227614929949,9,120.0,0.4110857670810109,24,813.0,0.09354117201710002,0,9.0,0.7994279588522298,3,16.0,0.49796055154417856,19,443.0,0.11535995954499924,4,17.0,0.41405275775150663,86,1768.0
140.0,83,1151.0,4.359848484848484,6.420108882940495,7,78.0,0.3768656395897367,3,94.0,0.3429063169420516,2,18.0,0.5305255831303193,0,4.0,0.8854187211202815,3,29.0,0.3843444197757092,0,8.0,0.7488867788792232,1,10.0,0.5650228155471312,2,13.0,0.353297206587562,6,65.0,0.5779362907858273,3,12.0,0.4741291078270167,6,114.0,0.4829356090899816,24,937.0,0.07176827183501135,0,4.0,0.8701766631647724,5,36.0,0.48761869981379424,20,539.0,0.0680186378777928,1,16.0,0.6624623984408544,83,1977.0
145.0,77,1162.0,4.256410256410256,6.412875297859088,3,39.0,0.46840309782635053,2,74.0,0.4609450221711499,7,39.0,0.2905606267129286,0,0.0,0.8558520156463686,7,50.0,0.3235645908512991,2,11.0,0.5570296895911941,7,28.0,0.2419193872194975,2,4.0,0.6564408468642959,0,53.0,0.6300012106993785,0,8.0,0.5463785275563752,1,51.0,0.36690853763458686,18,888.0,0.18791875530593752,0,4.0,0.6403756442399474,5,63.0,0.3663129382651255,22,646.0,0.07904992367392374,1,30.0,0.6530210148017297,77,1988.0
150.0,75,1180.0,4.338235294117647,6.571176229374337,1,24.0,0.43649359036561325,8,94.0,0.43597253360151184,1,37.0,0.539309652930819,0,0.0,0.8850825371522,10,94.0,0.27567087162412135,1,13.0,0.6566434883593348,2,43.0,0.17253813595383727,2,14.0,0.7974247758106863,1,8.0,0.43864859563630804,0,4.0,0.8141376315126174,4,59.0,0.24938680208419697,12,647.0,0.22310037445658937,0,4.0,0.8920024723810459,8,94.0,0.3653536689738705,24,765.0,0.07202078578327901,1,35.0,0.0,75,1935.0
155.0,80,1139.0,4.25,6.323702542308494,7,40.0,0.42588611583108965,13,146.0,0.2061949482468298,1,14.0,0.5958587428724502,1,2.0,0.33837143178523066,7,99.0,0.2136762076161677,2,14.0,0.4176667503289377,2,29.0,0.7044814331919301,0,0.0,0.6828313533776644,1,5.0,0.33968314892650725,1,5.0,0.7532187513016342,9,92.0,0.39172427505604135,8,687.0,0.34210220501658245,0,7.0,0.7944898477181003,2,81.0,0.5356369001626726,26,890.0,0.188998869841436,0,0.0,1.0,80,2111.0
160.0,84,1033.0,3.729241877256318,6.719120818045365,10,86.0,0.4070785932251795,15,219.0,0.19110627793002652,1,12.0,0.6762481683546067,4,16.0,0.0009582042018868983,2,48.0,0.4169866871349255,2,16.0,0.41729468564975974,2,26.0,0.7910791819027937,4,10.0,0.17962208386514789,6,26.0,0.3943074659356318,3,13.0,0.5142489008442561,6,92.0,0.5086913738656021,8,722.0,0.2668664235245823,0,3.0,0.7966222262903364,0,18.0,0.476205964854646,21,882.0,0.2246525353797859,0,4.0,0.8356564557684601,84,2193.0
165.0,68,757.0,2.732851985559567,6.52800469368053,11,139.0,0.2740780016296078,16,298.0,0.1465603034669806,1,15.0,0.5824437059134334,0,12.0,0.26217082005039216,1,25.0,0.37825909697020116,0,6.0,0.7669042561431733,3,33.0,0.5254225299346363,2,21.0,0.21280654184449682,0,26.0,0.41855529277048753,1,14.0,0.4279846024329932,2,45.0,0.438700617378115,15,782.0,0.24488514409753226,0,3.0,0.8720507621510869,1,15.0,0.5468966010112463,15,723.0,0.13767511840841196,0,6.0,0.8539970952315635,68,2163.0
170.0,77,833.0,3.04014598540146,6.126376128227488,14,205.0,0.2852888095252926,16,378.0,0.18824590794600593,0,0.0,0.6767120538316292,0,4.0,0.7928100047155158,7,53.0,0.2812914420160354,0,4.0,0.36406201834325835,3,19.0,0.23549017934196728,2,21.0,0.5698479116293191,2,8.0,0.5236864915954,1,10.0,0.8008085676736559,0,29.0,0.36804454094776845,21,875.0,0.14686382091767872,0,0.0,0.642873929783587,1,19.0,0.6870172805921997,10,667.0,0.17223406515567874,0,2.0,0.8304426161378967,77,2294.0
175.0,93,969.0,3.5364963503649633,5.765938837163582,15,277.0,0.2918101801395658,10,368.0,0.2568680650420644,1,4.0,0.753778588781479,0,4.0,0.9041201907713773,9,97.0,0.40756634806001574,7,26.0,0.36013811221166137,6,24.0,0.12031328622929793,0,8.0,0.8655283988973294,0,4.0,0.6133033380948969,0,4.0,0.7256266899489439,6,41.0,0.36177502327036126,27,1001.0,0.08759077201746858,0,4.0,0.44271287816419314,4,29.0,0.40823443686230915,7,705.0,0.2640190196873184,1,4.0,0.6058584536079643,93,2600.0
180.0,117,1249.0,4.643122676579925,5.437908204270175,18,360.0,0.2376042360710288,1,252.0,0.33837001012849105,0,0.0,0.8131746253577657,0,4.0,0.6229790887000249,12,151.0,0.3687932607921196,8,66.0,0.43319953437228687,6,47.0,0.09186886211505314,0,4.0,0.9117686965654456,0,2.0,0.8765668644708956,4,15.0,0.49815425717819084,10,85.0,0.33708694207804063,31,1153.0,0.03125712958891932,0,4.0,0.8657996275565146,8,64.0,0.08605412982064278,13,756.0,0.33228950235967253,6,25.0,0.32763704608762584,117,2988.0
185.0,104,1566.0,5.553191489361702,5.483089939468437,19,451.0,0.24814298842044305,1,221.0,0.32124538764793126,0,0.0,0.6270894994069356,0,3.0,0.4795018915867508,13,212.0,0.30941385056778037,2,66.0,0.5070494491272624,3,45.0,0.5059305570404603,0,4.0,0.5772185131281247,0,2.0,0.8935585410839275,0,15.0,0.44714086125698055,7,96.0,0.30984784607831256,31,1314.0,0.037031785581868794,0,2.0,0.8835243220072441,2,56.0,0.16062281332963263,18,831.0,0.22472310644384766,8,64.0,0.3124554695198694,104,3382.0
190.0,103,1575.0,5.412371134020619,5.771408151763921,15,453.0,0.23618565552022616,7,250.0,0.32303373631325205,0,4.0,0.5779327629777633,1,7.0,0.34852607755028797,10,211.0,0.4277827242711035,3,33.0,0.28940704710299225,3,47.0,0.6551659667071976,0,4.0,0.8747312271863628,2,5.0,0.6066919863486376,0,0.0,0.751117166580158,2,72.0,0.39052006681131957,32,1471.0,0.1428024152476085,0,0.0,0.7025175723729884,0,21.0,0.7296952685961887,26,941.0,0.10387205434439492,2,67.0,0.269490759318893,103,3586.0
195.0,99,1375.0,4.824561403508772,5.663969486002037,9,364.0,0.2532735461659274,9,295.0,0.4479662744127482,0,4.0,0.9121884987736218,2,5.0,0.052500689232712915,2,143.0,0.4484077040831025,6,53.0,0.348043682495627,3,60.0,0.6622172774826663,0,4.0,0.8783877864634506,1,9.0,0.3481693732757597,0,2.0,0.8333486006906037,5,81.0,0.2790735276090402,30,1450.0,0.1867388826611116,0,0.0,0.7264782158707692,0,2.0,0.7830848151790915,30,1087.0,0.03637765411982205,2,15.0,0.1758856535380398,99,3574.0
200.0,88,1129.0,3.989399293286219,5.332601684674273,2,340.0,0.29541106570159076,9,340.0,0.3697645593774164,0,4.0,0.9083685898416152,6,30.0,0.24623125250043895,3,131.0,0.2921968316534634,2,57.0,0.5181678800839923,1,26.0,0.12331238412361267,0,2.0,0.7571008488765004,4,16.0,0.4928688629578818,1,5.0,0.7158831468983274,11,125.0,0.1723974327037158,21,1243.0,0.15008320120063592,1,5.0,0.7182505818875381,0,0.0,0.7735489964591576,27,1077.0,0.15131467170045476,0,7.0,0.34443934764285,88,3408.0
205.0,96,1009.0,3.431972789115646,5.6786131827625566,9,364.0,0.31898514238308934,13,397.0,0.19987839796211396,1,5.0,0.5562403916898024,0,30.0,0.6372964709354718,8,153.0,0.23063133622980025,4,58.0,0.3519522326569855,3,15.0,0.4473575444622722,2,8.0,0.5317730247277458,1,13.0,0.49287720046555644,3,15.0,0.6271959165548675,14,192.0,0.3242903086510775,18,898.0,0.19175552710871557,1,14.0,0.7794015419843616,0,0.0,0.6661817118424529,19,901.0,0.19533884001575028,0,4.0,0.8502135401323972,96,3067.0
210.0,88,762.0,2.5918367346938775,5.428000229507152,15,425.0,0.19193883998859954,10,362.0,0.24877542654106655,2,8.0,0.10957037491742967,0,2.0,0.7730491677417826,9,142.0,0.18901286107444482,9,93.0,0.26175200525664005,2,13.0,0.48061796526391504,3,22.0,0.7120016885496586,1,10.0,0.6698821977562284,0,9.0,0.58458630772144,16,265.0,0.3320455421903073,5,939.0,0.24375466814673424,1,10.0,0.6300535016348191,0,2.0,0.4161382418115496,15,917.0,0.14071494580943117,0,6.0,0.8759665815718414,88,3225.0
215.0,92,784.0,2.675767918088737,5.865082271959971,20,514.0,0.1891708982663371,1,152.0,0.3897396046549674,3,20.0,0.5770815423404762,0,4.0,0.8257296040987416,6,82.0,0.37776332732227774,9,136.0,0.3332353839756793,3,21.0,0.45443512122835433,1,14.0,0.604301845771164,1,6.0,0.7226580916173941,3,10.0,0.487588796808356,18,349.0,0.24881761748818418,8,941.0,0.23860430371446714,6,30.0,0.3760958876984235,0,4.0,0.856211035805234,13,991.0,0.20036020343912622,0,4.0,0.8359424414885357,92,3278.0
220.0,108,1124.0,3.7466666666666666,5.8004145329945205,24,629.0,0.20088346404273158,2,46.0,0.5662440621279708,3,34.0,0.6901482761525242,0,4.0,0.9598746712839749,3,88.0,0.36569619629433425,9,181.0,0.25406592654907795,3,36.0,0.0,5,22.0,0.514936107175915,3,17.0,0.7307616489546971,4,30.0,0.575424530849441,20,445.0,0.1903664485793288,11,853.0,0.09872387912317845,12,81.0,0.2299502193288145,0,4.0,0.9053334093488964,8,902.0,0.2960736436712027,1,7.0,0.7274305159637167,108,3379.0
225.0,104,1235.0,4.075907590759076,5.0894731535541675,21,627.0,0.1606711426535298,1,40.0,0.32556070589452774,0,16.0,0.6823848727131141,0,0.0,0.8833596139718056,9,103.0,0.19756136581223188,15,240.0,0.17899463108901698,3,53.0,0.12081495057015355,5,47.0,0.41968019689267866,2,11.0,0.48556627191949014,1,22.0,0.5324499952874466,21,549.0,0.12533992853704565,11,658.0,0.13504188973876083,7,106.0,0.35575434195628625,0,4.0,0.7365817145641739,7,695.0,0.25959405960608894,1,10.0,0.7968452868597582,104,3181.0
230.0,106,1338.0,4.274760383386582,5.82653267926388,15,506.0,0.2196803072433366,4,58.0,0.6257169716944514,2,7.0,0.4205831457917287,0,0.0,0.8853405195834992,14,164.0,0.1441584379338416,16,319.0,0.265862792145693,0,20.0,0.760736377552933,5,74.0,0.36495568360358754,8,33.0,0.259553951689238,3,10.0,0.5323607831237548,23,662.0,0.1285934497354822,3,618.0,0.3474745004878243,2,75.0,0.5664285829212491,0,4.0,0.8630419294654603,10,447.0,0.16874369513850182,1,17.0,0.7296346281416289,106,3014.0
235.0,110,1548.0,4.914285714285715,5.431873840507776,9,550.0,0.24083223950627752,4,78.0,0.6250447112515424,4,30.0,0.1754568260190005,1,1.0,0.816951441173536,17,246.0,0.1510823274566711,16,399.0,0.1992039702611245,0,2.0,0.9309337263497875,2,55.0,0.34936212671097916,12,84.0,0.24136646669645467,0,4.0,0.633915472588967,25,788.0,0.08859890219271334,7,618.0,0.37390072427766885,3,72.0,0.4924281853047379,0,8.0,0.786252495534834,8,477.0,0.22121739791757924,2,25.0,0.5913150814468033,110,3437.0
240.0,113,1607.0,5.200647249190938,5.226378854211145,8,586.0,0.21447291615294345,1,47.0,0.31979329167895254,0,19.0,0.7653467314558579,1,10.0,0.6396346306081727,18,334.0,0.2525455445614018,16,479.0,0.0,0,0.0,0.7883482612784761,4,25.0,0.6186132680907726,6,106.0,0.2990051693340233,0,4.0,0.7500908702028598,21,795.0,0.20095863156830404,15,675.0,0.23388848524224226,8,95.0,0.29567809002871437,0,4.0,0.8187980590441711,8,485.0,0.27759752100503526,7,53.0,0.3827633161652365,113,3717.0
245.0,114,1275.0,4.022082018927445,5.925081797642204,15,647.0,0.19178209300941051,3,10.0,0.4990164432185162,0,4.0,0.8946645069526555,1,5.0,0.7333449533280942,14,345.0,0.36600382004322757,10,429.0,0.2756545940233755,0,2.0,0.769266173252125,0,15.0,0.6678670123955253,1,55.0,0.612120864098123,0,4.0,0.8808656896819551,13,662.0,0.3334017015168165,17,758.0,0.2521319006084756,13,151.0,0.12785432541823422,0,4.0,0.9178884766328529,14,536.0,0.1750885901944022,13,104.0,0.320586421752588,114,3731.0
250.0,102,911.0,2.820433436532508,5.488884707440128,16,618.0,0.1728508147791674,2,12.0,0.42742671885127614,0,0.0,0.8506281375043877,3,15.0,0.5512079197697424,9,279.0,0.28506430423875595,0,291.0,0.5989607135785981,1,6.0,0.7724179987175286,1,3.0,0.6083500942268593,1,44.0,0.5766807019584459,1,5.0,0.7980716148419936,6,605.0,0.26792338390177406,18,848.0,0.12029685781249343,13,220.0,0.054878232668659196,0,0.0,0.6533772566658383,18,519.0,0.1322289694136644,13,173.0,0.2996477794119324,102,3638.0
255.0,96,797.0,2.5141955835962144,5.244428058847753,16,500.0,0.18516810462334632,4,30.0,0.6071602040683923,0,0.0,0.8208029723592523,1,10.0,0.5491116452723288,3,274.0,0.19215748888546388,4,297.0,0.45106077242996157,1,9.0,0.8380264787265197,1,5.0,0.2567280173863898,7,68.0,0.24113954163222426,3,11.0,0.6160487416673622,6,635.0,0.15462524382474963,16,804.0,0.2137663961523677,7,215.0,0.3369253242049788,0,4.0,0.6160952060252762,14,423.0,0.2739531639949351,13,238.0,0.36562703112773653,96,3523.0
260.0,98,822.0,2.521472392638037,5.694490647565874,12,355.0,0.26595282528296876,4,50.0,0.6904371480932245,0,0.0,0.03595936135218966,4,23.0,0.534800475311887,9,295.0,0.23032309588251834,9,330.0,0.2994470917233952,1,3.0,0.6077050847123459,2,15.0,0.6302159632240688,10,114.0,0.2691520653196685,1,6.0,0.4982959459735755,12,680.0,0.11138191970687947,10,612.0,0.34688302936253684,0,117.0,0.6788737629532524,0,8.0,0.7386121950025717,11,281.0,0.29217745938386763,13,303.0,0.2858896122774898,98,3192.0
265.0,88,760.0,2.2822822822822824,4.80542446679887,2,369.0,0.28030166084735275,0,32.0,0.4441773920613018,2,9.0,0.2563989494349882,1,15.0,0.2696048072250379,14,354.0,0.12364701485113606,15,395.0,0.17472260384859215,5,21.0,0.34403335646965777,0,4.0,0.9351273060771084,4,106.0,0.3572642897280708,2,13.0,0.619753539378923,13,643.0,0.11169061259048174,5,646.0,0.2678656236609877,3,101.0,0.4824093885934879,0,8.0,0.8887764313966364,4,289.0,0.1964525442821914,18,386.0,0.1020533671175017,88,3391.0
270.0,112,867.0,2.6595092024539877,4.907668034544281,6,366.0,0.2888972233286366,2,9.0,0.3558302929172359,0,4.0,0.7897479628264029,6,20.0,0.0014330647706695373,20,446.0,0.22117486641669817,17,480.0,0.0989529292729223,3,28.0,0.09866172575070406,0,4.0,0.7034793137018853,1,47.0,0.60241733175211,2,25.0,0.7084816831127373,11,493.0,0.2747888263437413,10,682.0,0.26007299198665856,7,128.0,0.1029907452994819,1,9.0,0.6150698510844379,7,316.0,0.21624300889097195,19,401.0,0.23656279364817373,112,3458.0
275.0,118,821.0,2.4580838323353293,5.022809604096892,13,417.0,0.2242853835310912,2,6.0,0.33368622733114334,0,4.0,0.861299981367542,0,24.0,0.5772325696538526,18,461.0,0.2665950736069257,11,445.0,0.13534167603789496,5,36.0,0.38407568620710225,1,9.0,0.6956292520703652,4,22.0,0.6184206833611536,2,6.0,0.7818134369169841,9,491.0,0.3625871487043477,17,757.0,0.08493443629123391,11,177.0,0.001110329390046376,7,29.0,0.3374083016315517,9,287.0,0.15512018480184595,9,336.0,0.3134878090324428,118,3507.0
280.0,95,663.0,1.9791044776119402,5.083523113801529,21,507.0,0.177129066696427,8,32.0,0.3002428704629242,0,2.0,0.8423732992817965,0,0.0,0.9402049262451284,10,334.0,0.24121442949237906,1,282.0,0.4094623850297717,0,33.0,0.7208737902087189,1,13.0,0.840499569947457,0,18.0,0.43774829466442716,3,14.0,0.5986823708664133,7,527.0,0.2890279556606097,17,701.0,0.19506672525647914,12,243.0,0.09421508377913455,3,37.0,0.08311624431706906,8,187.0,0.26391387295853547,4,369.0,0.2657894715788148,95,3299.0
285.0,100,714.0,2.106194690265487,5.10579710330187,27,629.0,0.10889644602176571,9,76.0,0.2943685514022119,1,2.0,0.44139226442598956,0,0.0,0.6656382001779568,4,328.0,0.21728179817588406,2,246.0,0.42604822226548666,0,4.0,0.8334332968703375,1,8.0,0.6388863372079984,6,25.0,0.34671256877721174,1,11.0,0.3649959245292183,14,583.0,0.22547943140297969,10,492.0,0.3246392419241797,6,222.0,0.48982494792985815,3,32.0,0.3292029367607987,6,180.0,0.36156599492906416,10,402.0,0.12232563121200875,100,3240.0
290.0,120,1003.0,2.8575498575498575,5.152984287004543,31,776.0,0.10891402683117368,9,121.0,0.3027456602230639,2,12.0,0.0,3,12.0,0.5292258189529597,8,354.0,0.34680148706509,7,272.0,0.369925680149221,1,3.0,0.41472885047916525,5,18.0,0.3180541475872331,2,34.0,0.3404577043337561,5,23.0,0.436135416317617,20,673.0,0.10859017609588792,4,520.0,0.28247857371624796,0,111.0,0.5881486376674011,0,15.0,0.8161746246196243,8,202.0,0.3472176383096269,15,466.0,0.11278503120701605,120,3612.0
295.0,144,1469.0,4.138028169014085,4.7335367216321105,32,933.0,0.12587815239649136,3,117.0,0.4158614993864198,2,22.0,0.4140960928154861,0,11.0,0.6881084693487287,13,407.0,0.34077625203497386,14,326.0,0.1667481348959999,3,11.0,0.08387169146477017,1,24.0,0.31197461794230247,3,27.0,0.44876205968419697,0,23.0,0.6700247467660952,27,795.0,0.10947836682455907,8,549.0,0.20379929528723856,3,116.0,0.24574426015875744,0,4.0,0.9120120389996978,13,256.0,0.2794624001250506,22,563.0,0.20525267762340352,144,4184.0
300.0,184,2140.0,6.1671469740634,4.315252649750205,33,1096.0,0.07820163423392212,1,52.0,0.525976790082836,0,0.0,0.8845083315087452,4,12.0,0.5392266262614085,20,490.0,0.2213320899841866,18,412.0,0.05286664058029304,3,23.0,0.20568394482697863,1,12.0,0.8183442689362337,1,23.0,0.6817464933548354,2,12.0,0.616156682205254,32,948.0,0.1079476030365132,15,611.0,0.09742151028398097,10,155.0,0.04459456514303571,1,4.0,0.49111197990826155,16,275.0,0.12603629677520709,27,691.0,0.18941638308615116,184,4816.0
305.0,178,2553.0,7.252840909090909,4.343579179762162,36,1269.0,0.07304391584142038,3,57.0,0.4552377881134854,0,0.0,0.8583724491842686,1,18.0,0.46477173351177586,26,606.0,0.1006408492068987,12,371.0,0.24516567145722978,0,18.0,0.6289501508295705,0,7.0,0.9001117351141413,1,9.0,0.8121879502859125,1,14.0,0.4208364002701913,29,962.0,0.12783425415280908,20,707.0,0.04798856980862573,6,139.0,0.36070643011549103,1,15.0,0.37724712689193274,15,248.0,0.15298911710573546,27,828.0,0.20552949226969291,178,5268.0
310.0,161,2609.0,7.328651685393258,4.723251325521142,32,1299.0,0.10977746894762844,3,72.0,0.5295019767556969,0,0.0,0.8407200082552526,4,19.0,0.2402838798545303,28,742.0,0.057156040578985386,2,239.0,0.45397992097447765,0,8.0,0.8772222040156958,2,6.0,0.25157458734316557,1,6.0,0.4928087964564339,5,22.0,0.4386864714217405,23,832.0,0.13625563370331217,20,811.0,0.3015920859665385,0,52.0,0.6519827863253944,2,16.0,0.7112256719655478,8,257.0,0.18895578439899405,31,977.0,0.055727629573717886,161,5358.0
315.0,146,2476.0,7.074285714285714,4.8543307974116985,25,1163.0,0.13721013935553006,3,89.0,0.6925888612155353,0,4.0,0.6014809014419529,1,17.0,0.2098839055259157,29,886.0,0.14879290835413855,0,176.0,0.44521572371303936,0,2.0,0.8811869628619747,1,13.0,0.2320093321185086,2,13.0,0.5465100610900029,6,54.0,0.5351822000189218,18,681.0,0.13612498844366522,22,913.0,0.2754132288758023,3,54.0,0.2418944246005241,0,8.0,0.8906049049090105,7,270.0,0.14376796424901542,29,1004.0,0.04581581698151151,146,5347.0
320.0,143,2300.0,6.666666666666667,4.762905847622425,17,1253.0,0.15725614577150257,3,104.0,0.7049247800655187,0,4.0,0.8983520489727254,0,6.0,0.7706497291997874,31,1037.0,0.16486055338188108,7,199.0,0.09466417185156253,2,3.0,0.43519069105887204,0,4.0,0.8903235775612846,0,7.0,0.5959260104841928,6,84.0,0.538551550231559,8,680.0,0.1998313169916917,28,1038.0,0.13382109536853376,6,85.0,0.11347334713465927,1,5.0,0.510387867597275,13,324.0,0.1294800371193206,21,813.0,0.1512639023082146,143,5646.0
325.0,127,2097.0,6.008595988538682,4.8040903635820795,13,1326.0,0.17776908761781676,0,40.0,0.4314167680099239,0,4.0,0.8981720648852312,1,4.0,0.7627777465097437,33,1195.0,0.06518091987646386,5,167.0,0.13779474566761635,2,11.0,0.2508065204624662,0,4.0,0.908587804363343,0,4.0,0.7554023552515892,10,120.0,0.24937248859756053,6,693.0,0.31957189214559995,32,1194.0,0.05461628919543493,0,64.0,0.6310166548140792,0,8.0,0.38129307424812764,14,337.0,0.22093024456045596,11,834.0,0.2937669819928668,127,6005.0
330.0,128,1916.0,5.521613832853026,4.741495427477287,10,1240.0,0.18570583629702742,3,15.0,0.4832713602893548,1,5.0,0.36210818195785816,2,11.0,0.3734112867365112,35,1364.0,0.003403246110611108,1,65.0,0.5761358697490587,2,16.0,0.7425048007520633,2,3.0,0.4145962359125463,0,4.0,0.8680742413976121,8,121.0,0.21757890825938134,6,636.0,0.3014323581006412,26,1152.0,0.048358973056804234,0,8.0,0.7852486111134351,4,17.0,0.5363243373299927,16,401.0,0.19329889863483365,12,885.0,0.240773988546668,128,5943.0
335.0,112,1840.0,5.139664804469274,4.4903701194310335,9,1030.0,0.19223323338992923,1,14.0,0.613296699060329,1,5.0,0.25635125240391093,0,10.0,0.22360014038302525,36,1543.0,0.04102536956429379,1,60.0,0.6981445207124118,2,25.0,0.7964217004188585,0,8.0,0.18444277488631283,1,5.0,0.8119745095705291,2,57.0,0.37929163814626043,7,583.0,0.15062884226209114,21,872.0,0.10305435262493347,0,4.0,0.7662360403864333,0,18.0,0.553878364371177,17,482.0,0.0928098091905843,14,945.0,0.11166924096675601,112,5661.0
340.0,114,1662.0,4.629526462395543,4.5001842260199,6,1003.0,0.20783739416493055,2,16.0,0.7363009893805403,1,6.0,0.7240030442151496,0,8.0,0.7840360982536886,31,1542.0,0.14257942428963344,3,76.0,0.572599755330283,1,6.0,0.3016906137818863,2,16.0,0.5994720833995784,1,5.0,0.43581317565644534,2,57.0,0.34398177310161415,13,642.0,0.0883509617074673,13,884.0,0.2662409314661933,0,7.0,0.7996133322553403,2,10.0,0.2612372185420979,16,562.0,0.040150054938999306,21,1038.0,0.051864761214109684,114,5878.0
345.0,119,1288.0,3.6179775280898876,4.7945722356456715,11,1046.0,0.1935948235972317,2,8.0,0.38086650360356544,2,9.0,0.6329471549088697,0,8.0,0.8968387316757797,22,1366.0,0.18160150396165392,3,91.0,0.6382008954803177,5,19.0,0.13142566238634967,0,8.0,0.8684245416896267,7,29.0,0.342484154321114,7,81.0,0.3841531383377225,12,689.0,0.16062289804728533,9,937.0,0.27289142412106565,0,3.0,0.8521725325176501,0,10.0,0.6025658696049063,18,571.0,0.06422649396058037,21,1024.0,0.10409370424304316,119,5899.0
350.0,86,834.0,2.342696629213483,5.334980974813305,9,969.0,0.1912566290730511,3,17.0,0.43132037084329405,2,19.0,0.6646053907098574,0,2.0,0.46932926033866246,17,1065.0,0.12482009121109315,0,36.0,0.7472298890388099,0,24.0,0.5701595533538429,0,4.0,0.9003287042395922,2,39.0,0.5339697375029958,1,74.0,0.45941039380085663,18,736.0,0.17326687474315633,7,849.0,0.152853438403447,0,7.0,0.8080908272829301,0,4.0,0.8985154217991951,14,496.0,0.214096312244994,13,876.0,0.23526962781759117,86,5217.0
355.0,85,492.0,1.3369565217391304,5.634957486843963,7,775.0,0.22863586895831967,3,19.0,0.5516547649092041,2,29.0,0.7342218287507916,4,17.0,0.16076545407742504,4,1110.0,0.18196678518291515,1,5.0,0.7716465017644777,1,10.0,0.8183400778158698,2,8.0,0.41802577611227354,3,23.0,0.6786296718338017,2,22.0,0.6911304732242604,20,723.0,0.07493683823895117,8,606.0,0.14842538079457773,0,4.0,0.8406368014007481,0,0.0,0.700032669998365,17,572.0,0.23116166726013831,11,877.0,0.1369993584196853,85,4800.0
360.0,75,328.0,0.9060773480662984,5.051179853576356,6,800.0,0.17058198963976293,3,24.0,0.6692758585690795,0,4.0,0.5583443710567877,0,22.0,0.5832683424781141,7,1122.0,0.29322358282420363,1,1.0,0.4729318813343265,0,6.0,0.6444516552716133,2,14.0,0.22013590039627934,1,20.0,0.3420426901043422,4,23.0,0.6333566817005091,22,579.0,0.09251106541640033,4,621.0,0.29927453646874436,0,6.0,0.7909493845866815,3,8.0,0.2586775102417229,13,638.0,0.12805307805743693,9,933.0,0.13681060233354816,75,4821.0
365.0,103,504.0,1.4038997214484679,4.840269297740378,12,847.0,0.17917929742907793,5,43.0,0.3425840401815133,0,0.0,0.6932249260579674,0,4.0,0.8601255144857501,13,1174.0,0.26137383110640783,5,18.0,0.111647482511861,5,16.0,0.2315173259554877,1,12.0,0.7889428273434992,6,36.0,0.3564744848125905,1,16.0,0.38956173810069267,15,606.0,0.2358600191691344,7,631.0,0.2947881520636992,0,4.0,0.7774816230665441,8,39.0,0.2065477544647875,11,610.0,0.10148870955317534,14,997.0,0.22339434423077648,103,5053.0
370.0,100,506.0,1.393939393939394,4.8387775831964275,9,774.0,0.20640294773289694,3,46.0,0.412090731045518,2,10.0,0.25537306434437784,1,7.0,0.6115686606320562,16,1106.0,0.09395339397648962,1,31.0,0.20134070653266417,9,60.0,0.14883445308663948,0,6.0,0.880938578500274,2,39.0,0.4851635953257047,5,26.0,0.45074687390663365,12,653.0,0.2696765638729768,15,686.0,0.2265205049542425,0,4.0,0.8861727093503592,2,46.0,0.6411886194603708,8,501.0,0.23663854837545187,15,930.0,0.28163018559939246,100,4925.0
375.0,100,524.0,1.4395604395604396,5.149901272778656,8,585.0,0.21470642450936916,2,18.0,0.6793515284344034,2,20.0,0.6636123612676903,5,23.0,0.31767662163635685,18,917.0,0.09763093838410351,1,14.0,0.7241241708981246,3,71.0,0.5673533509450498,2,5.0,0.5405899520007492,2,12.0,0.6706917501551648,0,23.0,0.6266648735004948,13,709.0,0.22300960591342486,22,781.0,0.0510860619248091,0,4.0,0.2867264252127241,0,17.0,0.7983078441499062,8,524.0,0.233148049000671,14,693.0,0.2588266283456748,100,4416.0
380.0,104,637.0,1.7032085561497325,5.204053944066502,7,319.0,0.24588624473993181,1,10.0,0.7666455964534717,0,4.0,0.808442325890134,3,32.0,0.26124758644912593,14,643.0,0.22530689309660426,0,8.0,0.8081906207204399,0,30.0,0.7919409314443726,6,26.0,0.04365610332027583,0,9.0,0.7434503158422483,2,11.0,0.6997967078541478,15,672.0,0.07381614860352191,27,910.0,0.05710344833185209,6,28.0,0.10324718218641563,2,3.0,0.3951076440664858,11,570.0,0.1665194954148495,10,696.0,0.25414277760899917,104,3971.0
385.0,100,729.0,1.9234828496042216,5.085708502506706,3,324.0,0.2737217698203717,2,17.0,0.5595587049615324,0,4.0,0.6578332731362017,3,26.0,0.745385274579329,7,669.0,0.2679858480263396,2,10.0,0.6205439373591612,2,8.0,0.3757077461831399,3,41.0,0.47405602853378626,1,7.0,0.47010392154661507,4,22.0,0.5238764809990851,16,509.0,0.11840844421086898,29,1054.0,0.15014062715693316,1,33.0,0.5459050326382711,6,25.0,0.0054848881652333915,12,543.0,0.13078280008756768,9,737.0,0.19968528302849275,100,4029.0
390.0,102,752.0,2.0434782608695654,4.882437072663007,8,341.0,0.29875030933973956,9,48.0,0.2574797653016805,0,4.0,0.8600074849597669,3,41.0,0.7283736807893082,7,665.0,0.2548891252233594,6,31.0,0.48120754536665383,3,11.0,0.06522986333208906,0,14.0,0.7931683769686264,2,7.0,0.3916606361765837,1,19.0,0.34756240768346386,11,512.0,0.23877163750674327,28,1043.0,0.17092010749612907,0,13.0,0.7666466006709711,1,34.0,0.23448758912160464,10,443.0,0.1296471890667274,13,792.0,0.1639947163671884,102,4018.0
395.0,117,775.0,2.066666666666667,5.080265739592317,9,290.0,0.2493001103724834,13,108.0,0.24851459821709548,0,8.0,0.8267319044566682,7,62.0,0.2765808084690723,8,585.0,0.14913606184338862,12,80.0,0.35165731034670444,2,14.0,0.19277639885502007,2,17.0,0.7419590140307188,2,9.0,0.5122499568358234,2,14.0,0.6784058755516844,14,559.0,0.2582304883541134,23,839.0,0.15737789975788785,0,4.0,0.8486716279430613,0,8.0,0.8569530459091144,7,463.0,0.1977225926555965,16,740.0,0.07911922312083922,117,3800.0
400.0,114,861.0,2.283819628647215,5.222924859358264,8,181.0,0.21683758866323644,13,173.0,0.41654943692441754,0,4.0,0.8612747333347851,13,110.0,0.0007273768644049898,6,401.0,0.23897209100341393,12,140.0,0.36160984519163586,2,23.0,0.5541877837114455,2,27.0,0.7908373942898543,1,8.0,0.5390942188616088,2,6.0,0.7865866361417437,14,619.0,0.14112363802003727,18,731.0,0.20903602254588147,0,8.0,0.8135624726597425,0,4.0,0.9043836158229054,10,505.0,0.18277281112827506,13,578.0,0.10889770494321585,114,3518.0
405.0,101,886.0,2.356382978723404,4.322721196069502,1,144.0,0.21029179027367664,13,238.0,0.30069057670773086,0,4.0,0.8709002995733813,7,113.0,0.1693577082520785,5,408.0,0.1887047593281657,12,204.0,0.1547589295434547,2,33.0,0.7116486250118921,4,40.0,0.4455249475260672,1,10.0,0.7169778921628998,2,13.0,0.5084011132931873,24,726.0,0.07169356140430634,8,721.0,0.22355974148265711,2,10.0,0.5852661753624703,0,0.0,0.4944487788280181,8,469.0,0.11603954466153435,12,573.0,0.1670466523297761,101,3706.0
410.0,118,1043.0,2.730366492146597,4.096762400819959,8,160.0,0.2276298955101347,19,320.0,0.1559838980536719,1,6.0,0.4153978496245983,0,54.0,0.5962521292628957,10,447.0,0.10960982404750613,17,277.0,0.13502955621603918,0,0.0,0.8053240674279732,3,25.0,0.07926743181756186,1,3.0,0.6250626315330112,1,9.0,0.46407175245697346,26,838.0,0.13115237747409172,7,727.0,0.3139907259525686,6,34.0,0.33682263514902416,0,2.0,0.4468162058305874,9,442.0,0.10561132701081563,10,612.0,0.2423192590345256,118,3956.0
415.0,143,1559.0,4.091863517060368,4.393321317141456,8,164.0,0.23830566003594805,21,426.0,0.17152106470353048,1,10.0,0.44808985421024994,1,61.0,0.4926785284393116,15,518.0,0.09687514864792916,18,364.0,0.13599817030376757,0,0.0,0.7916751576841554,3,20.0,0.25676196159629244,3,13.0,0.484712295120861,1,7.0,0.7628582953089825,32,964.0,0.1612670311483633,13,757.0,0.20550754551335634,11,80.0,0.07435848490621372,0,4.0,0.9182223489139619,6,464.0,0.19002110000240646,10,540.0,0.320472308051557,143,4392.0
420.0,139,1576.0,4.147368421052631,4.085533055472718,6,119.0,0.23025144075401388,21,531.0,0.24682108183662022,1,11.0,0.7958151955188275,5,75.0,0.47460554630484114,15,477.0,0.16276587823956892,13,377.0,0.08006037663413984,0,2.0,0.7386181917163104,1,10.0,0.6261803959794602,4,33.0,0.32467603232068526,2,7.0,0.5886821931390445,32,985.0,0.055670849433619024,14,704.0,0.15987932083623785,6,100.0,0.09610109259344217,0,6.0,0.7796214050950645,11,486.0,0.20059426615741074,8,366.0,0.2446287319851126,139,4289.0
425.0,122,1362.0,3.6031746031746033,4.302785275180453,6,134.0,0.20362690587225007,24,641.0,0.13552649218893123,2,17.0,0.5294931605474921,6,104.0,0.4335426212807736,10,330.0,0.27085957722737614,4,265.0,0.3757517594015455,0,4.0,0.8608887160688008,2,13.0,0.7100718471320909,1,25.0,0.4223805701505084,3,20.0,0.43915820649123727,28,848.0,0.07716932862300073,12,543.0,0.2749857971153797,1,69.0,0.5482239276582977,0,4.0,0.8326603798057104,18,561.0,0.11784062448735236,5,390.0,0.12756118797083565,122,3968.0
430.0,110,1372.0,3.5916230366492146,4.35459393895747,9,169.0,0.21048068596485373,27,771.0,0.12256071788203173,1,13.0,0.3267296376593883,3,84.0,0.4184555951712969,9,220.0,0.2742276160567504,2,227.0,0.4881258716974037,0,8.0,0.8036969804494927,0,0.0,0.4136955209475775,0,1.0,0.7848357656013326,0,13.0,0.48727271506770903,16,938.0,0.20999253068490886,8,574.0,0.18600593869168977,2,60.0,0.632100193313398,0,6.0,0.8852075488226847,25,676.0,0.07046978856906459,8,423.0,0.17192015508959288,110,4183.0
435.0,140,1732.0,4.6063829787234045,4.450366181574165,14,226.0,0.194863061950084,28,910.0,0.09237080097155541,5,24.0,0.13496843505159623,0,15.0,0.556664017806007,6,255.0,0.2394046544897466,6,245.0,0.38544587834184485,0,4.0,0.879379071860036,5,14.0,0.3034055681444734,0,0.0,0.9780240491937655,0,0.0,0.8305615843944482,13,971.0,0.25535353255126164,9,605.0,0.21320990776742352,6,84.0,0.4612423091028298,0,4.0,0.8112067223086146,32,823.0,0.12223922139876811,16,489.0,0.19954902437705663,140,4669.0
440.0,139,1542.0,3.9742268041237114,4.496075065349644,15,252.0,0.14947514999980924,22,924.0,0.15152811093725693,0,26.0,0.6017677108846795,3,8.0,0.3726465927686099,7,280.0,0.23309103454202273,13,291.0,0.25059487694204996,1,5.0,0.6493160412189304,0,19.0,0.5668930048126266,0,2.0,0.7250092761671872,1,2.0,0.6456729069774996,9,916.0,0.20575572325894612,10,550.0,0.15316187327726544,10,128.0,0.3377593419437734,0,4.0,0.8721872770394098,32,864.0,0.1711797956623173,16,474.0,0.2410567407596787,139,4745.0
445.0,126,1143.0,2.8863636363636362,4.672572286913922,13,223.0,0.1888666562131674,14,799.0,0.2774962127668913,1,7.0,0.8246599905568522,2,17.0,0.5174193981515953,8,273.0,0.18901960217008204,20,376.0,0.11626025661532066,3,15.0,0.23861212752014133,1,5.0,0.4633221019540886,1,9.0,0.6954440151339221,3,12.0,0.45121664771887127,8,767.0,0.1292186155290075,7,384.0,0.2300263889984725,11,183.0,0.3652035104510721,0,0.0,0.588764301556504,24,727.0,0.09074596371777441,10,376.0,0.25769444395973184,126,4173.0
450.0,100,901.0,2.3043478260869565,4.535675974566987,12,231.0,0.1982605357865287,11,553.0,0.2480242431137317,0,4.0,0.8353249976513438,1,11.0,0.8041989807593595,7,226.0,0.15823341461187232,22,491.0,0.1860212732766437,0,7.0,0.5886623464082196,0,8.0,0.633008139000535,0,6.0,0.7871388635957752,0,7.0,0.5179928564181135,7,710.0,0.14449455453211113,5,363.0,0.1524857103333992,11,238.0,0.23349962918427822,0,2.0,0.4225277615352634,18,823.0,0.11058325933209372,6,412.0,0.14806433144163608,100,4092.0
455.0,99,894.0,2.328125,4.553531532665011,11,287.0,0.21504491028596373,5,572.0,0.2732624442358412,1,5.0,0.5081668583700668,2,15.0,0.5071931434183321,3,222.0,0.24643380632913578,24,605.0,0.16121324283360614,0,2.0,0.8735281234338648,0,8.0,0.8989916188069984,0,4.0,0.6012491010168975,0,0.0,0.967063108632342,6,721.0,0.26663826091431575,9,399.0,0.15778679252128103,17,313.0,0.19901629398117,0,4.0,0.8298241876936151,12,880.0,0.2237676119745933,9,438.0,0.21395243977027567,99,4475.0
460.0,123,1179.0,3.0544041450777204,4.366494551743947,13,347.0,0.2043426140787773,8,592.0,0.31135775930008935,1,9.0,0.25829971427328285,3,16.0,0.20226090201816344,8,238.0,0.24512579587982491,29,739.0,0.17767831431276385,0,2.0,0.8603772131505387,0,4.0,0.7871013150214178,5,20.0,0.30879658213058064,1,2.0,0.6628658037001397,13,764.0,0.28822560854414914,7,353.0,0.29300508633621847,19,410.0,0.25700871050325763,0,4.0,0.9054332900098411,7,816.0,0.2743267599850799,9,401.0,0.19275827450008443,123,4717.0
465.0,130,1280.0,3.240506329113924,4.146693840094385,14,362.0,0.17941866565852005,8,533.0,0.20905894980998704,4,22.0,0.5371636521982956,6,26.0,0.4597656866058457,15,293.0,0.15452888310769985,23,744.0,0.09082495851886681,0,4.0,0.589313978500927,2,8.0,0.21966626682066726,6,44.0,0.28372391064285934,2,15.0,0.49786471910782726,15,720.0,0.1286834894762907,2,158.0,0.35995400469545075,19,501.0,0.2593062303884778,0,0.0,0.6121411913122699,5,614.0,0.20150917448496228,9,291.0,0.235185639012629,130,4335.0
470.0,110,1172.0,2.900990099009901,4.3085095762323515,11,329.0,0.197055709019849,7,349.0,0.31835188394687214,0,21.0,0.7952213039908569,1,31.0,0.697582328221884,20,383.0,0.07423035917861504,18,627.0,0.10908905254283902,2,12.0,0.6114826542269197,3,27.0,0.16978313082504537,3,37.0,0.5623033126598784,0,7.0,0.6741670464612309,17,593.0,0.091921352186243,2,166.0,0.33309682228663123,21,600.0,0.04857176672434164,0,2.0,0.5083538594675622,4,629.0,0.1265503929384576,1,241.0,0.2181215752787409,110,4054.0
475.0,119,1162.0,2.8341463414634145,4.318764176016604,14,266.0,0.22547714211449071,4,365.0,0.2524250838035404,2,6.0,0.5309225595906059,3,14.0,0.47435796127915253,22,417.0,0.1609223118240094,7,634.0,0.24444485481832742,2,22.0,0.7696260889436269,3,42.0,0.5641039789988808,2,32.0,0.5417554647189536,0,4.0,0.8908938005916529,12,594.0,0.10714741503984622,7,191.0,0.19524418167430332,27,726.0,0.034325320594300095,0,4.0,0.8903134025477014,7,652.0,0.15749823755175205,7,261.0,0.32114382122165547,119,4230.0
480.0,133,1356.0,3.373134328358209,4.223379104153352,7,294.0,0.2509641696462333,8,393.0,0.21467787022856086,0,5.0,0.13557512834776317,7,43.0,0.1306675860813214,17,394.0,0.27097788412234025,9,656.0,0.3072338890716729,0,4.0,0.6998306693463048,0,17.0,0.8505551607110832,6,44.0,0.3238308329166944,0,0.0,0.69489285879091,12,632.0,0.11489456275470622,13,244.0,0.22267261830695004,27,861.0,0.16383488144038216,0,4.0,0.8630425678771041,13,706.0,0.22157013844648268,14,319.0,0.23845377573362414,133,4616.0
485.0,151,1619.0,3.929611650485437,4.307300078642403,7,305.0,0.29979597748200787,11,342.0,0.22104748641329375,4,13.0,0.1774328054164391,1,42.0,0.5630696343785022,16,471.0,0.18528781099585284,17,715.0,0.1901500624493304,5,13.0,0.3920226232819505,2,7.0,0.5555889384064979,5,57.0,0.3226103524006763,1,7.0,0.5737811528526426,9,583.0,0.2362409162014746,12,230.0,0.21249919997803826,27,996.0,0.2117679844318155,0,0.0,0.6362413793374707,14,672.0,0.224272636634611,20,409.0,0.13642737666888344,151,4862.0
490.0,145,1861.0,4.389150943396227,4.483733403402989,15,364.0,0.20818882917474163,10,203.0,0.21994357231321898,2,15.0,0.46613056233843037,0,4.0,0.8818407375030948,13,541.0,0.12633506314202556,22,808.0,0.21651599590211174,1,19.0,0.20600542004411604,2,13.0,0.143156047620382,2,32.0,0.6363880192114473,0,4.0,0.7676635843704912,5,442.0,0.33765893355284526,11,196.0,0.22196673115378773,27,1131.0,0.19207355663613607,0,4.0,0.3624625150131476,12,561.0,0.11723149508096556,23,520.0,0.1571988798363123,145,4857.0
495.0,146,1783.0,4.245238095238095,4.143517134175138,21,455.0,0.12855425907717702,7,128.0,0.28366559551437087,2,15.0,0.618936222876715,0,4.0,0.5422089071610662,9,525.0,0.10896059215596046,22,797.0,0.1478180195811551,4,24.0,0.44203682643909487,1,14.0,0.5148867357668978,2,19.0,0.6791029248612914,0,4.0,0.908884551364964,8,468.0,0.24422823490218354,4,184.0,0.16142340959611892,26,1124.0,0.0529477775276987,0,8.0,0.7363002728293545,13,615.0,0.12872116000554001,27,645.0,0.015625631982500752,146,5029.0
500.0,143,1510.0,3.61244019138756,4.297119811484882,21,500.0,0.13367964717308242,1,118.0,0.364355512440368,0,0.0,0.7176291972910309,6,26.0,0.30502980362091203,5,401.0,0.247368087501456,15,681.0,0.1670302528269707,4,46.0,0.603061128816786,3,16.0,0.592370016418746,5,36.0,0.4396555096297434,2,6.0,0.5185976571827481,10,510.0,0.1696332532183841,7,212.0,0.14736692234610294,23,910.0,0.2101365745766132,0,8.0,0.8669674897580595,12,670.0,0.2510365722997792,29,790.0,0.1359751813096144,143,4930.0
505.0,140,1427.0,3.4302884615384617,3.9081790676883688,20,474.0,0.17171353091526337,5,109.0,0.42591071723155954,2,7.0,0.11256319401646257,1,30.0,0.360794741474281,7,432.0,0.24602858920546303,11,731.0,0.10540634603966588,0,32.0,0.4923273474682728,6,35.0,0.41152180036267355,9,76.0,0.1660016297055808,0,5.0,0.4749215251535808,15,579.0,0.07916261865510815,14,270.0,0.2282325515395979,11,916.0,0.2753347864400608,0,4.0,0.7929597845199472,10,629.0,0.28904532077644496,29,937.0,0.15378717802839417,140,5266.0
510.0,153,1399.0,3.284037558685446,3.6538657137120585,16,520.0,0.17050707222659137,11,155.0,0.21825162913192225,4,31.0,0.5022963945482408,2,11.0,0.7242707105951175,10,470.0,0.1469477504029117,10,780.0,0.14399847563183776,1,6.0,0.2712936189519605,3,40.0,0.1374663826272352,15,144.0,0.19164406118891267,1,1.0,0.5371789950665897,16,547.0,0.07433200834321435,21,361.0,0.2869349393787537,8,946.0,0.24762033003070022,2,8.0,0.4252510411652932,10,515.0,0.1454053856164784,23,942.0,0.09658711131597678,153,5477.0
515.0,151,1258.0,2.912037037037037,3.9692169642579587,13,584.0,0.19143275364241694,17,234.0,0.14406846951580773,4,53.0,0.6930046168115959,1,2.0,0.5432325233300198,14,533.0,0.09851745185980487,14,840.0,0.10590812629282892,1,10.0,0.13337996911482217,1,18.0,0.35945459239248234,10,167.0,0.2181402194895292,1,6.0,0.5716883797774848,13,385.0,0.1996712171957793,18,397.0,0.3003175213983087,13,1003.0,0.1792739399127999,1,12.0,0.2053957673767583,8,509.0,0.09502592142078273,22,764.0,0.09240857170341356,151,5517.0
520.0,129,865.0,2.011627906976744,4.371866769401978,7,559.0,0.22188072229977426,19,284.0,0.18651109786683473,0,36.0,0.5578882170846177,2,11.0,0.45211472201928704,14,531.0,0.17855429193700878,16,810.0,0.08545897283640475,1,11.0,0.324679671052166,1,18.0,0.8047373373046912,2,131.0,0.39817449037344277,1,10.0,0.8037358568216043,11,271.0,0.31378989150427666,16,357.0,0.1540796904549083,16,943.0,0.13564007106811374,0,7.0,0.7600328944111427,8,531.0,0.12101120383698055,15,843.0,0.12219009472075773,129,5353.0
525.0,111,548.0,1.3110047846889952,4.4769272856703655,5,418.0,0.21185656966139269,10,254.0,0.31639743712559704,3,10.0,0.26891160111551243,1,1.0,0.02590865305290523,13,458.0,0.30098199866221415,13,653.0,0.253769671870494,0,8.0,0.8665978037090997,1,23.0,0.8494389117482442,2,112.0,0.496972724652285,0,2.0,0.6979971610100263,7,309.0,0.2242771667350438,17,402.0,0.08386275935531609,12,766.0,0.11616971269447943,1,9.0,0.7606249541029108,14,575.0,0.15655614907574264,12,894.0,0.11025243934532501,111,4894.0
530.0,105,421.0,0.9976303317535545,4.565246657776962,5,404.0,0.22104461642171574,1,217.0,0.26915200703301684,6,40.0,0.23477139002635752,3,15.0,0.4273353008750749,13,512.0,0.23182980528866381,11,650.0,0.2345038678115909,0,8.0,0.897577502262369,1,4.0,0.38637070768432785,8,135.0,0.4385394999824493,4,14.0,0.5464235929272714,7,345.0,0.22257028449887487,8,440.0,0.17008648895570758,11,749.0,0.25049012212654304,1,9.0,0.7458678569985275,16,542.0,0.23145887400029927,10,833.0,0.2616075256741685,105,4917.0
535.0,113,489.0,1.1319444444444444,4.574936341974423,8,432.0,0.2141880659894825,7,232.0,0.2865481249156048,7,74.0,0.5028271088792158,0,7.0,0.7549006740082268,14,581.0,0.16084196702426548,10,701.0,0.10620747198391045,1,6.0,0.6604575852644357,4,16.0,0.08482499505790797,8,133.0,0.247564009222854,1,16.0,0.45343768113664334,13,398.0,0.2542171201145547,11,424.0,0.21763134522926866,10,803.0,0.27966991673382036,1,8.0,0.3855145073024869,12,420.0,0.21937490358791537,6,621.0,0.28525502673747793,113,4872.0
540.0,116,579.0,1.3433874709976799,4.36896798539198,14,488.0,0.20860760476375947,12,282.0,0.20020478769484104,1,62.0,0.5683109523520209,0,2.0,0.7042135256303369,11,555.0,0.11989170199727439,15,767.0,0.15919188291132066,6,26.0,0.4231463682514817,5,42.0,0.3218267174448162,4,91.0,0.3223633742687394,1,10.0,0.7978643033820131,14,404.0,0.23182621592037678,9,356.0,0.237820052245724,8,719.0,0.14511945119939484,1,15.0,0.6437690514219327,9,420.0,0.11984056144868108,6,604.0,0.21698237276809113,116,4843.0
545.0,126,675.0,1.5661252900232019,3.9096128732452526,20,574.0,0.16196220216084334,19,365.0,0.14140574811224207,2,17.0,0.2832719843937138,2,10.0,0.5739705147889786,6,452.0,0.22844446773097707,15,710.0,0.22825902948388052,7,64.0,0.21764302411160613,0,32.0,0.466397628007774,4,74.0,0.3717492259892343,1,7.0,0.7510153036387824,13,348.0,0.17186507547463628,5,368.0,0.21741024107069182,9,540.0,0.14497114464040647,1,9.0,0.8040202484967338,12,481.0,0.12255878908073281,10,643.0,0.13414608806358802,126,4694.0
550.0,119,650.0,1.5081206496519721,4.194176110273279,21,588.0,0.13412337268647923,18,400.0,0.18494087725316102,4,24.0,0.28251687608725123,3,25.0,0.7728887196055667,5,421.0,0.2391183742214034,10,488.0,0.18330494452651594,2,58.0,0.4277807735912625,0,6.0,0.5469886601809287,8,101.0,0.31412112781794765,3,14.0,0.6155919033616329,14,379.0,0.16208343491231328,9,362.0,0.1774428191842433,4,508.0,0.26107007039161934,1,10.0,0.8209696381633382,10,437.0,0.14386303478165532,7,590.0,0.27976890859197356,119,4411.0
555.0,104,545.0,1.2557603686635945,4.505649358939412,19,527.0,0.14840907380831786,10,348.0,0.3022798753337046,4,48.0,0.6352429882963809,0,11.0,0.6801567928500997,6,425.0,0.1474225530009604,12,541.0,0.12491683000069015,2,24.0,0.6332975962843987,1,14.0,0.5938054331143292,4,96.0,0.5133471355985308,1,11.0,0.41799523808698347,14,439.0,0.14563511490062855,14,408.0,0.143128265295199,8,529.0,0.29433073811627414,1,9.0,0.26611646531502464,5,324.0,0.25518028464592596,3,432.0,0.39235085812976517,104,4186.0
560.0,111,515.0,1.197674418604651,4.464435207401375,18,612.0,0.16662050925950117,6,367.0,0.22336479578738272,0,30.0,0.8290423307745923,4,13.0,0.3419184889827206,11,467.0,0.14322261186687638,11,595.0,0.1617270753719543,2,22.0,0.23129218724493725,2,23.0,0.7610371335990772,2,41.0,0.6108221231209436,2,16.0,0.7325428278417786,10,423.0,0.1264968266366446,17,414.0,0.050328277760696434,14,586.0,0.1712519793688312,3,22.0,0.571424887119496,5,315.0,0.28277799937513154,4,401.0,0.25529967153613653,111,4347.0
565.0,138,799.0,1.815909090909091,4.195743193727402,14,690.0,0.17399145936322,10,402.0,0.2431900684822846,2,7.0,0.5614210399166607,10,52.0,0.06673995287975204,18,546.0,0.13859148205657484,15,657.0,0.2580654595182358,7,49.0,0.37190256853929377,1,7.0,0.5784499399287667,3,50.0,0.336447340402096,1,5.0,0.7888774619595676,6,344.0,0.237261786414743,14,357.0,0.2544675680714837,21,679.0,0.12491106246533308,0,12.0,0.7862089841942468,8,339.0,0.17986377035855583,8,430.0,0.18251668664933865,138,4626.0
570.0,153,997.0,2.286697247706422,3.84553297061149,8,655.0,0.19409840037804751,10,382.0,0.18782951789321706,7,32.0,0.3573644292074416,13,114.0,0.2924476577455088,24,656.0,0.1501657284352747,15,623.0,0.2760122546787995,2,49.0,0.6013421372793403,6,26.0,0.3570105211998055,9,81.0,0.3283349355032077,2,10.0,0.5622892413937497,4,351.0,0.23672765243148522,8,370.0,0.23793515380409339,22,659.0,0.14328658336943004,0,4.0,0.6026193088931742,9,329.0,0.12760718738034454,14,496.0,0.12139049831045791,153,4837.0
575.0,138,893.0,2.015801354401806,3.8637734243308386,7,528.0,0.20272930390225197,7,287.0,0.31273310784430847,1,35.0,0.12422487612007832,7,135.0,0.415448230116346,26,686.0,0.08229406725169514,16,464.0,0.16205993076891656,2,22.0,0.6425540304710894,0,27.0,0.5081967717844507,4,79.0,0.5380441089826832,2,12.0,0.4241112953328971,9,387.0,0.12234538297897733,8,404.0,0.15580726614130974,17,476.0,0.2558712278159516,2,11.0,0.6139749031198148,8,264.0,0.2312131359596639,22,590.0,0.19213489107018347,138,4407.0
580.0,120,710.0,1.581291759465479,4.161120050634207,5,468.0,0.2312054459215549,5,303.0,0.2251697623601985,3,21.0,0.4130613846689723,2,96.0,0.4259645509810876,27,632.0,0.0843693853556743,8,477.0,0.15817952041565095,3,27.0,0.39550818493132517,3,15.0,0.5703802561921401,2,37.0,0.5947088021543621,2,18.0,0.7299888932375024,9,370.0,0.12113707930553172,13,463.0,0.1378247228046897,9,494.0,0.26138516927374583,2,21.0,0.7769661542535928,6,248.0,0.28147313650769745,21,581.0,0.2083352674302689,120,4271.0
585.0,102,543.0,1.2039911308203992,4.21785162723508,6,494.0,0.2328743821947229,8,325.0,0.19776184766259539,0,9.0,0.8382820632708968,1,88.0,0.3177799580826913,16,679.0,0.2215461644828935,6,494.0,0.16468569374261333,4,34.0,0.2683571886854216,2,16.0,0.22924982945351077,1,20.0,0.4045090860404276,1,5.0,0.7561212451114537,7,271.0,0.23873713889164497,12,448.0,0.21780477427491612,8,541.0,0.1840755563385379,2,10.0,0.5793566259868539,8,269.0,0.16619543389663965,20,428.0,0.1653274662024145,102,4131.0
590.0,128,607.0,1.3399558498896247,4.239389481653267,7,454.0,0.21835384736068142,9,296.0,0.19159434391864413,0,4.0,0.8969161098353587,8,106.0,0.3243572534214408,13,730.0,0.2566405698868496,9,451.0,0.1373906925113578,8,71.0,0.2583323613259229,6,35.0,0.41781506577845134,7,46.0,0.3280525474275264,2,10.0,0.5876746755934091,6,294.0,0.2550899929897372,10,367.0,0.2393219974275961,12,589.0,0.2421507631847465,6,28.0,0.24497730235924176,10,291.0,0.10427522808132915,15,507.0,0.11118962260898585,128,4279.0
595.0,134,745.0,1.6266375545851528,4.298645725952788,6,344.0,0.22587808753952907,9,219.0,0.32187742194501695,1,5.0,0.4922350449479953,12,156.0,0.3580619155965756,7,669.0,0.18853819044212006,8,357.0,0.25033851981967353,10,121.0,0.4896733211188405,0,33.0,0.6795810661181609,8,85.0,0.5004117288939335,1,6.0,0.3901423951380126,11,330.0,0.15360449286480954,11,409.0,0.1552051037303166,13,556.0,0.25631289266372154,8,74.0,0.11772884636306825,16,363.0,0.17035460613366157,13,566.0,0.1802455968690213,134,4293.0
600.0,115,788.0,1.747228381374723,3.9208629934640413,4,354.0,0.1832426837361178,6,125.0,0.2447948340054841,1,8.0,0.1956359550928653,13,219.0,0.26337710760338834,7,546.0,0.1382396372108922,3,331.0,0.29917340221150485,4,108.0,0.4475549896034859,1,7.0,0.48845182201865195,2,75.0,0.5830502251267579,4,20.0,0.4712280372308707,14,394.0,0.1137391055765266,10,463.0,0.080802335016882,11,432.0,0.19803648313568226,8,116.0,0.5150628096914327,17,430.0,0.17445956919485583,10,529.0,0.2579927775171798,115,4157.0
605.0,120,890.0,1.9517543859649122,3.984809264425228,9,382.0,0.18453584460491806,3,127.0,0.31573310861269915,3,19.0,0.5820268962191788,13,286.0,0.30990574399044174,4,536.0,0.23142465875884852,8,329.0,0.18299548903129234,2,60.0,0.2946408381523737,1,10.0,0.6040812361741766,1,26.0,0.4288513993764361,0,15.0,0.7275041173813164,14,395.0,0.19225255660895982,15,537.0,0.11960009179681136,11,483.0,0.1287833678760165,2,104.0,0.6026787887004436,26,538.0,0.08303937294481215,8,408.0,0.2447237688717469,120,4255.0
610.0,130,1066.0,2.3073593073593073,4.174056523851365,11,351.0,0.20345736823296023,8,130.0,0.32305877052730714,0,14.0,0.8411629950616089,13,351.0,0.1761800431316811,9,555.0,0.2609502659620451,10,305.0,0.1297900998672247,4,66.0,0.2090422871828168,0,5.0,0.6927310879743063,2,19.0,0.38961715726557566,2,10.0,0.7233370184902025,11,323.0,0.2504063128985759,16,534.0,0.20017067749678547,9,528.0,0.1663511132609598,1,39.0,0.27257299082305114,30,682.0,0.01178111616630446,4,381.0,0.1325376729510747,130,4293.0
615.0,157,1282.0,2.7510729613733904,4.03040503682857,9,258.0,0.1889771947852651,14,188.0,0.28914416185622593,1,10.0,0.6030905801683515,13,346.0,0.06652361587523162,9,518.0,0.20109375954397907,7,227.0,0.2574339427946099,10,101.0,0.39606568342257403,2,7.0,0.47565883636091705,7,42.0,0.18807565608990415,2,8.0,0.4339282257613433,12,356.0,0.17359893060222445,12,448.0,0.28617163787278016,15,594.0,0.26018777014987715,4,35.0,0.11545248465571642,33,843.0,0.045539232234527084,7,392.0,0.16975545724078028,157,4373.0
620.0,180,1416.0,3.098468271334792,3.704024128072411,6,181.0,0.24781305622969851,14,219.0,0.27470141463674597,6,29.0,0.3371242479608955,4,240.0,0.3690794360629507,10,414.0,0.1277263366780391,5,238.0,0.3499900233549569,12,157.0,0.3601240788611963,3,6.0,0.0816398316274122,13,101.0,0.24043947817969735,6,28.0,0.3258833908610955,13,427.0,0.09575660159097116,15,472.0,0.23916932343692038,22,694.0,0.1895374860881547,7,56.0,0.41223144743806694,31,895.0,0.1517925980384649,13,446.0,0.11859578531495509,180,4603.0
625.0,166,1511.0,3.3063457330415753,3.7892947996280317,3,181.0,0.270072705440549,11,183.0,0.19945859382124162,2,31.0,0.40807423296384776,4,257.0,0.4413360336067803,8,445.0,0.09624520788375035,9,261.0,0.2301588832708211,15,222.0,0.2279763429505357,5,24.0,0.000725793093612905,7,116.0,0.42764920027087,2,37.0,0.4297335800702128,14,496.0,0.11513914506293105,11,525.0,0.1575897618604018,28,820.0,0.10415442588239064,7,89.0,0.4252870505681647,22,828.0,0.21508983295170928,18,528.0,0.306844205544225,166,5043.0
630.0,158,1493.0,3.2741228070175437,3.9758198840489305,8,190.0,0.27011296436999205,7,198.0,0.23109899821236943,4,19.0,0.5151211241346229,10,291.0,0.3659009001740922,11,473.0,0.10880209863568213,9,241.0,0.14089229041118803,17,309.0,0.1726772289763259,0,21.0,0.5956597156899919,1,80.0,0.4575995457847072,2,19.0,0.6984718474325984,14,463.0,0.20240221889874752,7,485.0,0.1622548221645392,26,851.0,0.07093692663398478,2,71.0,0.2452702573638559,16,673.0,0.17992108278147356,24,639.0,0.219680018496166,158,5023.0
635.0,154,1360.0,2.950108459869848,4.035703656229558,10,184.0,0.25753234228117455,6,231.0,0.26864824866127884,0,14.0,0.2955423756802031,14,359.0,0.14945482642247548,17,542.0,0.10298620960827123,12,185.0,0.1997530656450119,13,318.0,0.23474312027179406,0,4.0,0.8407482107192461,2,67.0,0.31844112597409985,0,3.0,0.7071612194274867,12,522.0,0.2268134012074982,6,389.0,0.2560858520137254,19,703.0,0.10891864087450456,5,42.0,0.47182102072069776,8,719.0,0.18576431749540626,30,780.0,0.07690435964439693,154,5062.0
640.0,152,1208.0,2.626086956521739,3.9485066497373618,7,109.0,0.2204793245980632,11,276.0,0.2537410637042333,0,2.0,0.3878934625428224,13,338.0,0.05756539316160948,17,532.0,0.18946912039339378,8,219.0,0.27176968403281343,6,220.0,0.3243390776370122,1,5.0,0.6395355957952493,7,90.0,0.2599095727666755,1,5.0,0.6051608694269405,18,589.0,0.11218953584935634,5,401.0,0.2749619684923189,14,725.0,0.23373312949890815,1,42.0,0.7216361170723449,9,751.0,0.28856435664754976,34,952.0,0.024582092325741083,152,5256.0
645.0,144,1148.0,2.523076923076923,3.8598297597302254,3,116.0,0.18352457956270907,18,352.0,0.12546712888348494,3,15.0,0.3619075339261025,5,228.0,0.36927494634732166,14,442.0,0.24471347374162902,8,232.0,0.29169948996133716,0,190.0,0.3699992891255998,5,21.0,0.5227335387126835,13,142.0,0.21886397218738393,0,4.0,0.38768089174004594,15,590.0,0.06352088288318544,9,433.0,0.21997973533956977,12,787.0,0.2747343167980988,2,30.0,0.5873370827950551,9,708.0,0.3021025245628136,28,998.0,0.1386667660045323,144,5288.0
650.0,152,1085.0,2.328326180257511,3.8861773188743687,8,136.0,0.20582362386039094,18,385.0,0.1314495292119662,4,37.0,0.5893950950034503,0,174.0,0.51835816334812,14,371.0,0.18516411648498882,14,291.0,0.12474384139635349,7,194.0,0.20646270637546865,7,47.0,0.31890832812890646,8,153.0,0.2737295848809165,2,11.0,0.540750831966976,7,483.0,0.22897025615784788,15,421.0,0.16608276848523743,13,839.0,0.22016009273550588,7,55.0,0.2912219072149036,8,750.0,0.13805044687919302,20,851.0,0.22201312944891768,152,5198.0
655.0,150,988.0,2.1021276595744682,3.86145125682051,13,191.0,0.19638939043560852,16,355.0,0.2096387857590973,0,31.0,0.6949652428191799,8,194.0,0.3852441948500675,11,319.0,0.1964944332970673,16,302.0,0.11343161319407583,9,185.0,0.1039914881717284,2,52.0,0.38575011522295066,1,76.0,0.570373124450046,0,7.0,0.7090612042991306,6,503.0,0.28627737631389916,14,350.0,0.07764281429411246,19,929.0,0.09067022033356921,9,104.0,0.07309401452587735,12,812.0,0.07082459696202147,14,926.0,0.17833355423070724,150,5336.0
660.0,137,900.0,1.935483870967742,4.151906029839948,13,216.0,0.1720269400341916,8,381.0,0.24755826195458053,0,4.0,0.4895484785796548,12,243.0,0.22026271400715414,5,336.0,0.3440854474115745,14,266.0,0.23028169896577652,2,113.0,0.543027056108757,3,27.0,0.6972449501115906,3,77.0,0.46689326508779894,0,4.0,0.8742594883177798,11,545.0,0.2002869817148517,9,394.0,0.11365229950808287,26,1050.0,0.03814571026490625,3,91.0,0.44922950836656156,17,889.0,0.13748511653526757,11,990.0,0.10945464261534389,137,5626.0
665.0,156,1167.0,2.5205183585313176,4.276079232742703,12,197.0,0.18382432348939906,9,418.0,0.26128702619801103,1,4.0,0.20565329133349539,7,235.0,0.23394141481739233,10,344.0,0.3068220432100584,11,273.0,0.2254680758051069,2,81.0,0.5208995479214036,3,35.0,0.7278384070959917,8,107.0,0.22857864139704087,0,0.0,0.7287332042046135,15,613.0,0.13087262417746515,7,394.0,0.25680191389873813,33,1199.0,0.11208366669931248,0,37.0,0.7865772504979489,24,993.0,0.21013730257600285,14,1054.0,0.2105099573654257,156,5984.0
670.0,193,1647.0,3.4746835443037973,3.790516875047868,11,254.0,0.18676248756596317,14,479.0,0.21699625708663076,7,26.0,0.0007056161583915323,3,135.0,0.4402738446700478,15,375.0,0.2127993880358183,10,325.0,0.17580908444441565,8,107.0,0.18448226300032947,6,58.0,0.14613253789003464,7,112.0,0.26224760933324287,3,10.0,0.5001993253582342,15,595.0,0.08880618796532398,12,446.0,0.25958551852554945,36,1375.0,0.13773722973509636,1,12.0,0.4608509798448456,30,1125.0,0.15398062460737008,15,1008.0,0.2007519402005221,193,6442.0
675.0,195,1857.0,3.934322033898305,3.7929909177897025,13,321.0,0.1547201293821813,16,482.0,0.13153218536080652,1,37.0,0.5292934807137796,3,139.0,0.5271127586322055,17,353.0,0.19582954215503365,7,320.0,0.149735003563529,14,171.0,0.09294017307217015,10,103.0,0.037478036624179104,2,55.0,0.38977401873662215,0,8.0,0.727287623360971,12,464.0,0.22072726756708688,19,525.0,0.19510072133986792,30,1389.0,0.09473748344948066,1,9.0,0.2890212317718772,36,1294.0,0.08224021268190017,14,851.0,0.201004200487446,195,6521.0
680.0,175,1686.0,3.6892778993435447,3.644879974679029,9,315.0,0.1984903682383883,15,426.0,0.2099970432229048,0,4.0,0.8592966418440532,8,163.0,0.2548059946510854,11,403.0,0.12616133956594808,4,266.0,0.17903083613724183,16,250.0,0.3727519599930382,4,97.0,0.36376982103737515,1,36.0,0.5357014351008689,0,4.0,0.8844640645146903,15,528.0,0.23788195982461266,29,648.0,0.007380913813926187,24,1233.0,0.08279572786315495,0,8.0,0.826081384574381,33,1322.0,0.01640049153065764,6,900.0,0.24172837137550063,175,6603.0
685.0,162,1571.0,3.460352422907489,3.8964603733805285,7,244.0,0.20674872155677185,7,427.0,0.25118555118134184,0,6.0,0.743733733434134,14,225.0,0.1616460298367702,17,448.0,0.08710328692380116,1,241.0,0.28443283374074374,12,244.0,0.3519724346383748,0,45.0,0.6933587236758552,6,57.0,0.553069913781514,0,0.0,0.7039501267874434,13,591.0,0.15320870991405952,35,819.0,0.029243101891336106,15,1251.0,0.21806408591146784,0,8.0,0.9072775689014786,26,1211.0,0.13629059924683454,9,931.0,0.22406481687647561,162,6748.0
690.0,147,1348.0,2.9368191721132897,3.687326956440281,6,241.0,0.19377401956081797,10,464.0,0.20520813764135842,0,8.0,0.7539347450794585,9,214.0,0.31979918941785024,13,446.0,0.09080939308377006,7,264.0,0.30842102703192825,8,194.0,0.2076197006532555,3,50.0,0.6218115851741731,3,52.0,0.32230962239597327,2,9.0,0.5012847857502645,14,654.0,0.10489218565121931,35,994.0,0.1265502992850571,9,1289.0,0.23899229900601027,2,6.0,0.3361646669005627,16,1241.0,0.22031682200092836,10,858.0,0.0913785715349529,147,6984.0
695.0,149,1391.0,3.0043196544276456,4.03494215958691,6,256.0,0.212123125554731,9,440.0,0.19411869249166558,0,8.0,0.8433660813925834,2,116.0,0.48261056591536433,13,394.0,0.17243794258403544,13,314.0,0.2121828121364823,7,131.0,0.20853731440100015,4,70.0,0.6179126925114763,1,20.0,0.40795411756482264,0,6.0,0.730478089803246,14,642.0,0.09054873665239017,33,1142.0,0.16976857815267044,15,1346.0,0.14868908298087025,7,32.0,0.05017546164102452,14,1297.0,0.18588585147582895,11,623.0,0.10508638146956543,149,6837.0
700.0,137,1436.0,3.088172043010753,4.11049638818911,12,286.0,0.23324982331480082,8,307.0,0.20167477940055623,0,4.0,0.8591780187380553,3,117.0,0.37487408151509555,7,407.0,0.23214617158473416,14,325.0,0.08904409340758528,2,128.0,0.35966018519836346,6,93.0,0.35182172116022903,2,18.0,0.532076725889135,0,4.0,0.891192689818206,13,662.0,0.1704304087568202,35,1306.0,0.06431157792686658,15,1265.0,0.046878069678881834,1,39.0,0.481681237735851,14,1360.0,0.12689475099299719,5,646.0,0.2733102697111746,137,6967.0
705.0,157,1507.0,3.213219616204691,4.104028630396778,17,359.0,0.14776682262313418,4,298.0,0.248683303894681,2,6.0,0.3550175740708855,10,153.0,0.11594974602391013,10,416.0,0.1887089112751866,11,282.0,0.24785633617530875,6,120.0,0.49099042687710237,10,139.0,0.27083829817667765,5,36.0,0.5143150949410411,0,0.0,0.6823784134893505,17,742.0,0.2143401738917169,30,1331.0,0.030483804212226982,12,1046.0,0.2689717506219525,0,14.0,0.8408182271391111,16,1290.0,0.07421467536580757,7,663.0,0.3128069150633509,157,6895.0
710.0,166,1461.0,3.0887949260042284,4.173207985281671,23,463.0,0.10334035632064546,6,314.0,0.24624814695970543,6,29.0,0.0033543702154783593,8,146.0,0.0483936556844157,14,458.0,0.1798651659288847,7,292.0,0.3015495579468206,11,157.0,0.4116702298160744,11,142.0,0.29455948046835423,5,46.0,0.2898795461458573,2,10.0,0.4478930917256403,18,830.0,0.16444937260571904,22,1200.0,0.19785479185864988,7,1024.0,0.3302888865253349,1,9.0,0.6071491835924488,11,1079.0,0.14669951328320843,14,717.0,0.2466768536643182,166,6916.0
715.0,157,1391.0,2.9345991561181433,4.007128150174285,24,516.0,0.12389874113411137,13,366.0,0.1964953608851661,7,66.0,0.33983124020510536,0,82.0,0.28452222037953284,16,466.0,0.10175767784890613,7,325.0,0.31992808669655065,11,164.0,0.21655845214580594,3,96.0,0.24102415987921494,2,24.0,0.4218958297800018,0,6.0,0.7761011101429133,20,921.0,0.11922931014235837,16,1118.0,0.28433383055290046,8,1055.0,0.17941228425674838,0,6.0,0.3306446669683916,10,991.0,0.27763582477487025,20,805.0,0.03259936693392133,157,7007.0
720.0,187,1389.0,3.0064935064935066,3.7225370101055932,21,502.0,0.16876239023498113,19,452.0,0.2221434766371788,7,103.0,0.4936942335484237,2,86.0,0.41042985882161764,18,409.0,0.1324182593993308,15,381.0,0.2514902437350806,6,125.0,0.21520073747424337,6,105.0,0.3171507681595949,3,29.0,0.3096181658072107,0,4.0,0.9026444102398866,27,1041.0,0.03657368853901966,10,1176.0,0.20110047951523086,15,1115.0,0.11276248038595366,6,23.0,0.4199531931909474,12,1050.0,0.2952196122736394,20,772.0,0.021960717197981712,187,7373.0
725.0,201,1631.0,3.6004415011037527,3.3615236104604374,17,553.0,0.18617708951187553,25,565.0,0.13222152234175924,7,138.0,0.5447300653462569,7,113.0,0.39677781742130663,12,438.0,0.2197218614053357,20,472.0,0.10461261070242556,5,124.0,0.2539188908499824,9,131.0,0.2100671901084712,7,53.0,0.3829485530227796,2,7.0,0.555106782789514,27,1046.0,0.032166139708738474,14,1207.0,0.19166380287028462,21,1206.0,0.1539743918265979,0,26.0,0.6097537995731185,13,1111.0,0.23616940778115594,15,633.0,0.13178866190531005,201,7823.0
730.0,196,1564.0,3.4148471615720526,3.3687680623579936,13,627.0,0.19745621532915583,25,593.0,0.15304900585261408,3,113.0,0.3617822639475169,5,95.0,0.1502642429977521,12,479.0,0.21663588183597748,26,593.0,0.0027642431403219923,9,143.0,0.28578257679845087,9,142.0,0.06113848541138482,1,53.0,0.4463799663227301,1,9.0,0.39384651152248373,22,921.0,0.20603640604993695,18,1277.0,0.1410513603723392,22,1157.0,0.18916722823340926,1,10.0,0.29243121073249284,16,1036.0,0.09312179131280897,13,704.0,0.27650379205274106,196,7952.0
735.0,178,1452.0,3.177242888402626,4.063899112137346,8,600.0,0.22542297063708738,18,517.0,0.19131734502428827,4,42.0,0.2591138081161233,6,49.0,0.4286853561426581,14,535.0,0.14898705075044738,25,639.0,0.053028038677261864,11,194.0,0.16449798480387787,3,106.0,0.20748176526798934,2,20.0,0.7281651869657233,4,19.0,0.5792870675071065,15,901.0,0.2622751557932632,25,1387.0,0.048231070404171364,17,956.0,0.1339236434197719,0,7.0,0.5276093897385972,16,817.0,0.08274046340605154,10,753.0,0.3164379315755571,178,7542.0
740.0,141,1350.0,2.9347826086956523,4.280363159212403,7,498.0,0.20799252942533514,8,524.0,0.25939093421520165,2,41.0,0.15151167031578558,1,52.0,0.6690123766985973,19,623.0,0.06060949602551592,15,574.0,0.23237429883785407,11,253.0,0.3094736170536161,0,77.0,0.31456972237767555,0,4.0,0.803945255130563,0,19.0,0.6637543540903246,11,910.0,0.19992334737589243,31,1537.0,0.03174213773959828,10,948.0,0.11736700101357107,0,8.0,0.766367988830145,9,802.0,0.13034742498241075,17,819.0,0.22313734119551829,141,7689.0
745.0,167,1541.0,3.447427293064877,3.7835226428621915,7,530.0,0.17902264643820134,10,565.0,0.21305185363224097,6,59.0,0.4224153209261275,2,30.0,0.5063451670943482,26,746.0,0.13087654668433837,9,593.0,0.2673567782385932,12,311.0,0.35352966183744977,6,95.0,0.33638203649969334,1,6.0,0.5030737291108077,3,8.0,0.4690560646882615,12,968.0,0.1493757463960937,34,1702.0,0.12665757331683813,8,979.0,0.25583692406035574,0,8.0,0.5659518300003554,11,826.0,0.22273905478089637,20,775.0,0.10225694666356788,167,8201.0
750.0,183,1695.0,3.8175675675675675,3.5525338927118657,12,577.0,0.1758679468276886,9,521.0,0.21759375105933348,6,89.0,0.6136454832770739,2,17.0,0.20830174409632432,26,781.0,0.1523552612459794,9,626.0,0.20673246979715534,16,381.0,0.1816980140587441,4,87.0,0.43913133589229375,2,9.0,0.38142620679033074,7,34.0,0.3197856234251551,18,1046.0,0.20273717710621023,30,1692.0,0.19060758784719414,15,1039.0,0.23757871455267127,0,4.0,0.6028980439010506,6,727.0,0.23162561303288526,21,616.0,0.09099272446263315,183,8246.0
755.0,170,1564.0,3.4755555555555557,3.4569252810297724,11,553.0,0.19716133549240042,7,413.0,0.24181334643025926,2,60.0,0.5581589541648111,6,30.0,0.19465507829466128,23,722.0,0.094264277041486,14,686.0,0.1510284773452422,13,370.0,0.10095494997818048,1,41.0,0.26759052058495086,3,17.0,0.6484770627237353,7,69.0,0.5208669462519948,25,1157.0,0.16699752561828554,21,1481.0,0.12225035183941702,20,1124.0,0.2030672108579844,0,4.0,0.5288766515819016,5,574.0,0.11895734491381994,12,624.0,0.11833467330879675,170,7925.0
760.0,168,1532.0,3.308855291576674,3.7170868692079693,9,455.0,0.21190441873569824,6,276.0,0.2980101799559668,5,25.0,0.42370784545395734,2,37.0,0.4657190396995275,19,640.0,0.14146821279731686,15,665.0,0.19021013844473095,5,258.0,0.21321978653498527,3,42.0,0.4291529437886995,4,32.0,0.6434781549244153,7,104.0,0.4919040038642527,32,1300.0,0.06723972824218613,17,1204.0,0.12449379437586477,26,1243.0,0.04742230428860781,1,5.0,0.268164783314965,5,597.0,0.15842912943637688,12,658.0,0.12161606245272506,168,7541.0
765.0,150,1458.0,3.211453744493392,3.734636335752277,12,447.0,0.18669350422464392,2,279.0,0.28370478883611094,5,38.0,0.22684707904570628,1,16.0,0.7420459098384814,7,684.0,0.28100986305044745,14,556.0,0.21835896569822294,2,192.0,0.43953627539870155,3,51.0,0.6718391714274499,1,24.0,0.5274602604530373,7,99.0,0.2479988166616577,34,1465.0,0.000677234048978881,8,1260.0,0.19123300247752978,32,1394.0,0.011474168317828947,1,7.0,0.46038371321737315,11,632.0,0.20433610195740518,10,592.0,0.1355495383574798,150,7736.0
770.0,155,1607.0,3.5318681318681318,4.319497362307488,9,459.0,0.22784331678395778,7,295.0,0.29974947803140156,6,42.0,0.42232821315437974,1,12.0,0.6504663845562894,8,690.0,0.2894063669185379,11,390.0,0.191988203592166,7,210.0,0.4847169364390408,5,69.0,0.4148539744276503,5,23.0,0.2994631348012813,2,36.0,0.3676201209113792,36,1648.0,0.02331875004995978,9,1261.0,0.31020492615037704,29,1361.0,0.1420784541616314,1,16.0,0.4783325750475497,11,580.0,0.1947338525487972,8,472.0,0.28671761722038414,155,7564.0
775.0,152,1559.0,3.3526881720430106,4.359050189073569,13,498.0,0.24752729099723264,7,275.0,0.23369762191014848,2,44.0,0.3878627905707771,1,17.0,0.49880157305033307,15,749.0,0.1668493073965224,8,260.0,0.28359913165659034,13,263.0,0.3533707483099012,10,106.0,0.14954162985978214,5,47.0,0.33113200507560275,2,36.0,0.33973233758636795,30,1648.0,0.13430696941196307,12,1234.0,0.2612177283418471,19,1119.0,0.2623805806104807,1,9.0,0.652380555585014,11,419.0,0.09454324893886876,3,400.0,0.34246719134246517,152,7124.0
780.0,150,1399.0,3.0086021505376346,4.042225828678536,18,575.0,0.17449551038801284,6,194.0,0.20176481852436504,5,35.0,0.29786077464929467,1,10.0,0.41407962669071546,19,743.0,0.10309872392664893,2,267.0,0.49680720882078555,12,237.0,0.12986416107525847,11,166.0,0.09009439844965948,2,34.0,0.5505853680037002,6,57.0,0.5131788562582082,22,1453.0,0.25569580485805743,16,1300.0,0.18481567076681174,14,1106.0,0.203131503975527,1,14.0,0.8211440404940491,8,470.0,0.09868551452839541,7,425.0,0.19966280520756507,150,7086.0
785.0,161,1434.0,3.0706638115631693,3.9768289764192257,24,683.0,0.11872685848871917,5,213.0,0.2359845723543193,4,34.0,0.4413705821139081,0,7.0,0.615416547560361,14,592.0,0.202059871203797,7,268.0,0.49422938091335095,14,191.0,0.10113254064994219,11,221.0,0.4264575905875068,2,28.0,0.45445336033052836,7,92.0,0.506583349973397,16,1458.0,0.2411673897818294,18,1387.0,0.05922470036828852,11,1163.0,0.12944441395042722,1,7.0,0.6767945751537857,13,511.0,0.12917455435980663,14,480.0,0.12856450767277752,161,7335.0
790.0,184,1670.0,3.5836909871244633,3.8441983203419126,31,823.0,0.10126430444385771,9,240.0,0.2537660822396376,8,45.0,0.3730221340187554,2,6.0,0.5249643937234899,12,605.0,0.24463005362955617,14,319.0,0.2609132742942663,7,218.0,0.263971434267942,11,276.0,0.36346005349260774,8,56.0,0.3051089747880882,10,134.0,0.24543095370058188,13,1528.0,0.20750303300545958,23,1491.0,0.1494806300873702,7,1023.0,0.2565344328930489,5,21.0,0.4319387938089992,10,454.0,0.2691506361256766,14,473.0,0.20869060234606676,184,7712.0
795.0,189,1880.0,4.008528784648187,3.8887934650129816,31,875.0,0.10790753199662058,10,224.0,0.1805412589429515,4,57.0,0.37533640522888784,6,34.0,0.48604916831600964,10,657.0,0.16964811878166716,20,407.0,0.006807387653912474,8,232.0,0.30610363368050253,17,345.0,0.17282676045063777,11,109.0,0.2624003593641927,13,194.0,0.2086837070263472,9,1419.0,0.15940128160173397,26,1619.0,0.17613180344808468,2,732.0,0.31598872348281115,6,53.0,0.5207977776796802,6,276.0,0.2738159235485713,10,373.0,0.298686445785072,189,7606.0
800.0,192,2163.0,4.572938689217759,3.695220091951905,24,803.0,0.15855702351301998,6,152.0,0.41296132340459374,7,43.0,0.49847289258132627,8,66.0,0.36588614785701096,13,712.0,0.11547313876466411,25,525.0,0.04921163861540978,10,217.0,0.12653374616486615,17,435.0,0.038805521358568955,11,166.0,0.409273891184048,8,192.0,0.25200697525663535,8,1232.0,0.1434218831814573,30,1759.0,0.09126060310975889,3,666.0,0.28734035477756065,6,83.0,0.4805966824253938,6,283.0,0.14559175450347275,10,379.0,0.2460752086220538,192,7713.0
805.0,176,2076.0,4.379746835443038,3.5554221214904125,13,837.0,0.20590961875032654,4,96.0,0.3483951867585807,2,40.0,0.46319105181762016,7,84.0,0.4196057617132958,12,679.0,0.12185943856541552,25,654.0,0.2218199149409896,9,183.0,0.13685367854747632,12,411.0,0.2718315268032322,11,221.0,0.42920807017805807,3,116.0,0.3440696522059486,7,1252.0,0.08740764123940435,35,1928.0,0.0005513050486714323,8,696.0,0.24665346460471418,4,73.0,0.1519762615871231,12,334.0,0.11952252443764347,12,435.0,0.2561910790154249,176,8039.0
810.0,164,2022.0,4.339055793991417,3.7237924540523255,12,904.0,0.19225267161723575,2,81.0,0.3458360045070862,6,31.0,0.417767956615569,2,53.0,0.2617212915696624,10,547.0,0.2152248409747251,25,779.0,0.2656882215213761,2,163.0,0.4102786318005686,3,288.0,0.3674284422992258,16,291.0,0.19420594298962873,4,121.0,0.2653845770931318,12,1294.0,0.18985949450472706,30,1879.0,0.045684307675260244,14,759.0,0.19104043956987524,1,21.0,0.3182440033247659,12,373.0,0.2202691426233053,13,489.0,0.2153125197445923,164,8073.0
815.0,200,2337.0,4.930379746835443,3.7948117090609257,13,964.0,0.1959923604106582,8,92.0,0.2797342054991698,7,60.0,0.37015851619568,2,43.0,0.20396403228955987,10,555.0,0.2214682570549892,29,912.0,0.18042356926381678,6,171.0,0.4094787274081339,2,229.0,0.427114237471912,21,386.0,0.1640406459744304,8,146.0,0.35447570170304254,17,1367.0,0.22201767308256012,20,1580.0,0.20910905122835866,20,848.0,0.2624466387725052,3,23.0,0.43298911190718026,15,370.0,0.1353522864173122,19,580.0,0.0512996156341517,200,8326.0
820.0,226,2573.0,5.338174273858921,3.4339557802078513,16,923.0,0.17209138524358059,13,150.0,0.2626294581598306,7,99.0,0.35353771773236675,8,60.0,0.1657361618075147,12,611.0,0.14576531120381417,32,1065.0,0.14141603410657216,7,168.0,0.39763436128696567,6,249.0,0.26294253855642497,18,413.0,0.17466659038613233,3,119.0,0.40961986719601146,23,1470.0,0.10468564686131189,13,1555.0,0.2978829655750089,25,961.0,0.07871609286261391,6,49.0,0.4605933293564362,17,327.0,0.08406425152581942,20,583.0,0.07931713103214766,226,8802.0
825.0,197,2280.0,4.8,3.436252589236042,14,772.0,0.17066774802227444,9,165.0,0.42119331719136593,7,134.0,0.5135622524005081,4,66.0,0.12990259963996692,9,576.0,0.134181967555144,27,1075.0,0.06697647581117055,4,123.0,0.301352759166876,14,309.0,0.23102396908424033,10,336.0,0.24065779416630112,2,29.0,0.6028796780818025,29,1601.0,0.03064861806977528,10,1611.0,0.24787405644209773,29,1097.0,0.00011316477558758525,0,42.0,0.2549961720651482,13,384.0,0.09866046811871018,16,470.0,0.1340027892574054,197,8790.0
830.0,183,2155.0,4.575371549893843,3.7828139067343955,12,563.0,0.2237453207499589,2,93.0,0.43731903219660573,7,169.0,0.43650856203265354,1,18.0,0.33381991268305566,7,520.0,0.2256548156990479,22,945.0,0.07864428733352288,9,146.0,0.30136878401929157,12,291.0,0.22721297048895348,0,278.0,0.4322331762860991,1,27.0,0.7075676947158419,35,1764.0,0.028607500812396842,14,1668.0,0.18848272695375512,29,1244.0,0.016319793980232804,5,23.0,0.068191244886498,14,423.0,0.21234053652990686,13,500.0,0.29390910287564287,183,8672.0
835.0,164,1815.0,3.8617021276595747,3.833485372678571,7,591.0,0.27110472318826745,2,96.0,0.3140941681938529,12,218.0,0.08607854685887585,1,12.0,0.2618672915206351,7,549.0,0.204347296468078,17,751.0,0.17354634563393057,7,170.0,0.4100370676244419,8,182.0,0.42597456019338903,8,297.0,0.2752582821229673,3,31.0,0.45190624353710956,31,1737.0,0.04513448526210169,15,1524.0,0.08781293876790472,23,1198.0,0.19645890211012518,1,34.0,0.4618411540225794,13,449.0,0.23117888121887603,9,548.0,0.2980281898623085,164,8387.0
840.0,138,1234.0,2.625531914893617,4.177792628169335,7,603.0,0.32320281916873755,8,122.0,0.27063517510929347,9,209.0,0.04278079048613527,0,6.0,0.750900884413375,13,595.0,0.0987989739434146,5,780.0,0.34014528293716184,10,192.0,0.2817992132168924,1,171.0,0.3484162190502293,7,262.0,0.212750983207684,2,21.0,0.32905763439361235,23,1487.0,0.19478871771475922,13,1188.0,0.2403045066430538,13,853.0,0.30449041101208496,0,13.0,0.8408796073242796,14,415.0,0.12323875819834737,13,602.0,0.18481976401394903,138,7519.0
845.0,147,1011.0,2.132911392405063,4.295189136901428,14,661.0,0.22979738137926575,14,178.0,0.13580950283535503,1,102.0,0.35951141376334167,0,6.0,0.8532070094825569,13,555.0,0.07953292115232997,7,768.0,0.3657712684883864,16,258.0,0.18249847330868305,8,196.0,0.18137035541835494,5,179.0,0.26818822221923544,2,17.0,0.606776122011814,18,1576.0,0.2820193209023233,12,1233.0,0.2521009714967157,10,898.0,0.19142614673784208,0,8.0,0.6894811410290982,13,469.0,0.08581707760820399,14,585.0,0.09314961117527167,147,7689.0
850.0,160,1017.0,2.1320754716981134,4.313035523716321,16,646.0,0.1825080810426658,20,271.0,0.17321313376566164,3,104.0,0.5319986411530949,0,4.0,0.8319567681991504,10,426.0,0.2179534825525071,13,825.0,0.22556091031455197,19,350.0,2.837900159153358e-05,8,176.0,0.1638365275916656,3,159.0,0.3276376010848554,3,16.0,0.6195499744774188,13,1647.0,0.20658239214136326,11,1290.0,0.21656218663040236,8,947.0,0.14192435326801237,6,28.0,0.28717109484959197,15,527.0,0.17972794476615478,12,485.0,0.23308659813225047,160,7901.0
855.0,159,1148.0,2.4956521739130433,3.7752977825828467,15,548.0,0.18101790895771297,20,373.0,0.2909562559069046,7,131.0,0.48084747291415025,2,8.0,0.22233398514768624,9,410.0,0.27551984284971603,17,786.0,0.061583754865564944,19,449.0,0.03594805598276373,0,119.0,0.49545711826999317,8,185.0,0.24299563363897442,5,30.0,0.3154378417423696,11,1508.0,0.09481441163758303,11,1142.0,0.16659830456277785,6,851.0,0.2946531009640781,2,39.0,0.4319094795156944,17,606.0,0.1641584082788414,10,535.0,0.2746593939080221,159,7720.0
860.0,174,1515.0,3.279220779220779,3.7562860388187365,15,388.0,0.20519497434042805,22,476.0,0.2241399492521222,13,184.0,0.07156840801021144,0,9.0,0.5513601577812209,11,455.0,0.22548846662121305,15,639.0,0.18516632588625484,19,544.0,0.30838081725599453,3,125.0,0.4312801413690152,14,242.0,0.19834084012157843,3,36.0,0.3317176599840914,14,1210.0,0.09911782944978995,8,796.0,0.21621928940725454,4,630.0,0.37465048894572267,3,28.0,0.6585329113876582,22,701.0,0.05040041964077106,8,572.0,0.18034144298723911,174,7035.0
865.0,166,1649.0,3.5847826086956522,3.5876812522229096,7,422.0,0.2728682967711054,27,601.0,0.13642477080014462,15,256.0,0.09577199727730458,0,2.0,0.9094425948432008,10,421.0,0.20555517468268195,9,685.0,0.28977067629636677,16,530.0,0.26559113357462644,8,161.0,0.18217127816300072,9,238.0,0.28093391381155824,2,12.0,0.5246123299770131,8,1252.0,0.10989377532198759,6,738.0,0.20513127704138948,2,530.0,0.255807723307125,2,23.0,0.5865548866698882,30,835.0,0.020641950762222135,15,630.0,0.041457349422571683,166,7336.0
870.0,162,1556.0,3.346236559139785,3.9655896564600677,8,432.0,0.30121483549798156,31,751.0,0.08025205382793253,9,243.0,0.36859606627679026,0,4.0,0.5761354074120023,9,344.0,0.1640237117556885,8,709.0,0.23123915251476446,10,396.0,0.2187432189447042,4,148.0,0.4675413798133046,1,136.0,0.3341986738248592,3,18.0,0.5531174015180371,12,1280.0,0.2029003183607853,8,763.0,0.25087799755261025,8,556.0,0.18097444404468377,7,38.0,0.2873355153514232,30,879.0,0.13724681040038506,14,625.0,0.19546936182220515,162,7322.0
875.0,141,1306.0,2.8207343412526997,4.6835183948658665,11,390.0,0.23873475409998401,27,797.0,0.13359996220486567,0,152.0,0.5934761651389835,0,8.0,0.7159283940513653,10,306.0,0.12817692182553678,16,771.0,0.07675163159592933,7,249.0,0.20696506179522042,0,49.0,0.7575483706920534,4,44.0,0.4985930867670682,3,30.0,0.734289000448491,8,1145.0,0.2522943451458029,13,823.0,0.19779458454290705,8,479.0,0.1417522540147792,2,49.0,0.37644496446738446,23,818.0,0.20770103496100029,9,477.0,0.40151571789088847,141,6587.0
880.0,120,990.0,2.138228941684665,4.15333090167205,9,352.0,0.20126598904382248,20,721.0,0.17291970265463993,4,164.0,0.3297679500919974,0,8.0,0.8918738804705494,7,325.0,0.16246811271973538,16,728.0,0.11177375414796173,3,267.0,0.29793044466558294,3,54.0,0.48563358572076915,2,47.0,0.519373864066728,1,15.0,0.5605419470526127,4,838.0,0.17371730085546436,20,907.0,0.1496312433337273,5,298.0,0.15952958751058743,4,34.0,0.658979784301802,16,816.0,0.1826770239564887,6,468.0,0.2492817555485537,120,6042.0
885.0,120,838.0,1.8217391304347825,4.071102021601898,7,377.0,0.14578493712448137,14,747.0,0.20013198597244336,9,200.0,0.11515537770031606,0,4.0,0.9165607706918689,9,325.0,0.26138453721248894,12,556.0,0.26943664331624007,7,268.0,0.435820839918645,9,86.0,0.1253460080680703,3,51.0,0.704209532136639,3,10.0,0.4246991686802379,2,857.0,0.11787733265571065,27,1027.0,0.032622517967867075,0,232.0,0.33764688495848083,1,22.0,0.5431873169837078,10,878.0,0.129717118860503,7,503.0,0.2383199480888658,120,6143.0
890.0,166,1141.0,2.4328358208955225,4.018093299344384,12,401.0,0.150760978098393,12,810.0,0.21159112643662747,10,189.0,0.09198367654581373,0,4.0,0.6106363469793432,15,363.0,0.18920357836187252,9,503.0,0.2736439876223918,13,319.0,0.39432563867197234,9,88.0,0.13442368470641491,5,69.0,0.3312233775102273,3,10.0,0.3115116190471105,8,888.0,0.2170470734988509,33,1179.0,0.1325454183551915,7,253.0,0.40046231677494143,5,29.0,0.314293312181084,12,936.0,0.23756251957496857,13,555.0,0.16574243051039822,166,6596.0
895.0,173,1263.0,2.6815286624203822,4.07425296251599,16,373.0,0.15875669110820817,9,766.0,0.24374336745545055,2,119.0,0.41110408689070455,0,4.0,0.8079297865351928,20,367.0,0.05844929742286511,8,550.0,0.2085664039883147,19,400.0,0.15305439915247143,1,52.0,0.5184045954702099,4,54.0,0.3700633093059021,7,34.0,0.3479409172400093,14,950.0,0.2108978888830586,27,1133.0,0.16059763897748117,13,306.0,0.23194667609625175,6,57.0,0.42882307734424524,12,897.0,0.22114068534569872,15,531.0,0.12700633022087657,173,6593.0
900.0,153,1156.0,2.5185185185185186,4.0039861362205675,14,306.0,0.1592288750267683,6,590.0,0.22550734440563516,0,77.0,0.630038838757505,0,8.0,0.8350455934236385,22,346.0,0.05710530758277436,6,487.0,0.15528434801878313,21,508.0,0.08663429860634235,1,47.0,0.4316417478894809,1,21.0,0.6529926901547723,3,48.0,0.5242285750024954,18,869.0,0.08948556575693317,18,932.0,0.12431498441489941,19,392.0,0.2545390851986487,0,46.0,0.5243403716953737,12,762.0,0.14050970836000254,12,373.0,0.21491150389179345,153,5812.0
905.0,150,1206.0,2.6505494505494505,3.741800048673449,17,336.0,0.15411607360634735,2,559.0,0.23195641450314822,6,96.0,0.4963723994158137,0,4.0,0.9266881985054497,14,419.0,0.09753011845975804,5,336.0,0.1737955412766196,21,613.0,0.19168268674571812,8,75.0,0.1728374835833938,3,20.0,0.687422487585802,3,28.0,0.7171937986844577,21,883.0,0.03646428738375047,12,943.0,0.12591622568617608,21,489.0,0.05293390853308722,0,2.0,0.42954273608191973,11,773.0,0.10437032617795794,6,363.0,0.17653026902369073,150,5939.0
910.0,161,1117.0,2.460352422907489,3.39107413927402,16,408.0,0.1708186680864796,9,581.0,0.23221160963115758,13,145.0,0.13606364808818022,2,6.0,0.6535434626224462,15,461.0,0.1995303750565651,3,303.0,0.21043536783382447,17,597.0,0.1998575911105539,8,117.0,0.05092450209154044,1,12.0,0.49117238581771944,3,32.0,0.38115520261107627,23,999.0,0.03264093988657059,11,999.0,0.22726793041197724,19,487.0,0.047408930449574276,2,5.0,0.09569396871974567,11,825.0,0.11329415952847259,8,393.0,0.2780784422094172,161,6370.0
915.0,153,992.0,2.234234234234234,3.7999393774346375,13,415.0,0.1900139011979303,7,527.0,0.24233803072911958,17,223.0,0.00027780026685400507,3,17.0,0.41770366078026394,8,443.0,0.25939183261342663,7,331.0,0.21938161624436642,13,463.0,0.35152049944604014,2,108.0,0.598807953971886,5,28.0,0.3036760574302774,9,59.0,0.2283601366315357,18,1082.0,0.10604576892860489,7,893.0,0.3021354973046271,10,380.0,0.3080201685506669,5,32.0,0.6124981560168048,14,890.0,0.12207800882667959,15,451.0,0.24333849402531554,153,6342.0
920.0,129,860.0,1.894273127753304,3.9286960230596852,18,477.0,0.18877568939941358,3,376.0,0.23684740319732492,11,236.0,0.06316506550167145,3,38.0,0.21891994080729002,6,357.0,0.1802506932921932,13,381.0,0.1613236287772633,5,497.0,0.22936299210948294,0,36.0,0.8693153551015168,3,40.0,0.5468460665877939,6,72.0,0.32055174356279004,18,1129.0,0.21067287286323363,7,648.0,0.18348962706538674,5,412.0,0.3845556439413954,0,30.0,0.7098362912079704,14,852.0,0.19140446305223824,17,437.0,0.08748999783021406,129,6018.0
925.0,124,797.0,1.7288503253796095,4.1720507013550465,25,592.0,0.12227277303015568,3,355.0,0.2494181701330854,1,171.0,0.4922730372559352,0,21.0,0.7864759873074243,6,384.0,0.09650589525563985,14,363.0,0.07408416048982286,8,536.0,0.19951498924205083,1,23.0,0.4607579721009207,3,28.0,0.6066161980216035,2,48.0,0.5913856937648413,20,1053.0,0.23969603022540098,6,615.0,0.14859013581529437,9,444.0,0.18256002500181695,2,8.0,0.42456938098949454,11,699.0,0.22149704796874065,13,315.0,0.2187628240332749,124,5655.0
930.0,144,834.0,1.7820512820512822,4.074336474131288,26,635.0,0.10595757111511908,8,391.0,0.2523204843086373,3,155.0,0.4449619451534099,0,8.0,0.9031076764799477,9,421.0,0.15145240453201012,12,288.0,0.11783893918590002,11,484.0,0.16710410948009297,6,49.0,0.20153677432290173,1,15.0,0.3922126375286837,2,46.0,0.502505127327467,22,862.0,0.14729852825138262,7,643.0,0.2986395633663639,15,507.0,0.058204608246878446,4,24.0,0.16838154236467623,12,758.0,0.1244757087218745,6,341.0,0.2803822833033627,144,5627.0
935.0,166,996.0,2.1652173913043478,3.7792192086488434,22,594.0,0.16906620469743197,9,355.0,0.29583863959682527,7,180.0,0.32461910461614774,0,4.0,0.5644465255080982,17,488.0,0.20043150985967806,11,342.0,0.24316290271694896,8,362.0,0.1569429970634374,1,38.0,0.520884992889322,6,28.0,0.3432095571908531,7,75.0,0.2675284358412002,19,901.0,0.0957339895573859,14,697.0,0.227772305387536,23,613.0,0.15122063551290918,0,20.0,0.5310905130745568,14,836.0,0.10153995390880201,8,357.0,0.3242290541745853,166,5890.0
940.0,158,1115.0,2.4505494505494507,3.651544333838107,18,493.0,0.21900986219244567,6,242.0,0.2730322202921216,13,240.0,0.12502563287025617,1,4.0,0.13397278076820096,15,493.0,0.16747983007267192,9,390.0,0.2439220042232339,5,333.0,0.2726660951623439,0,11.0,0.7451495981230687,7,63.0,0.5163053527448677,8,88.0,0.2670001873581705,14,957.0,0.13743611502766642,15,649.0,0.07251962688103981,27,743.0,0.22431835362349348,1,9.0,0.7625313360525773,10,779.0,0.22872884033168508,9,323.0,0.14753344264468407,158,5817.0
945.0,163,1324.0,2.9035087719298245,3.9614054929516147,13,526.0,0.260805966279839,5,257.0,0.20314708390486338,17,322.0,0.29577518197996866,2,12.0,0.3679036414369913,17,436.0,0.06575555287949539,16,451.0,0.14063380852270851,8,360.0,0.29577826857869816,0,5.0,0.6634186120236808,7,98.0,0.4445248891229092,2,50.0,0.46008392586473895,14,1008.0,0.1342692049854853,17,543.0,0.10139018720233056,27,876.0,0.20790053040706014,0,2.0,0.34035582481839405,7,553.0,0.32786207822918634,11,258.0,0.20270523597806708,163,5757.0
950.0,156,1269.0,2.752711496746204,3.3910340945013604,7,537.0,0.26474429722073944,8,287.0,0.1895729546273396,19,410.0,0.2194277859068956,2,6.0,0.5929873008315151,17,383.0,0.15788081596721953,15,456.0,0.10110822275680496,7,323.0,0.19659188424407403,5,21.0,0.45786410636730196,11,140.0,0.265121773862947,3,41.0,0.3521647422446851,16,932.0,0.06322103002265507,5,578.0,0.22901337437515287,28,890.0,0.09165975393100112,0,8.0,0.41224704906669524,7,575.0,0.2613619918216594,6,264.0,0.1553107345095598,156,5851.0
955.0,156,1166.0,2.534782608695652,3.859454580022215,11,532.0,0.25779644707948207,8,250.0,0.2042931016566123,18,420.0,0.13217791624492398,4,25.0,0.44557230697667094,8,434.0,0.3508956385798565,13,385.0,0.23495562667475145,9,223.0,0.27407858283622066,3,35.0,0.41276570711958793,13,202.0,0.23876092240628072,7,69.0,0.34639054982182593,14,746.0,0.1584113191892208,9,597.0,0.2841866610859498,22,788.0,0.15951675637110196,0,8.0,0.8626411323135456,10,626.0,0.1821047074692056,7,266.0,0.2859025473145598,156,5606.0
960.0,151,1040.0,2.236559139784946,3.808387417075403,17,591.0,0.21514260242314837,9,160.0,0.17289524256989092,12,343.0,0.11709126394651996,2,30.0,0.3838475548053809,8,438.0,0.38133672443939953,12,383.0,0.2931516315973681,5,245.0,0.13510474743406922,7,40.0,0.41133249018089874,13,269.0,0.35493853572161577,1,61.0,0.39099758836136633,12,597.0,0.309290161674026,12,562.0,0.130909534867321,13,861.0,0.20671457592232712,0,6.0,0.8788024134194988,15,692.0,0.08426693790732863,13,310.0,0.2229385140930883,151,5588.0
965.0,151,1161.0,2.413721413721414,3.94112062409184,24,695.0,0.14702634167089337,5,181.0,0.20460581272718953,2,330.0,0.3201497653958365,0,8.0,0.6679866839673865,15,496.0,0.23486022399814802,10,434.0,0.30086880222026346,9,267.0,0.1255384221497684,2,41.0,0.42439072914267534,13,334.0,0.265502520584757,2,17.0,0.599622495228597,7,555.0,0.3515977123728978,14,536.0,0.09517414272490887,12,895.0,0.20436260261644787,2,5.0,0.33634959500114414,15,659.0,0.07580756455464414,19,395.0,0.09798378176805655,151,5848.0
970.0,182,1394.0,2.8448979591836734,4.004207099334725,24,725.0,0.12601665990571673,9,214.0,0.2508502195786541,8,347.0,0.3740728653034916,2,4.0,0.5895599120266973,22,588.0,0.12533731128865264,12,483.0,0.23901364604860356,15,331.0,0.16608482321242082,6,35.0,0.4335002808311171,11,318.0,0.2297504921817928,1,6.0,0.5520338108992482,7,584.0,0.2849720180522506,10,580.0,0.18230389989024032,16,963.0,0.13036618563747146,5,27.0,0.11896779144399729,11,506.0,0.22659915206945425,23,509.0,0.15460399903665517,182,6220.0
975.0,205,1667.0,3.451345755693582,3.791543471241186,21,628.0,0.14245784348026935,10,206.0,0.25565980704114866,13,401.0,0.28297147641374615,4,22.0,0.39672442784989576,28,713.0,0.012637473960510274,20,566.0,0.15245552476514318,22,429.0,0.2594770953381436,1,35.0,0.218668335197226,4,191.0,0.3382867922588927,1,11.0,0.7866887049769292,14,643.0,0.17147944814790095,14,619.0,0.207843624685687,22,1060.0,0.04611959976544309,0,22.0,0.6090857174544876,11,462.0,0.3075594097827285,20,523.0,0.16772372697452448,205,6531.0
980.0,219,1939.0,4.073529411764706,3.6012792244136294,16,712.0,0.1891151629972293,8,164.0,0.20936231451079257,17,486.0,0.32425454447847873,1,23.0,0.08284641730888624,35,873.0,0.09366339017317113,22,581.0,0.021878542720688565,23,539.0,0.24996321210760755,8,38.0,0.058221086750151876,3,198.0,0.503386436619412,1,5.0,0.7725828329001049,17,638.0,0.08745477321306201,18,694.0,0.1393860068295105,22,1039.0,0.04956106000402098,0,8.0,0.734086407367836,13,521.0,0.26196339814257147,15,444.0,0.32018324401168785,219,6963.0
985.0,193,2025.0,4.2631578947368425,3.8178264951406327,14,786.0,0.19088486172715763,5,170.0,0.23705510322400197,19,575.0,0.15592064453557133,0,3.0,0.43089308324374953,30,936.0,0.12371234456184818,17,520.0,0.11160896790392588,23,658.0,0.3098002373200843,3,49.0,0.42238885153337524,8,230.0,0.3696838773011602,2,9.0,0.6284256643168015,15,590.0,0.19765741025971728,24,807.0,0.055722727395065036,16,881.0,0.23243921932373895,1,10.0,0.45616213392649363,7,477.0,0.17675674370798797,9,323.0,0.3544221709506256,193,7024.0
990.0,195,2141.0,4.536016949152542,3.376561586424928,16,851.0,0.19106744878180576,7,196.0,0.22976735585307842,24,686.0,0.03250122662204172,3,7.0,0.009296525799042134,23,820.0,0.12236831727959396,7,568.0,0.19504621691659035,25,778.0,0.12111883343935623,0,18.0,0.7046294712900322,14,291.0,0.17777921243745737,3,24.0,0.44683037136401255,14,646.0,0.20955889665924377,33,956.0,0.12664775706004322,7,871.0,0.31504101366924436,6,33.0,0.47112925852753124,10,374.0,0.12540166598712915,3,338.0,0.2766839025865595,195,7457.0
995.0,200,2424.0,5.113924050632911,3.16005648372598,16,825.0,0.1605211183054756,13,253.0,0.1696702831325139,29,824.0,0.11272236838197468,4,28.0,0.07776343259155641,16,912.0,0.12266129871838703,9,597.0,0.2180701717880704,29,920.0,3.728303577667061e-05,1,12.0,0.2110798305612591,19,377.0,0.16515677071219467,0,11.0,0.5241506733776616,15,701.0,0.15883261075473798,29,975.0,0.18248500376127635,7,903.0,0.2699040525673318,0,35.0,0.36199294359373607,5,368.0,0.22208215817579155,8,359.0,0.22294659815039522,200,8100.0
1000.0,215,2542.0,5.397027600849257,3.2716276881643687,13,646.0,0.17394968412844666,20,342.0,0.21272205144364,29,971.0,0.1678056086021451,0,20.0,0.6788742674546737,13,984.0,0.19268969241250836,16,665.0,0.2384292651663993,23,912.0,0.031224066312285196,8,44.0,0.14771938420001587,19,472.0,0.16546451191046274,0,0.0,0.860618417215763,18,732.0,0.11474247710060699,21,832.0,0.20368595988951615,12,950.0,0.26022596048965135,5,21.0,0.446179393641376,8,375.0,0.25208638609696393,10,341.0,0.1213278768033328,215,8307.0
1005.0,201,2375.0,5.0747863247863245,3.0103807694121456,12,696.0,0.17663768945101208,22,389.0,0.10636621531311169,30,1117.0,0.1270473156932279,0,2.0,0.9337586615114459,9,928.0,0.32224894312809915,22,760.0,0.10167962555266825,13,769.0,0.17015724733923984,2,48.0,0.5671705748117846,13,453.0,0.19397132657522817,1,5.0,0.6336645737368363,23,832.0,0.046047722641385444,14,865.0,0.11216330847606303,15,883.0,0.12516682748797517,0,27.0,0.5981252344020197,14,421.0,0.15446797859978745,11,280.0,0.10714201169160956,201,8475.0
1010.0,185,2126.0,4.447698744769874,3.4594643630023008,11,754.0,0.1966688232059781,18,374.0,0.18155542469516092,34,1277.0,0.025160201013925233,0,0.0,0.2872737960919628,7,759.0,0.29923214581673063,24,775.0,0.10357704993699403,7,765.0,0.29182924352078377,0,20.0,0.7700496721270437,5,330.0,0.40288195368914226,3,13.0,0.704574455685482,23,933.0,0.1383127014947046,11,916.0,0.13368894687462393,16,644.0,0.0932442990502469,2,11.0,0.6379464910724789,21,516.0,0.07643942732159281,3,276.0,0.2859869759706216,185,8363.0
1015.0,181,2235.0,4.608247422680412,3.3275462273008207,9,697.0,0.2177155602641863,11,432.0,0.22318078336652103,36,1460.0,0.026250396634570582,4,15.0,0.12087636164413963,10,763.0,0.13122034384491588,19,682.0,0.18784389497985143,9,804.0,0.3080493514431636,1,5.0,0.478372177607092,3,289.0,0.32906835983130894,0,8.0,0.812688679045535,28,1039.0,0.11816759252407333,9,844.0,0.11446405970536148,7,648.0,0.19439382703802116,0,13.0,0.5205542265892924,27,639.0,0.12260889515765855,8,276.0,0.295020995866588,181,8614.0
1020.0,184,2241.0,4.58282208588957,3.195638450779813,7,597.0,0.16960537709455614,9,469.0,0.18791152066929367,30,1457.0,0.1339410469507714,0,18.0,0.660845450512624,16,826.0,0.08910958145396694,14,701.0,0.2795720081178647,9,732.0,0.15316262733396502,6,34.0,0.19049041311753973,10,319.0,0.24062156348141334,1,5.0,0.5483325998548548,29,1182.0,0.052575461520729526,6,670.0,0.2457169342150196,6,658.0,0.2623006691622794,1,7.0,0.5907832644821882,26,678.0,0.1750452972035053,14,334.0,0.15837815669050279,184,8687.0
1025.0,184,2110.0,4.3061224489795915,3.641640468343208,7,619.0,0.1665047259424873,9,450.0,0.1984344562930147,20,1270.0,0.2154125739459979,0,8.0,0.9040781193276984,14,871.0,0.14760700850673583,11,756.0,0.2613911070188789,9,574.0,0.11785655568564282,0,35.0,0.6681079652764399,15,386.0,0.20674096110409182,0,5.0,0.41567281593244176,32,1340.0,0.02961515999194113,5,680.0,0.2686968551284133,12,709.0,0.2827385638626864,6,28.0,0.4261842176248437,25,588.0,0.18105349986588334,19,428.0,0.21060980853665223,184,8747.0
1030.0,189,2097.0,4.168986083499006,3.788361152211689,11,660.0,0.1624945119705684,9,356.0,0.21775287237093538,13,1276.0,0.2269530980439156,0,0.0,0.8455010263799313,19,847.0,0.08557907423849796,13,817.0,0.18888332104622024,5,593.0,0.17604450600829483,0,8.0,0.9123603672877193,18,473.0,0.35205241091611067,2,6.0,0.6098600186263131,30,1346.0,0.13512807710807065,9,696.0,0.18849332893655124,20,790.0,0.14115380177538123,2,39.0,0.22835956201909616,18,681.0,0.13576077548515603,20,525.0,0.18288408310462834,189,9113.0
1035.0,201,1923.0,3.877016129032258,3.536216007856584,12,616.0,0.15354060866327046,7,384.0,0.23818288193349774,9,1332.0,0.2616091382118294,1,1.0,0.30938028412851976,19,735.0,0.18179104751688752,21,909.0,0.09053957024066497,9,617.0,0.2768160233653231,2,8.0,0.44775305937337545,14,459.0,0.18275971507748465,0,6.0,0.5285978751241669,22,1191.0,0.2141504837662285,12,641.0,0.16863424291316356,28,919.0,0.0558733290716524,6,31.0,0.140902266496772,14,748.0,0.14894923547614516,25,640.0,0.20979090584817575,201,9237.0
1040.0,188,1911.0,3.8920570264765786,3.4740756671014212,10,479.0,0.18444087618078203,6,414.0,0.21778716725960656,8,1218.0,0.2375522552317736,4,19.0,0.07513028146045678,13,795.0,0.18438827432043817,21,888.0,0.07631323908665155,16,688.0,0.2013359710732498,0,6.0,0.32966700998379156,11,345.0,0.22721073052741225,0,4.0,0.8337064507327494,16,909.0,0.15299036585802434,10,524.0,0.27069139216997856,29,1063.0,0.05570232638980412,7,59.0,0.38596356905986645,11,715.0,0.12421506764729857,26,769.0,0.09521132898948505,188,8895.0
1045.0,160,1811.0,3.7263374485596708,3.555453347446624,7,499.0,0.17172538831084827,8,387.0,0.23015092355219716,6,965.0,0.11790476779468372,0,21.0,0.6221412886160047,15,826.0,0.14711145688450808,19,762.0,0.24936163078113877,17,651.0,0.23355743164066903,2,13.0,0.3164226988211499,2,336.0,0.2887981056355366,1,7.0,0.7769419880265995,8,956.0,0.20622395829554568,6,552.0,0.2341969980635256,34,1225.0,0.02567887650252737,1,54.0,0.42502865452878175,8,563.0,0.14066642053208195,26,903.0,0.11478729724084416,160,8720.0
1050.0,148,1563.0,3.2698744769874475,3.944431453345508,11,537.0,0.1836889588262208,7,310.0,0.2164601224872256,6,927.0,0.1319987444401965,0,8.0,0.8604738178192723,15,884.0,0.1171280653295501,12,781.0,0.22948316624505122,12,445.0,0.1261555639717607,0,8.0,0.8974766536212752,7,348.0,0.3612829256981223,2,12.0,0.549177918393592,8,983.0,0.31788967359040626,9,586.0,0.15091868316319465,29,1227.0,0.14973739186069848,0,17.0,0.4008667738568028,5,529.0,0.24296953326840579,25,909.0,0.13758710365965024,148,8511.0
1055.0,149,1294.0,2.6958333333333333,4.126843381660168,9,483.0,0.18156156285898437,3,302.0,0.22279328296309256,8,942.0,0.2129288305097183,0,2.0,0.8407514244905447,20,915.0,0.1324380976122646,11,839.0,0.17844276871400105,8,435.0,0.3042976783952705,0,8.0,0.88764904176201,11,312.0,0.20026185076640507,0,7.0,0.4407581296011941,14,1041.0,0.27188940930955807,16,653.0,0.07282391403535854,19,968.0,0.21358114407516507,0,6.0,0.8316169832471532,11,553.0,0.25314621856416325,19,782.0,0.287373743828033,149,8248.0
1060.0,150,1115.0,2.2848360655737703,3.9165866811719727,8,373.0,0.18852136119955712,6,324.0,0.26978570995637297,14,989.0,0.13170937897174412,1,2.0,0.5881720068424522,18,770.0,0.18899824652472022,9,766.0,0.14378930210554908,7,464.0,0.3668462618561719,2,7.0,0.28267988021795704,7,210.0,0.22200373115730776,3,17.0,0.7066463085514983,16,979.0,0.11403983049236718,19,707.0,0.18007067921181677,12,973.0,0.1915243054072021,1,9.0,0.8383852343094931,14,610.0,0.17981993057653725,13,796.0,0.21174445537376577,150,7996.0
1065.0,156,929.0,1.899795501022495,3.441361097271012,9,284.0,0.2012154068779423,10,300.0,0.2006197998935695,20,1078.0,0.17893765220635105,0,3.0,0.16953395255910086,16,838.0,0.1620447786393009,4,526.0,0.2676602044748702,13,514.0,0.26591242708550306,6,34.0,0.04912462925634764,4,205.0,0.27114776811395486,1,11.0,0.7245290875170443,16,816.0,0.08044308845974166,23,811.0,0.1948538213385776,8,1018.0,0.13047702631572178,1,10.0,0.8356284468141336,16,596.0,0.10616849503522546,9,852.0,0.1535007898828526,156,7896.0
1070.0,164,1083.0,2.1923076923076925,3.3776955395777253,8,299.0,0.20672016149525616,9,227.0,0.1976434032452779,28,1201.0,0.13961678811894254,0,0.0,0.3955404902417093,16,917.0,0.12542429004228442,4,539.0,0.3285093398224956,14,464.0,0.08630625304650896,2,46.0,0.5032397471299334,8,214.0,0.3704172315636168,3,11.0,0.6257336490196667,11,866.0,0.10866711046165092,26,926.0,0.05164850069817955,5,912.0,0.27820772795909693,2,8.0,0.2828409524412321,14,508.0,0.09507261951706382,14,910.0,0.13413030884687457,164,8048.0
1075.0,170,1323.0,2.683569979716024,3.713439737836858,9,298.0,0.25864942803760943,7,228.0,0.2136731595682216,29,1350.0,0.08591897851883601,5,13.0,0.4636474508111937,13,869.0,0.07532533137374448,8,575.0,0.2531651137819083,13,344.0,0.2114480412563921,0,14.0,0.8614580977942096,10,199.0,0.2144605232416613,1,11.0,0.37951651403891856,12,915.0,0.19712208724246869,27,1067.0,0.03240368870633705,4,686.0,0.3058289919381687,4,25.0,0.5081293116529357,13,562.0,0.20179225053082517,15,864.0,0.21183612561307613,170,8020.0
1080.0,174,1728.0,3.526530612244898,3.8940898809602227,13,351.0,0.17669137005059468,9,256.0,0.22313485250328116,29,1495.0,0.09355532669789982,6,41.0,0.35563500560051076,12,701.0,0.1514238316594877,13,632.0,0.11232604236332232,8,385.0,0.23806727040039755,0,4.0,0.9139320837036379,9,151.0,0.24279480212254764,3,19.0,0.6961444415650436,13,917.0,0.2832149993917452,29,1211.0,0.14408561670634729,3,636.0,0.22568977929924475,1,25.0,0.7058787802630734,13,632.0,0.19864392821311652,13,697.0,0.20802734382492627,174,8153.0
1085.0,182,2047.0,4.169042769857434,3.2551005445670533,15,342.0,0.1550425302044072,10,250.0,0.20722672666210643,34,1652.0,0.155801697705233,3,45.0,0.06311851892022882,7,728.0,0.22153319185723233,14,586.0,0.0821569443212837,9,420.0,0.21198784434735982,2,9.0,0.216002083150409,3,172.0,0.23134689957314797,0,10.0,0.7373065483417274,16,941.0,0.19075613124291227,33,1366.0,0.15099953549303133,7,663.0,0.15131103215536978,1,9.0,0.713572601432745,15,695.0,0.09120186412256819,13,762.0,0.1037907307522233,182,8650.0
1090.0,201,2551.0,5.143145161290323,3.4008138999753235,13,283.0,0.17747019601656785,8,190.0,0.29508533679486326,35,1826.0,0.11184505284963606,0,16.0,0.3658921047646078,10,746.0,0.20662256283987437,10,464.0,0.2707205734274231,16,483.0,0.1869441516832438,0,10.0,0.5157801090931324,9,191.0,0.33661194085490964,2,7.0,0.611316423203551,20,1037.0,0.0729098624110744,36,1537.0,0.06855897676966177,14,722.0,0.21316658397421373,3,6.0,0.20851624656282267,15,677.0,0.08065667892273812,10,818.0,0.22087981658321887,201,9013.0
1095.0,204,2598.0,5.280487804878049,3.3533813715681,17,275.0,0.15732060677852616,4,170.0,0.22078695970398782,29,1776.0,0.05259951583550041,0,6.0,0.7429315951770448,14,806.0,0.1253292189315465,9,429.0,0.27693169102164755,21,574.0,0.12164295900587793,0,4.0,0.8769484806324371,11,187.0,0.19876515543340018,2,13.0,0.4240269889946284,24,1148.0,0.0664894052382835,31,1540.0,0.015004257241821353,14,675.0,0.27574696017507616,4,29.0,0.24419585049177142,12,564.0,0.2240562332667658,12,817.0,0.23737505271851206,204,9013.0
1100.0,195,2380.0,4.857142857142857,3.7347393300957012,9,322.0,0.22630919830589522,8,191.0,0.20648025063298478,25,1448.0,0.06462226004027247,0,6.0,0.8378698622692679,21,897.0,0.03640794033770466,7,464.0,0.17123357275973464,28,703.0,0.03229257886246997,0,0.0,0.8398366008221494,12,163.0,0.21252772476585133,3,24.0,0.672802846044144,28,1287.0,0.0443142243751874,21,1356.0,0.18638732870081376,6,528.0,0.3495336405767251,1,26.0,0.730196900408274,9,503.0,0.3273593492480191,17,886.0,0.11695463099185763,195,8804.0
1105.0,175,2068.0,4.229038854805726,3.9441306679417685,9,350.0,0.2825091281152448,9,186.0,0.23801636625456435,11,1437.0,0.14055522332708342,0,4.0,0.8561842579428169,23,867.0,0.06761797096134808,14,527.0,0.11768089375898295,25,709.0,0.03966761058099391,0,4.0,0.8148553978744821,5,192.0,0.23080632405268925,0,11.0,0.8244221546665588,32,1438.0,0.12862622099631046,12,1065.0,0.2909215612287573,4,496.0,0.2439002602459821,1,15.0,0.8135862450852518,10,551.0,0.2838440176321447,20,978.0,0.036017311854582866,175,8830.0
1110.0,177,1946.0,3.9795501022494886,3.916101607289894,16,419.0,0.1599835730963289,9,152.0,0.20115589660319436,10,1472.0,0.2562467072541923,1,3.0,0.47577276069134583,19,684.0,0.20043655040154892,14,508.0,0.2871810436972769,15,627.0,0.23990132381294332,0,4.0,0.65755319289111,9,220.0,0.2948139255834899,1,4.0,0.7199378475459242,35,1606.0,0.19349387524514133,5,1026.0,0.26346407085198986,8,525.0,0.2646079209180916,0,2.0,0.3336177100064286,10,596.0,0.20346627960275387,25,1096.0,0.038083918059207626,177,8944.0
1115.0,188,1855.0,3.7857142857142856,3.6178879829679427,16,437.0,0.15961818457351445,8,116.0,0.27669820947554985,7,1337.0,0.30632433100915407,1,11.0,0.6903097132474639,16,770.0,0.24812678620440842,9,428.0,0.24339722808603279,7,594.0,0.275888739330748,4,21.0,0.4688495063911035,12,230.0,0.22466143169706917,2,7.0,0.47467155307592374,33,1605.0,0.10865802165188945,7,1052.0,0.22748044210402069,15,586.0,0.22391581948467387,5,19.0,0.16962580895938073,17,616.0,0.09634999230035451,29,1236.0,0.16202860666425872,188,9065.0
1120.0,183,1757.0,3.5566801619433197,3.2451892572094674,15,408.0,0.17664232078654693,4,118.0,0.340645016867426,4,1017.0,0.2235493040905233,0,6.0,0.8849155960756975,14,842.0,0.1843933727109859,9,432.0,0.18611679187097604,10,637.0,0.14335564928857994,4,27.0,0.30018710016129,10,200.0,0.1886640114345376,2,16.0,0.7627772092008936,26,1740.0,0.054124769527511635,14,1112.0,0.11149888454495305,14,547.0,0.11860187094000885,5,48.0,0.48497390564982684,19,711.0,0.06114733862755047,33,1391.0,0.13178351416081627,183,9252.0
1125.0,168,1552.0,3.160896130346232,3.43672864541808,13,442.0,0.17373579135537034,6,110.0,0.28933747666196863,4,1031.0,0.14363677157380386,0,4.0,0.8772516803737485,9,775.0,0.12447094147527779,10,482.0,0.1814209830187734,15,694.0,0.11688184471046605,5,26.0,0.37615563120768153,6,223.0,0.18178061743267973,1,5.0,0.8158805330499881,23,1850.0,0.06157424536168843,13,1033.0,0.20765115019785205,13,417.0,0.1387210254120489,0,39.0,0.7365785684280068,21,795.0,0.15070413792978674,29,1373.0,0.06518517054824069,168,9299.0
1130.0,181,1547.0,3.1379310344827585,3.7887368740668417,12,507.0,0.1963338182907286,14,160.0,0.15258756050465838,9,1063.0,0.20762278946859594,1,5.0,0.2228440393620711,9,620.0,0.21703407656071289,15,547.0,0.14080900234451618,14,669.0,0.20536986256770312,4,43.0,0.4881795740038943,11,248.0,0.20879470141070738,2,8.0,0.6453063477184314,23,1966.0,0.12262584421037052,10,815.0,0.392878951300814,3,396.0,0.367869745358598,1,9.0,0.5571759079271424,27,899.0,0.1895772502588397,26,1197.0,0.05589138950927894,181,9152.0
1135.0,168,1456.0,2.953346855983773,3.6749546520388314,9,493.0,0.21489089417868323,20,253.0,0.15986089060894074,10,943.0,0.21507934537277543,0,9.0,0.3024971668855558,6,552.0,0.28713600531479827,17,531.0,0.07444520378810418,11,550.0,0.2973523449660253,4,32.0,0.47376447080942646,14,311.0,0.17487108613109945,0,3.0,0.517151446170893,17,1863.0,0.1692562976671663,5,797.0,0.3958349633432852,8,406.0,0.32665774554576105,2,13.0,0.3059321218839495,30,1040.0,0.11443873713487543,15,1284.0,0.13181371622028468,168,9080.0
1140.0,178,1548.0,3.165644171779141,3.816957709985029,7,367.0,0.2104518911762423,24,372.0,0.19478621696974333,5,662.0,0.3221113826000056,0,8.0,0.8270714344899929,9,569.0,0.2588937458792642,15,437.0,0.20545791584600992,7,590.0,0.2168089760355431,3,32.0,0.38926988889433417,14,322.0,0.15458366425141842,2,12.0,0.5531717896142921,15,1569.0,0.12494379682228456,8,823.0,0.3863056652784627,14,462.0,0.19072890334652864,7,35.0,0.38404235804421266,35,1200.0,0.016837940924038022,13,1338.0,0.25842153502084997,178,8798.0
1145.0,181,1693.0,3.4202020202020202,3.8202214235288,2,375.0,0.22038386276419084,26,496.0,0.09048762500543601,3,532.0,0.3760773743341913,0,8.0,0.9048144260469296,14,623.0,0.1750758350748544,12,492.0,0.22520902933996223,8,624.0,0.12076854495269655,2,22.0,0.2608637564318526,12,283.0,0.2158298847568948,1,5.0,0.8010399743538876,18,1151.0,0.12102143783405363,10,746.0,0.25842201841333334,21,556.0,0.058512953565999865,1,37.0,0.5568141608763293,36,1245.0,0.009152769766021406,15,1402.0,0.232143573060804,181,8597.0
1150.0,183,1785.0,3.591549295774648,3.7469108465974266,6,390.0,0.2300866443130562,32,649.0,0.10704321700517382,8,555.0,0.3343745762577373,2,7.0,0.3592952318141039,16,600.0,0.11173501546224167,11,540.0,0.24399087602631017,15,687.0,0.22192248921538776,1,16.0,0.2607815481771676,6,316.0,0.2360367922409496,2,13.0,0.7316812339335533,6,1193.0,0.3044135278048791,8,566.0,0.18910420073980314,21,545.0,0.16026444108790158,2,16.0,0.4736386252184578,26,1382.0,0.05631236205220645,21,1502.0,0.13296822887484286,183,8977.0
1155.0,196,1842.0,3.7979381443298967,3.3993201136974394,7,365.0,0.23262144210426303,27,718.0,0.11219146169904784,12,493.0,0.1187771551118039,3,16.0,0.18249009685603923,14,495.0,0.17901863221322026,15,606.0,0.2653113024892114,21,778.0,0.15375040660984723,3,18.0,0.5331270045555374,8,349.0,0.23868843199864884,1,6.0,0.42553247189926585,8,1203.0,0.34050762426169895,7,590.0,0.1708827123611886,16,410.0,0.23683804933427338,1,18.0,0.47435169587468856,24,1492.0,0.14368823683168389,29,1634.0,0.023435565208439254,196,9191.0
1160.0,192,1761.0,3.6086065573770494,3.6273898169564407,6,332.0,0.19674244978412034,19,677.0,0.1623587861882707,11,348.0,0.12246312476329925,2,21.0,0.7405082714495707,12,539.0,0.17033418342395282,18,591.0,0.17560669097752302,22,775.0,0.12028232042424862,0,10.0,0.4340837983313094,10,331.0,0.313549371255374,6,28.0,0.39140502579994835,14,1254.0,0.18192737681249782,8,619.0,0.1503283559763219,10,426.0,0.3130368332282062,1,20.0,0.7829148020428842,21,1604.0,0.21617674302946582,32,1790.0,0.12972362647046545,192,9365.0
1165.0,170,1432.0,2.9164969450101834,3.6630527235202477,7,355.0,0.1613840960735023,14,710.0,0.19430677545742828,5,365.0,0.310316847352108,2,31.0,0.7683106865986271,13,591.0,0.19093577210203838,19,511.0,0.09823431412827544,17,665.0,0.15373827956740654,0,4.0,0.7869921063931881,6,252.0,0.26330536798597354,1,30.0,0.637802051851862,16,1152.0,0.11627070017051727,15,683.0,0.05465521534030734,7,460.0,0.19728116888769612,1,8.0,0.5913742271903463,21,1705.0,0.17611073285668152,26,1732.0,0.20111599845717273,170,9254.0
1170.0,170,1240.0,2.5203252032520327,3.7527054431330606,11,395.0,0.14742907627833318,11,773.0,0.1997601036392768,10,363.0,0.433958531926195,3,12.0,0.3107409796516457,9,545.0,0.2117006982699876,14,552.0,0.13061249231865765,13,682.0,0.23667018591939218,0,6.0,0.8488968190096151,5,223.0,0.3042497612979301,3,13.0,0.7185417308724171,14,907.0,0.22221678569586562,23,791.0,0.2352403282888904,13,515.0,0.07186410128669626,3,15.0,0.1795093773367735,21,1641.0,0.0875985677672135,17,1468.0,0.13828672518691412,170,8901.0
1175.0,161,1063.0,2.1431451612903225,3.3732334424596537,11,378.0,0.1580401361968337,9,738.0,0.22484272064563623,11,317.0,0.19455543018428528,6,35.0,0.21043885236190898,7,544.0,0.11664648265492353,9,580.0,0.14658547350931678,9,722.0,0.25010495915346814,0,4.0,0.9116056326260649,7,252.0,0.28932821113576357,1,10.0,0.4699143954932087,12,957.0,0.21245247893595257,27,915.0,0.15380231191820953,13,503.0,0.1911873598138569,0,17.0,0.2883395385789319,25,1576.0,0.038432043905148504,14,1532.0,0.09478511152143815,161,9080.0
1180.0,172,1148.0,2.3286004056795133,3.719060020740151,11,290.0,0.17367031099634325,8,618.0,0.23977330583196504,10,198.0,0.11415497759762216,1,37.0,0.6312107087874395,10,579.0,0.07645603231241312,14,629.0,0.21375844651387402,15,775.0,0.16745574170022656,1,5.0,0.6996870207598582,13,306.0,0.3115195462102562,5,24.0,0.367390311140134,15,1024.0,0.12455065861565,31,1060.0,0.0572204709333145,9,410.0,0.32211990337455976,0,8.0,0.8023914222113342,19,1682.0,0.15232303019998106,10,1583.0,0.1871355849643705,172,9228.0
1185.0,162,1229.0,2.52880658436214,3.5947973147844956,10,332.0,0.16429009322449054,4,632.0,0.1732625163037888,7,172.0,0.19617967456674665,1,14.0,0.8016477144463262,13,632.0,0.1346512646128694,15,610.0,0.24297496189263532,20,869.0,0.07839360889304053,2,11.0,0.49566979829284785,13,310.0,0.16701912967420804,3,36.0,0.3436754513717269,10,947.0,0.11440621332337256,26,1043.0,0.057469535960596896,5,440.0,0.26435773617739805,0,8.0,0.8615345490102319,19,1750.0,0.17825792595671305,14,1639.0,0.2065857730426269,162,9445.0
1190.0,171,1244.0,2.5544147843942504,3.7667754651733083,12,380.0,0.1870508860944296,10,666.0,0.1894819109125136,8,170.0,0.2979548835361,1,6.0,0.31483247671449305,15,605.0,0.23538621695053125,13,466.0,0.1338645795758843,26,989.0,0.1725365475772871,2,23.0,0.2191764527363216,12,256.0,0.24214024737098727,3,26.0,0.6211693691062339,8,741.0,0.24366273346726278,16,757.0,0.2227611996107911,10,478.0,0.2528207519813539,1,4.0,0.4654103867091862,18,1831.0,0.11139764749745373,16,1520.0,0.08046533779053971,171,8918.0
1195.0,180,1280.0,2.6666666666666665,3.570395519388575,12,358.0,0.18676080997890052,12,630.0,0.22741384549588567,13,208.0,0.4177662872479445,6,25.0,0.16182914774625945,14,476.0,0.23729209400547335,8,513.0,0.1737271539426727,33,1139.0,0.21295172166368267,0,2.0,0.9061884564453419,3,256.0,0.2820833431018245,1,16.0,0.6293393608551219,9,775.0,0.21938639021927242,14,819.0,0.24776251847746142,10,450.0,0.12131353795475276,5,28.0,0.1708539006653238,25,1943.0,0.015820404205748526,15,1243.0,0.10687773954062842,180,8881.0
1200.0,171,1407.0,2.9373695198329854,3.5564388893704133,10,283.0,0.1891854623385996,11,516.0,0.22340347263590082,13,273.0,0.22757216065563424,2,34.0,0.16273494221789186,12,530.0,0.13140511355946982,9,548.0,0.1497319293535079,36,1314.0,0.19099195944140904,0,2.0,0.8556081353045323,8,282.0,0.3349488675234466,3,15.0,0.4508234595704559,14,827.0,0.1620219954927441,11,873.0,0.20361615963230942,8,343.0,0.28752848236792106,0,30.0,0.7057738290154009,26,1872.0,0.09193590031378673,8,1227.0,0.24035625166914543,171,8969.0
1205.0,171,1682.0,3.4896265560165975,3.7119768339324932,11,302.0,0.16953031714333008,7,505.0,0.20652540595491226,19,357.0,0.0020054231839537274,1,15.0,0.7051549787533442,14,596.0,0.13132959339704964,13,605.0,0.21153211394334892,36,1494.0,0.1513513037331578,0,0.0,0.32890665371597144,8,264.0,0.20729143478240702,1,18.0,0.35847488179229803,13,748.0,0.09178054893868996,14,937.0,0.11534708989801709,5,374.0,0.33772857550151025,0,8.0,0.9205512563039516,22,1636.0,0.20024402849693396,7,1247.0,0.30889694751846086,171,9106.0
1210.0,175,1971.0,4.072314049586777,3.838252255921638,10,328.0,0.16974350025380724,9,535.0,0.2219469636845608,14,355.0,0.15675416464343994,1,14.0,0.718321297952077,14,664.0,0.11237718873987086,21,697.0,0.18930484786132856,36,1674.0,0.09262871709233278,0,2.0,0.5854875849259326,7,185.0,0.24452947481585258,2,13.0,0.6774806864696031,9,623.0,0.1304393471957104,14,851.0,0.216640782816046,9,409.0,0.2484882310639158,0,2.0,0.43339115285969004,17,1636.0,0.17198914702748797,12,1296.0,0.20772572171545162,175,9284.0
1215.0,180,1893.0,3.9685534591194966,3.7419504907445535,16,364.0,0.1927849703299341,10,489.0,0.19406744891911248,4,262.0,0.409053800177756,1,17.0,0.7598556034091771,15,641.0,0.1479235415682044,27,818.0,0.13787638564025612,32,1661.0,0.03424169742787433,0,6.0,0.7422403913646088,3,188.0,0.3102825107446737,2,13.0,0.6515899400912806,10,654.0,0.20441353946253457,12,623.0,0.2470813290727436,15,478.0,0.20342233871913426,6,26.0,0.08533531906701121,13,1708.0,0.13582101641840616,14,1183.0,0.10941685569654344,180,9131.0
1220.0,179,1797.0,3.823404255319149,3.7340209531365383,19,374.0,0.1577877767325577,7,331.0,0.2116867437786607,1,237.0,0.4672604724219233,2,8.0,0.599891923091399,15,521.0,0.17709614763115644,28,958.0,0.1255671315864646,24,1458.0,0.12548088286370926,0,6.0,0.8980149288839346,8,212.0,0.3429615238596045,4,24.0,0.3902669306435961,11,712.0,0.2189666521130606,10,630.0,0.19348889324122637,22,575.0,0.1945146603432425,1,33.0,0.5200091960300297,13,1773.0,0.14691043173018267,14,913.0,0.13044049517550518,179,8765.0
1225.0,165,1690.0,3.595744680851064,3.477082149714815,17,305.0,0.16288192861370876,5,317.0,0.2914554226446519,7,261.0,0.2077190226320567,3,20.0,0.6341696687959039,12,574.0,0.12024287130988418,33,1115.0,0.017182349212661065,13,1445.0,0.24458947326576477,0,6.0,0.8584281548987402,8,199.0,0.23845658166769906,3,27.0,0.3872072098432281,16,784.0,0.1344013655078389,6,673.0,0.1564631212339638,21,581.0,0.20364581346055058,0,8.0,0.7796121488489242,14,1665.0,0.19676806242530812,7,876.0,0.2869680395312802,165,8856.0
1230.0,179,1708.0,3.5957894736842104,3.622736212374374,16,371.0,0.15590737907843571,7,333.0,0.23360755375753525,13,317.0,0.02104896754988237,3,15.0,0.6724024983226022,15,648.0,0.10118725351354466,34,1286.0,0.11060304685221856,12,1496.0,0.2300472068952792,2,9.0,0.24143367053701828,5,127.0,0.24448646654623385,3,18.0,0.597253645404706,23,892.0,0.04182377973980933,11,715.0,0.24166206622655928,14,436.0,0.16743510838885828,0,4.0,0.8849012368704147,14,1375.0,0.24608157382878085,7,894.0,0.2629484249508469,179,8936.0
1235.0,181,1766.0,3.663900414937759,3.705500751759656,12,417.0,0.20544306713467297,13,385.0,0.2100191516581434,14,318.0,0.05445776210254103,3,23.0,0.6236623601886124,10,609.0,0.10683168547731901,28,1295.0,0.22187889215069523,15,1565.0,0.17034502163455215,0,9.0,0.528929726482046,3,135.0,0.27297445710823,2,18.0,0.5835853006176347,29,1028.0,0.12550879908489293,18,792.0,0.247673775020034,7,483.0,0.15730140153702885,0,2.0,0.835046061776906,12,1113.0,0.20398072186924168,15,948.0,0.13949235548122516,181,9140.0
1240.0,191,1904.0,3.991614255765199,3.578478308798529,14,475.0,0.21017417050776127,11,356.0,0.17081168043058076,4,231.0,0.39528413949782404,3,38.0,0.6432573892683664,11,658.0,0.07743622889634055,20,1126.0,0.21514514419652472,16,1463.0,0.07358552592454325,0,6.0,0.7577249362708439,9,171.0,0.27654995119704284,5,27.0,0.40911102955079076,35,1195.0,0.19351964489809842,24,900.0,0.14365504120775024,7,506.0,0.30189261623607316,0,4.0,0.7544047045387798,10,1156.0,0.1305230491664481,22,1042.0,0.14276279823036303,191,9354.0
1245.0,198,2080.0,4.397463002114165,3.5706655717721416,15,483.0,0.1414632405027493,13,231.0,0.18988741037912862,2,206.0,0.45488840714821244,0,18.0,0.6351310381179741,13,717.0,0.1354732890585704,14,1141.0,0.15192645625445794,13,1218.0,0.09414465754162009,0,6.0,0.803526542335926,9,175.0,0.32466679220997574,5,36.0,0.3236610641384637,36,1371.0,0.12523133126852745,27,1034.0,0.03475954152906103,13,563.0,0.24532434170729148,0,4.0,0.9408683420249093,10,1189.0,0.24924941209557225,28,1163.0,0.16332867388490618,198,9555.0
1250.0,205,2280.0,4.691358024691358,3.6912349914176286,14,426.0,0.1828172685653585,5,266.0,0.2808495410776478,8,230.0,0.3062129708382452,3,9.0,0.5003766276684637,18,797.0,0.17351928871991462,10,1195.0,0.17522797552783043,14,1269.0,0.1632484983229945,0,2.0,0.7628539617394622,5,133.0,0.25863634533997676,4,28.0,0.621424808411883,32,1345.0,0.04068999213041109,27,1177.0,0.057181031374590595,21,650.0,0.08179336260713593,0,0.0,0.7916414413632626,11,1081.0,0.20764138321739162,33,1317.0,0.1616607138351184,205,9925.0
1255.0,210,2656.0,5.3983739837398375,3.5903452715090705,11,443.0,0.192408925303501,7,290.0,0.22812862556279062,13,288.0,0.32195786305535545,1,5.0,0.6603580817437549,22,891.0,0.09288196885879614,14,1253.0,0.2111389289734913,14,1338.0,0.23130693759049178,1,7.0,0.47525097395953253,3,147.0,0.23527329999087065,5,40.0,0.5544917694673498,27,1135.0,0.08939936986237451,27,1312.0,0.19599001568305566,21,759.0,0.032820310177485414,0,0.0,1.0,11,1047.0,0.11586370511283886,33,1486.0,0.07661402494717406,210,10441.0
1260.0,220,2808.0,5.862212943632568,3.1026773649328763,13,495.0,0.20112896179452433,12,345.0,0.16553197652183996,7,269.0,0.23653402190177708,2,14.0,0.5604102101029992,29,1027.0,0.03004726922970079,18,1193.0,0.15806448301650688,16,1408.0,0.1968981104666122,5,24.0,0.39181849525207135,8,176.0,0.23872746988095173,2,32.0,0.34184229124741916,18,1230.0,0.2017926537784043,30,1455.0,0.19910815992466036,15,721.0,0.20820136799048775,0,8.0,0.4487392083622491,13,1099.0,0.07637213912002813,32,1443.0,0.01663001307250706,220,10939.0
1265.0,204,2548.0,5.444444444444445,3.3656950681359246,8,473.0,0.2068254524377071,22,435.0,0.13899836042321156,5,154.0,0.3725558590607217,2,24.0,0.6355608438143614,29,1039.0,0.14032797583523246,14,1260.0,0.07043298706766365,17,1317.0,0.06589359455755184,0,31.0,0.6567474429906869,10,170.0,0.19599101957017148,5,25.0,0.4156915040549717,15,1294.0,0.2230613114563365,33,1614.0,0.122867768271993,5,531.0,0.3825246064095258,0,8.0,0.8786279163478602,16,1168.0,0.14339932327482202,23,1183.0,0.1380754303677941,204,10726.0
1270.0,184,2407.0,5.165236051502146,3.9290535243255915,6,387.0,0.22797699098610033,27,560.0,0.17507202220471263,3,122.0,0.4056869937554913,0,4.0,0.891601100796966,22,891.0,0.2206300508357118,14,1333.0,0.14692595422446178,17,1087.0,0.08891872773990595,1,8.0,0.6360431226245495,6,120.0,0.30533075196179127,5,49.0,0.5880769792909143,12,1185.0,0.14072082254454252,33,1781.0,0.1311402908795634,2,446.0,0.32048831413121615,0,8.0,0.9281267847554633,20,1254.0,0.14256927610207987,16,1257.0,0.23919992302192666,184,10492.0
1275.0,182,2356.0,4.96,3.5537497133858222,4,397.0,0.18200234243617242,31,707.0,0.1013505738624553,7,125.0,0.36189690952297837,0,0.0,0.9197093501077572,16,979.0,0.20816947960870139,17,1411.0,0.12989654366804318,11,1149.0,0.24034213555419082,0,5.0,0.4866750856248367,2,104.0,0.40231231729487205,5,74.0,0.5934328065883235,14,1186.0,0.07418952711281009,29,1757.0,0.1182617231133089,6,444.0,0.17711840049052086,1,5.0,0.6567022177292019,27,1374.0,0.036839267418498745,12,1317.0,0.22588140261662915,182,11034.0
1280.0,195,2035.0,4.213250517598344,3.439871336766692,9,434.0,0.18274494560761906,29,762.0,0.11802328107503933,11,170.0,0.25390486130132317,2,3.0,0.5938330658385793,13,1045.0,0.19018643634409155,22,1509.0,0.1605941263689542,11,1193.0,0.29484752794923114,1,5.0,0.3664354456455498,9,134.0,0.30990477312525,2,57.0,0.3202653614980705,13,1246.0,0.16750263809675597,22,1533.0,0.10946594883148061,12,494.0,0.40783287166156196,1,4.0,0.2458166301461378,28,1319.0,0.03392964827217448,10,1168.0,0.15427588325738348,195,11076.0
1285.0,189,1824.0,3.8158995815899583,3.7148466568255456,8,411.0,0.19946664541179335,21,713.0,0.19533796060513858,7,153.0,0.3518407724463513,3,21.0,0.29039784524876544,14,1109.0,0.17225598328487773,31,1641.0,0.09036598711310488,16,1256.0,0.1866188920336224,1,9.0,0.44083103710676785,6,136.0,0.47185871168186105,2,13.0,0.4500721958114492,15,1296.0,0.17898733064080935,14,1529.0,0.10742582261042728,13,557.0,0.32538676419717566,7,23.0,0.1072063398488261,23,1080.0,0.18372807657798326,8,865.0,0.14361564295663662,189,10812.0
1290.0,183,1648.0,3.476793248945148,3.493589185859459,13,467.0,0.1486114581431717,14,745.0,0.18678552095667172,4,72.0,0.4225491045429759,1,17.0,0.6343831689913566,16,1057.0,0.0662559742024149,34,1813.0,0.03695286459191067,22,1350.0,0.04079765679673847,1,7.0,0.7112965441132424,2,82.0,0.4867969914261402,4,20.0,0.44157481222584155,20,1377.0,0.11465322736944067,11,1595.0,0.13524136521353006,11,505.0,0.10346539371975479,4,43.0,0.16687692443199872,18,1174.0,0.26108613082915855,8,888.0,0.2053768958494269,183,11212.0
1295.0,171,1369.0,2.9189765458422174,3.723453447898607,14,521.0,0.1366872624371788,11,796.0,0.2104689592597138,4,41.0,0.3898805473479111,1,15.0,0.8281089189441116,16,1129.0,0.060698803117366223,30,1773.0,0.11164019559595717,20,1278.0,0.02556676673950313,0,2.0,0.5739182429274993,2,67.0,0.3639720935300986,7,50.0,0.48097440246663914,23,1335.0,0.05834553354033746,9,1469.0,0.2606373887447248,8,349.0,0.14770656272509997,2,25.0,0.7363970053992223,13,1236.0,0.2270418364513184,11,918.0,0.20151775681601986,171,11004.0
1300.0,159,1201.0,2.5827956989247314,4.061099858566232,18,601.0,0.12984803074623702,9,752.0,0.22498408777582085,2,30.0,0.13046277685114077,1,16.0,0.8284491598155577,19,1204.0,0.16498791897246126,20,1511.0,0.2313017559220312,11,1019.0,0.2443821388021652,0,4.0,0.8020066203107286,7,94.0,0.2998359704037787,11,94.0,0.26550431308345734,20,1157.0,0.19502591269845906,6,1149.0,0.3144252920414671,2,310.0,0.4741805714480095,2,30.0,0.7462515967113226,16,1305.0,0.16386012774456782,15,974.0,0.09923718009883936,159,10250.0
1305.0,161,1184.0,2.5572354211663066,3.6988801188852487,22,702.0,0.11597359719418862,7,622.0,0.20338941544698452,5,34.0,0.4603397028214545,3,6.0,0.31157078804174954,21,1306.0,0.19360242519307308,14,1249.0,0.2647714687244307,6,600.0,0.3135192214060648,0,4.0,0.8347748640592709,7,92.0,0.4331932611247312,13,159.0,0.22523387643540443,16,1223.0,0.2307956670238127,5,1087.0,0.17703523330089152,7,322.0,0.33782872273218767,1,7.0,0.43487203666080904,17,1192.0,0.06792768428642733,17,916.0,0.11643003761653745,161,9521.0
1310.0,156,1124.0,2.427645788336933,3.934969874253182,25,718.0,0.10480172067896763,3,560.0,0.24941639558583648,0,30.0,0.7752641654270864,7,28.0,0.0013900711048379529,23,1410.0,0.10894390780851579,7,1286.0,0.21409502686765766,4,607.0,0.3118659967063871,0,2.0,0.8681717822601813,3,51.0,0.46700902256094706,14,231.0,0.3460866239021319,13,1280.0,0.20962022458365398,7,1125.0,0.12439116631723304,12,374.0,0.18773278880212005,6,21.0,0.34867663612597555,18,915.0,0.17081058064116644,14,743.0,0.2647605880285324,156,9381.0
1315.0,172,1232.0,2.6157112526539277,3.789108284732419,24,646.0,0.15979632695479618,5,578.0,0.29987480599482597,1,9.0,0.7313915030432594,1,40.0,0.526089336737562,29,1387.0,0.037593139279322695,9,1325.0,0.20594715565956634,9,634.0,0.2026762415226652,1,3.0,0.572022515272961,3,51.0,0.28878489544139,14,301.0,0.23674844588920885,13,1192.0,0.12634282212956685,14,1181.0,0.22549172007286755,19,459.0,0.02585097985352745,3,32.0,0.2805925332941125,16,980.0,0.22543824034484108,11,692.0,0.24522189568453753,172,9510.0
1320.0,178,1243.0,2.6223628691983123,3.755589556970437,17,577.0,0.20574276562527258,12,626.0,0.2274577232383525,5,21.0,0.5521103641673645,0,14.0,0.8481269944945602,24,1515.0,0.14281130114408366,9,1201.0,0.2662242901097181,10,540.0,0.12711324398311777,6,20.0,0.2578502486418238,10,80.0,0.22009675090767197,15,311.0,0.160921644332586,12,981.0,0.10121201186925737,13,1066.0,0.261742276969162,20,564.0,0.22050133811759154,2,15.0,0.38289741340853534,12,1040.0,0.16455195752119675,11,748.0,0.13054710803678812,178,9319.0
1325.0,142,908.0,1.9360341151385927,3.9363058194189,7,579.0,0.24363253572091123,12,594.0,0.1831890805108152,2,19.0,0.1356627739410986,1,17.0,0.6809053088464819,24,1620.0,0.17605471391083274,6,856.0,0.3159348078572154,7,323.0,0.2686579846536103,8,61.0,0.35614355489092214,10,104.0,0.26115653397648075,7,248.0,0.27164813365787843,9,960.0,0.13054091635761927,11,807.0,0.1616947563477502,14,515.0,0.3744649295894565,2,28.0,0.35434174889987985,9,939.0,0.12482482682013941,13,807.0,0.13274015138073073,142,8477.0
1330.0,123,638.0,1.366167023554604,4.279753135495024,8,591.0,0.2798053015328232,12,475.0,0.194376107087051,2,18.0,0.3329151794601,6,35.0,0.3800386409464975,22,1723.0,0.11531314647453583,6,884.0,0.21758718718081912,7,317.0,0.27053976018569337,2,65.0,0.5062573301052659,2,64.0,0.5656078704307944,4,144.0,0.4978216297916789,13,995.0,0.22096614902564662,10,708.0,0.15408769526228336,8,295.0,0.19915766360087406,1,5.0,0.773788797829336,6,736.0,0.21000687079848598,14,756.0,0.11624309487481296,123,7811.0
1335.0,125,578.0,1.2537960954446854,4.125578018457648,14,650.0,0.18758396702912783,10,517.0,0.19110584344553969,2,11.0,0.5330136573269362,11,83.0,0.20912246939010562,19,1640.0,0.054759337736887626,9,922.0,0.1434184454085588,8,349.0,0.30410490371133675,0,13.0,0.6369047359051198,2,58.0,0.4060500268431485,2,117.0,0.4107858499354865,15,1059.0,0.279068863900108,9,753.0,0.17291324057996252,6,324.0,0.14183493771380606,1,13.0,0.7439590861158354,6,755.0,0.21411404126599135,11,596.0,0.22367633700333212,125,7860.0
1340.0,166,1015.0,2.1641791044776117,4.151452237931333,20,738.0,0.1494901324643814,10,561.0,0.2094027043356697,4,29.0,0.6757626017573246,12,145.0,0.13309435673405404,17,1324.0,0.18536222694397964,15,984.0,0.177328567336837,15,403.0,0.14755206378332972,2,6.0,0.590701276666567,7,78.0,0.22567905620822695,7,121.0,0.26367000811815344,21,1149.0,0.16464494513838673,7,649.0,0.273566115121764,9,356.0,0.31091704594139713,2,9.0,0.6241808677924572,9,786.0,0.208445947753839,9,591.0,0.2776381201113091,166,7929.0
1345.0,184,1312.0,2.8275862068965516,3.6858856088054512,20,737.0,0.1259585565162606,10,522.0,0.20989022530554596,0,18.0,0.6132262027592555,6,150.0,0.2526388207275716,13,1303.0,0.26810300894795414,21,1074.0,0.14384440235920928,20,497.0,0.0474398286961102,7,30.0,0.43765087632996746,8,93.0,0.31788065240209123,9,111.0,0.26855918800505363,28,1278.0,0.06258964847339042,4,428.0,0.29721391017016696,14,416.0,0.331955386127932,5,25.0,0.5132055731076292,10,713.0,0.2679450051956711,9,638.0,0.204176279890152,184,8033.0
1350.0,181,1453.0,3.1113490364025695,3.773838182104251,21,646.0,0.15970141744073593,7,392.0,0.28045626602158746,4,9.0,0.4364273548555904,0,80.0,0.459188605594642,10,1343.0,0.2034511934576579,21,1004.0,0.223752560672152,24,616.0,0.18264572995938125,7,65.0,0.17278300927881798,2,44.0,0.5263419532019333,2,76.0,0.4638937964961759,29,1263.0,0.04038954305844111,4,394.0,0.1840661451997531,22,502.0,0.1544747627029562,6,50.0,0.21515771260149952,8,554.0,0.1889303205577662,14,700.0,0.12070453031377465,181,7738.0
1355.0,148,1144.0,2.4392324093816633,3.7611052846545032,14,684.0,0.19386753807315663,7,415.0,0.19344800369369378,1,15.0,0.34609745388595603,1,29.0,0.649333037734305,7,1223.0,0.1467131567626847,14,764.0,0.23110013434795668,18,603.0,0.3140098300739947,2,61.0,0.14294182576402426,2,46.0,0.4675543577881398,3,74.0,0.3874399919473925,23,1020.0,0.06738813676669249,8,423.0,0.2369540438461488,24,531.0,0.05086153530940102,1,49.0,0.27681319962133266,10,471.0,0.10113653153560898,13,652.0,0.22479727197043303,148,7060.0
1360.0,140,934.0,2.0129310344827585,3.9494814057211345,13,748.0,0.21066222150101135,10,456.0,0.21546473106236932,4,18.0,0.4517416026228089,3,33.0,0.419166323433411,7,891.0,0.1478505413301498,5,647.0,0.20964228519997588,11,452.0,0.2087940224185098,1,23.0,0.6851433308347747,8,69.0,0.27797298021775735,9,102.0,0.26310842483290536,15,1099.0,0.21599638773672675,15,485.0,0.22338832612660936,17,461.0,0.22968521102814096,2,20.0,0.736298015523472,8,510.0,0.12363333847999436,12,477.0,0.23693715072600385,140,6491.0
1365.0,119,593.0,1.294759825327511,4.14329960450509,12,715.0,0.18525020501769093,10,412.0,0.1933122432504106,0,20.0,0.6664933404239685,5,60.0,0.3760568059098235,4,899.0,0.21174238095250253,5,676.0,0.15112338796376995,11,482.0,0.12722596895990995,0,6.0,0.9242414212070339,7,84.0,0.26278762078776674,9,113.0,0.27165193478342786,14,1169.0,0.21918819026601433,16,446.0,0.22204385233200197,6,464.0,0.28836446047713077,0,8.0,0.8686302160301188,8,515.0,0.1852156710819968,12,484.0,0.1294165758726857,119,6553.0
1370.0,111,499.0,1.0754310344827587,4.452768162629224,8,589.0,0.21401209132409094,8,285.0,0.2596223601035761,1,9.0,0.5226070337166614,2,43.0,0.39779555559089474,9,928.0,0.2964550229953637,11,724.0,0.26865728242080983,9,522.0,0.26823991093509514,2,9.0,0.5123620098199894,3,54.0,0.5732184554625277,2,82.0,0.524313441862626,9,1060.0,0.16455819245156192,11,321.0,0.19035574327023547,7,466.0,0.2529244659292137,2,6.0,0.41220539505562587,15,563.0,0.1410553544796318,12,547.0,0.10542622931105398,111,6208.0
1375.0,133,770.0,1.6417910447761195,3.8875193270646506,4,560.0,0.20727664405579896,6,278.0,0.2320027011703689,0,10.0,0.5759381021944726,0,11.0,0.7082466528104331,15,987.0,0.22952698708035935,19,804.0,0.17559999137228827,14,577.0,0.2036870248408404,2,13.0,0.10380980461925278,1,46.0,0.49202840138617543,3,76.0,0.38297729680539505,12,819.0,0.14764643127917007,5,295.0,0.2590791640482758,14,527.0,0.11333308963252546,7,30.0,0.061463547305138776,22,656.0,0.03696140733147012,9,498.0,0.1425349603709532,133,6187.0
1380.0,160,969.0,2.0705128205128207,3.878181024031618,9,593.0,0.1870080604019956,8,314.0,0.2233702240231307,0,8.0,0.6898353325527501,2,13.0,0.6576464866036066,17,918.0,0.11413527720537875,27,924.0,0.08322197536288509,18,556.0,0.04516882510827568,5,31.0,0.26861254927006484,7,63.0,0.26541412039973,8,104.0,0.23719777591395771,8,766.0,0.24386760328096288,6,311.0,0.27952926203256306,14,497.0,0.19229177695500219,1,37.0,0.48055722422856956,24,666.0,0.06062454640900822,6,343.0,0.28343955334278487,160,6144.0
1385.0,158,1006.0,2.1774891774891776,4.3421909949728965,14,653.0,0.19849326113516788,10,280.0,0.2120495295217019,1,6.0,0.5228875003291176,3,28.0,0.6142452596327759,17,724.0,0.0978259051508237,23,875.0,0.09009973727392337,14,449.0,0.12497144416957934,0,27.0,0.7314416555172946,6,73.0,0.3090831024095086,13,162.0,0.22874374355635407,9,781.0,0.2910642862980601,14,361.0,0.2854736000289187,12,383.0,0.2782592025682746,0,14.0,0.7864598739652704,20,568.0,0.20949995454501744,2,334.0,0.35931714211910476,158,5718.0
1390.0,143,939.0,2.0193548387096776,4.30454552850301,15,635.0,0.18362389864037837,6,211.0,0.24715691069897147,2,13.0,0.3011415100955425,0,13.0,0.2517259372575494,19,691.0,0.08997643230091935,20,701.0,0.15777326638059505,4,474.0,0.36487748131652054,0,4.0,0.8850878479553348,2,44.0,0.5684358026095622,10,176.0,0.37116700475894593,14,834.0,0.22905413570212507,21,446.0,0.1090700493908049,7,423.0,0.21822321960572116,1,12.0,0.7803372380979425,15,603.0,0.2813841232884856,7,356.0,0.26586248946324076,143,5636.0
1395.0,153,994.0,2.1376344086021506,3.955329970646275,12,513.0,0.1841627127376507,6,231.0,0.28468996663896806,8,42.0,0.397765216408318,1,5.0,0.6696929816406786,17,784.0,0.16014942120294778,14,713.0,0.2667481725997582,8,484.0,0.32811213730959915,0,0.0,0.4695445584086855,4,46.0,0.4886901800436829,4,129.0,0.31727266994754144,15,767.0,0.08583748344184616,26,570.0,0.029854461014908375,8,457.0,0.13271782719826522,3,20.0,0.1966845105827224,13,666.0,0.2491183448180624,14,409.0,0.2675661830682704,153,5836.0
1400.0,177,1303.0,2.784188034188034,3.6018102844000723,12,521.0,0.1913554511400723,8,261.0,0.20468779143747906,9,87.0,0.4005023852332249,0,0.0,0.7085302843286869,18,865.0,0.18100016473498914,12,777.0,0.24264072337835166,9,442.0,0.27410582347062756,5,21.0,0.14154044088013792,8,72.0,0.2715420958474979,3,133.0,0.26010189060015704,18,631.0,0.10220990749008253,26,704.0,0.2324721178582469,14,517.0,0.19493077603371567,7,49.0,0.06826709741544178,9,605.0,0.14104124002501447,19,497.0,0.17792630178457886,177,6182.0
1405.0,192,1573.0,3.3397027600849256,3.483582845079924,14,591.0,0.19683839688019647,14,320.0,0.16755698438808914,3,87.0,0.19527047221262975,1,7.0,0.6063459879090408,20,922.0,0.10759294210673075,14,837.0,0.2434083297729165,10,329.0,0.1664889879948821,0,25.0,0.6521279471684879,11,122.0,0.26065436534697867,8,158.0,0.2564446103664167,14,526.0,0.24366123009032067,25,735.0,0.1962667399584816,22,612.0,0.2518433202900794,1,44.0,0.5181043628223139,11,455.0,0.12166028594300131,24,610.0,0.10956328339291782,192,6380.0
1410.0,187,1661.0,3.5797413793103448,3.5673695079021197,9,543.0,0.2040331719695754,22,419.0,0.12525134228090348,6,60.0,0.4416144025416749,1,14.0,0.7223741523046863,24,958.0,0.08321821677097806,14,773.0,0.19726326002869443,5,319.0,0.1403636317097673,0,6.0,0.8343085831170558,11,177.0,0.2443729046548254,10,157.0,0.2227416570921692,9,562.0,0.2665061532350618,21,664.0,0.16358570530357477,23,724.0,0.23876267425180112,0,12.0,0.8575731723112343,5,482.0,0.13452486600021582,27,643.0,0.024793430288381057,187,6513.0
1415.0,185,1809.0,3.824524312896406,4.109453642178786,7,344.0,0.19986471191708668,28,547.0,0.16796549222252596,3,74.0,0.5443936565744468,0,4.0,0.8911630190121834,32,1101.0,0.12243126184817836,13,605.0,0.15596872801752246,9,334.0,0.28410815873045314,2,8.0,0.5762062472490233,5,167.0,0.3225539503497564,3,108.0,0.36429364026339944,10,569.0,0.20266406644206553,18,520.0,0.18496771636746304,27,846.0,0.12826633076901192,1,11.0,0.48856033419775347,8,493.0,0.22324909159218267,19,492.0,0.06786044782319824,185,6223.0
1420.0,184,2055.0,4.3630573248407645,3.933974577464797,3,355.0,0.242094876850461,28,604.0,0.11972395765916181,3,64.0,0.5807754108273263,0,0.0,0.8859568149868815,36,1277.0,0.1336392410123163,7,653.0,0.1197857279856007,14,388.0,0.23942326645213627,6,26.0,0.34610605349157786,1,87.0,0.5468851467292833,4,54.0,0.5628705394864026,18,645.0,0.10375367542553539,8,564.0,0.17863013895439775,31,991.0,0.029078835130918475,1,16.0,0.0,11,517.0,0.2553721521166866,13,569.0,0.14774867639035982,184,6810.0
1425.0,185,2066.0,4.358649789029536,3.5681855181006137,7,379.0,0.2064987268350544,22,567.0,0.1456014950763404,5,82.0,0.27751907638962703,0,0.0,0.8995346362271265,34,1265.0,0.036308744249249694,8,682.0,0.1238000424268938,16,374.0,0.30657963354760787,3,32.0,0.1883396690883014,3,58.0,0.5605966405559158,2,52.0,0.5108666482225728,19,589.0,0.16564731619275885,7,571.0,0.2375047584051073,35,1165.0,0.014003175791021715,0,4.0,0.4813296616959992,15,583.0,0.11311542673923529,9,621.0,0.2501155200248489,185,7024.0
1430.0,191,1995.0,4.281115879828326,3.6015131392088535,12,431.0,0.2115507038198836,14,603.0,0.2001987190742646,10,123.0,0.07664560371875771,0,0.0,0.9742006732369203,28,1035.0,0.08229457084235434,10,625.0,0.18089699535766976,10,288.0,0.3142576135125041,6,35.0,0.574164436591401,4,74.0,0.6616353787973571,5,55.0,0.310525293622246,15,654.0,0.19870127651895067,15,597.0,0.12528678803292723,29,1189.0,0.14763953943106076,0,8.0,0.7372720501671384,21,675.0,0.047708776105211244,12,673.0,0.251559810691419,191,7065.0
1435.0,175,1710.0,3.685344827586207,3.4479604482126116,20,514.0,0.16707205356885366,12,661.0,0.21760542604544017,11,182.0,0.0733063509543154,0,0.0,1.0,14,1115.0,0.21738892395041556,4,471.0,0.20029493100241175,3,275.0,0.27023281689346723,1,40.0,0.6224956610725142,7,100.0,0.38831591419313705,6,62.0,0.29345038693838105,20,718.0,0.12628734207523543,19,682.0,0.1661122132803141,19,1052.0,0.25294382822648415,0,6.0,0.8830785744499738,25,790.0,0.1380684484024451,14,644.0,0.08821009912974478,175,7312.0
1440.0,170,1581.0,3.4073275862068964,3.607222900292219,20,448.0,0.11027279555043194,11,635.0,0.213749227415258,11,237.0,0.289993184654731,0,0.0,0.944400209712945,13,1153.0,0.24797420462587985,6,463.0,0.20291812488360744,7,294.0,0.17687393135216528,3,18.0,0.28348399318922574,6,78.0,0.26961311957281625,3,32.0,0.42955392541347426,16,698.0,0.06789731548467258,19,761.0,0.19689296570588552,12,782.0,0.24302239036999831,0,2.0,0.8713600595835712,30,936.0,0.1539399147115272,13,541.0,0.11589054250072214,170,7078.0
1445.0,166,1605.0,3.4148936170212765,3.982429042358847,19,529.0,0.1453095363063095,9,546.0,0.22185758772020434,11,296.0,0.21784804924189805,0,0.0,0.9194046814219939,9,1062.0,0.23432686862446855,9,505.0,0.16627342998845598,13,345.0,0.12042161075574992,6,43.0,0.09194819751031735,3,38.0,0.5852511720008281,5,35.0,0.5979697703957564,10,559.0,0.12432858472935925,21,827.0,0.13862621079406318,6,819.0,0.22235026523063953,2,5.0,0.5764089333715606,35,1096.0,0.04928204291382311,8,587.0,0.2536776897691938,166,7292.0
1450.0,162,1543.0,3.297008547008547,3.891618498201839,21,624.0,0.16083677823798762,6,533.0,0.2312714655065629,9,253.0,0.2829226345083747,0,4.0,0.7984965339859652,10,852.0,0.22887101708396096,9,459.0,0.2947332452416749,19,430.0,0.033674819396116426,3,42.0,0.2024030794366528,2,31.0,0.5408817721645494,0,24.0,0.6516158410966265,6,532.0,0.2393956357523452,26,951.0,0.031109551432337186,8,848.0,0.2170480976264548,1,13.0,0.20388631951351774,32,1140.0,0.041020044530018215,10,624.0,0.35833131804136464,162,7360.0
1455.0,158,1536.0,3.3684210526315788,4.008774182403302,14,615.0,0.146635005670774,7,568.0,0.24196318123245497,1,153.0,0.4974395407509364,1,6.0,0.5555786328943084,8,837.0,0.11264292683907126,7,289.0,0.3138298733204466,17,434.0,0.1582122164853149,1,18.0,0.5774551331080616,7,47.0,0.278338642031991,1,3.0,0.5118449583810813,10,548.0,0.23114100334372772,32,1105.0,0.13376940528655895,14,908.0,0.2076529538217696,0,6.0,0.6178026049135945,23,1034.0,0.18569163963532845,15,684.0,0.32965665130942645,158,7255.0
1460.0,160,1494.0,3.290748898678414,4.037350984219594,9,494.0,0.18717221651366794,10,542.0,0.22191236259855515,2,104.0,0.39983577969714773,5,22.0,0.47546040042041915,8,862.0,0.15948685543899396,4,277.0,0.3616482931004133,11,339.0,0.1697775755974775,1,14.0,0.713352340528908,11,96.0,0.2792470679304502,2,7.0,0.4484857880944677,14,602.0,0.11732122017827712,27,1117.0,0.1562102060752891,14,854.0,0.27743962441903025,3,13.0,0.538416309699635,15,1013.0,0.2866933387521644,24,784.0,0.0896785572516425,160,7140.0
1465.0,163,1279.0,2.7804347826086957,4.199854827744451,8,516.0,0.18779272760284982,8,440.0,0.2408461989586284,6,127.0,0.14265803114864486,6,52.0,0.4693384641022859,14,913.0,0.21506444730560056,8,306.0,0.354365559521347,9,359.0,0.2910300010330172,1,19.0,0.7984364525697913,11,153.0,0.4408061782545296,3,9.0,0.5063694312902359,17,569.0,0.0834534336988264,20,975.0,0.12490597265668223,10,684.0,0.30022655396111325,6,37.0,0.5027595118974623,12,1074.0,0.25566188008371876,24,789.0,0.022031077423562303,163,7022.0
1470.0,145,1075.0,2.352297592997812,3.8776364397968957,11,548.0,0.18579533157861414,4,414.0,0.22155308767008572,3,97.0,0.4501452343261662,6,86.0,0.4803103124560475,16,868.0,0.1944430917937914,13,361.0,0.15846346138292575,9,402.0,0.27384121618428475,2,25.0,0.15816055536639537,11,208.0,0.3344873462392609,0,7.0,0.4549349520281158,14,587.0,0.16101971883377675,16,1051.0,0.11058852082776277,11,435.0,0.24261260911923582,6,69.0,0.5232754518151198,7,1004.0,0.20406616476694345,16,685.0,0.13132241144914242,145,6847.0
1475.0,137,837.0,1.8275109170305677,3.797772184697348,12,531.0,0.16865875543748826,8,432.0,0.2515373963574809,0,33.0,0.6588319740870238,2,72.0,0.5292861040469542,14,723.0,0.12028974169765698,20,453.0,0.17618342580570454,10,376.0,0.16808879752074327,1,17.0,0.2297998325562197,15,273.0,0.18399184079796918,0,0.0,0.8579997191643398,18,664.0,0.16893231109974874,13,1115.0,0.21477747708999428,6,454.0,0.2832316498872375,2,63.0,0.44609398679468926,8,834.0,0.1649875037472176,8,669.0,0.2715166423376846,137,6709.0
1480.0,141,959.0,2.093886462882096,3.898014922519536,11,454.0,0.21244974931980587,14,491.0,0.22209433839025672,2,32.0,0.43148004798005346,0,9.0,0.5829452173738972,15,790.0,0.09506694769058846,18,455.0,0.09839186051152767,11,307.0,0.12874487019081007,0,10.0,0.8662292206863531,18,360.0,0.17521153333050105,0,0.0,0.9626963887889539,19,757.0,0.08664440083912744,10,1034.0,0.3037100239547973,7,456.0,0.3056754757947058,0,12.0,0.5109033292871972,5,850.0,0.2125691286864907,11,718.0,0.24165525426836781,141,6735.0
1485.0,137,1112.0,2.4332603938730855,4.105795616856176,7,453.0,0.19301037505380494,13,473.0,0.16890714908961635,6,57.0,0.5163925642051993,2,7.0,0.3711454220748205,14,852.0,0.20030558653743777,13,356.0,0.23159848356094312,4,275.0,0.26629989188886505,0,6.0,0.9380831502371582,18,454.0,0.20615243127277436,0,0.0,0.9426667986577109,21,856.0,0.03308328305090218,8,776.0,0.22882098907485732,13,497.0,0.31029180619923485,1,8.0,0.41847188345407316,9,871.0,0.23645101682566141,8,657.0,0.13609433895085113,137,6598.0
1490.0,158,1346.0,2.9197396963123645,4.068657756982549,11,483.0,0.19839711873402782,11,372.0,0.208104007283266,9,99.0,0.5524674190157509,7,33.0,0.4788492735295636,10,798.0,0.24512860401560407,6,375.0,0.23057483542114687,6,275.0,0.2760660748245527,1,5.0,0.5014591653769223,18,544.0,0.33479230187404463,0,0.0,0.9853639125990935,21,842.0,0.13411613349373117,5,806.0,0.1487128924238106,19,583.0,0.1513922618086743,9,37.0,0.26588221364434955,16,938.0,0.1498762803851884,9,517.0,0.12703239179896605,158,6707.0
1495.0,156,1235.0,2.6559139784946235,3.67351785272486,12,460.0,0.19446142596486266,8,344.0,0.24245331506574438,9,144.0,0.45721396504257056,2,37.0,0.3730888431141028,10,571.0,0.1902078196199122,8,409.0,0.20661369923056874,12,316.0,0.28626426485857176,7,26.0,0.0032103100082109216,12,525.0,0.224369826612878,1,3.0,0.6682281409266064,20,742.0,0.21441171457999592,8,836.0,0.19276559695661502,18,568.0,0.13635248672378647,11,93.0,0.23489183673331457,15,888.0,0.045556928365798124,3,493.0,0.2961712618557719,156,6455.0
1500.0,163,1141.0,2.4696969696969697,3.5021405822506195,9,378.0,0.14843464964966802,8,380.0,0.20403216922686776,13,198.0,0.07637070683045237,0,10.0,0.4311314870250163,8,604.0,0.1339213085437009,14,469.0,0.20065132506295352,18,394.0,0.26065194332867225,2,38.0,0.4520087999539682,11,405.0,0.23285707000566067,3,13.0,0.6482945254277325,17,783.0,0.16850305352533726,14,897.0,0.20261828501169987,11,433.0,0.1849704315591831,11,148.0,0.35828217190410544,16,737.0,0.07948138235475702,8,515.0,0.37599725490987657,163,6402.0
1505.0,168,1408.0,3.0476190476190474,3.696346549424921,5,401.0,0.17326447359968108,14,437.0,0.20520342418383933,16,278.0,0.0485180307231758,0,0.0,0.7636172791522554,10,642.0,0.14300267036619518,20,557.0,0.183332009063969,24,505.0,0.20883905605899897,0,14.0,0.8360847686373543,6,434.0,0.2712951460614277,0,9.0,0.7346165516298796,14,860.0,0.10765503959284532,16,841.0,0.17948924966109772,2,357.0,0.25114610303399354,11,205.0,0.23351471771871402,16,799.0,0.20221908762613472,14,570.0,0.22363519402903823,168,6909.0
1510.0,175,1307.0,2.798715203426124,3.553078007646615,10,408.0,0.18127146649914253,16,419.0,0.17468743369934206,10,280.0,0.2795195600211027,2,7.0,0.3339011703731065,12,588.0,0.1811710952699559,27,684.0,0.13941101793965235,19,519.0,0.11251519086497211,2,21.0,0.6150067226526965,10,472.0,0.2753782222121099,0,4.0,0.5800938375231466,9,812.0,0.22042824909267553,12,664.0,0.17432375466607888,7,380.0,0.39965939481618706,10,211.0,0.25153484378629265,14,866.0,0.20419822240490615,15,536.0,0.052367496915010615,175,6871.0
1515.0,149,970.0,2.072649572649573,3.867077411624576,13,463.0,0.16664103036963182,14,329.0,0.16905099195488005,0,183.0,0.5484092460569172,6,31.0,0.3912238953471011,8,379.0,0.18983558076702334,23,704.0,0.1620890906047007,13,438.0,0.10462511352923129,2,31.0,0.6948212638011847,11,429.0,0.3050572311985553,2,7.0,0.4457204047125899,7,648.0,0.30957422408107965,7,660.0,0.18768785743374589,12,431.0,0.2286207084303734,3,150.0,0.40436586890273174,10,801.0,0.15444010138220618,18,382.0,0.11687776233532379,149,6066.0
1520.0,138,834.0,1.7557894736842106,3.910789934878312,14,449.0,0.14725541838802508,11,251.0,0.27218545798254923,4,188.0,0.3615565630751688,7,64.0,0.45709591184233495,5,389.0,0.12096674764119071,19,614.0,0.0817760574101496,7,297.0,0.36959917686417565,2,41.0,0.7289560656519861,10,303.0,0.2928300350340889,3,19.0,0.6475771114148572,7,679.0,0.2199338403354709,10,702.0,0.11661137821980433,19,512.0,0.07642983960361072,2,135.0,0.3242574617941036,12,628.0,0.11091766980282226,6,374.0,0.3214183457499484,138,5645.0
1525.0,124,760.0,1.5899581589958158,3.6950527687121513,14,368.0,0.16211640874174166,2,258.0,0.3441817373248688,9,223.0,0.25485479046332193,2,61.0,0.4898326438993758,9,419.0,0.11987989024085323,12,635.0,0.23029424980524127,2,298.0,0.345018341766603,4,57.0,0.37748740681862775,7,153.0,0.2721486849026674,0,10.0,0.7754319686364775,9,718.0,0.09739602803557613,8,628.0,0.13245903835105763,24,628.0,0.03234890934967437,8,166.0,0.05778376175729654,8,614.0,0.1465326838752254,6,377.0,0.28204793846326703,124,5613.0
1530.0,153,924.0,1.9493670886075949,3.901884755352427,13,418.0,0.16511387905210392,8,261.0,0.3077143524367082,15,286.0,0.1390678310816763,3,24.0,0.34556229314128917,12,419.0,0.24031472504002416,11,689.0,0.321522849603859,8,281.0,0.33294269748504607,2,26.0,0.37137378150552214,3,152.0,0.3001393286295247,2,7.0,0.6233526217035404,14,786.0,0.14146753865613942,6,438.0,0.2734949279314345,18,604.0,0.18041328925885017,12,221.0,0.30298818244792736,13,639.0,0.2123163569375184,13,425.0,0.19757419077860916,153,5676.0
1535.0,158,1036.0,2.1538461538461537,3.8784406064652965,14,483.0,0.1755809950209518,10,261.0,0.1917311631089463,18,373.0,0.049019474563189225,5,39.0,0.20868651575450103,9,324.0,0.23446812869149597,9,645.0,0.2777318486422251,14,330.0,0.19110054705768909,0,11.0,0.6365654506572399,7,147.0,0.32084118679278345,3,13.0,0.3167303366682083,17,757.0,0.16234941622661367,6,379.0,0.345847219166288,12,468.0,0.2560769256829175,6,199.0,0.5074662329533406,8,584.0,0.2608435437341112,20,512.0,0.04006417728300224,158,5525.0
1540.0,144,786.0,1.620618556701031,4.1083795509007555,9,456.0,0.2204621448159157,10,218.0,0.24481577369903793,12,363.0,0.09050542303134347,1,34.0,0.24624879741385255,9,367.0,0.11245948621248548,9,518.0,0.17334283629120611,14,327.0,0.31631485454490144,3,17.0,0.4658518479591235,14,198.0,0.3054405664349193,4,22.0,0.4462816307415978,17,644.0,0.2056829018166257,7,403.0,0.27188056532655425,9,448.0,0.384099315539629,1,105.0,0.5236978033948619,5,420.0,0.16776827637774328,20,518.0,0.18697494785406152,144,5058.0
1545.0,119,567.0,1.1666666666666667,3.989396078836266,6,338.0,0.20431892057454942,3,241.0,0.3111583854214872,2,216.0,0.514021475595215,1,9.0,0.7567895374750774,15,436.0,0.06425592468008551,6,464.0,0.1317659039321638,8,234.0,0.19576842541427464,7,46.0,0.4983500377149838,14,221.0,0.1728955576545476,2,20.0,0.3634216531862238,13,706.0,0.09367423923229594,13,461.0,0.12627072361174324,7,479.0,0.28076900522178294,4,26.0,0.3326255410204098,3,402.0,0.14292065826514652,15,392.0,0.2422243987334748,119,4691.0
1550.0,139,752.0,1.556935817805383,4.273820218848838,7,221.0,0.2457468726640787,9,253.0,0.2610821646194323,2,186.0,0.48970991379351647,1,18.0,0.7397602271218929,18,514.0,0.15648472517849793,7,472.0,0.21298846853206163,5,254.0,0.1310437996420105,7,81.0,0.35224795676543363,12,200.0,0.22459095084108488,4,24.0,0.6063153623312878,14,758.0,0.12463776835077209,19,543.0,0.1734242874469599,13,528.0,0.14392724038482013,3,25.0,0.42895215342918896,9,433.0,0.21682926106294848,9,410.0,0.27146723958141256,139,4920.0
1555.0,155,956.0,2.008403361344538,3.903354851246674,7,195.0,0.3016112796757631,9,238.0,0.20287929127764368,8,210.0,0.3726976518837856,1,5.0,0.5569398281533491,15,511.0,0.1819009222823357,14,513.0,0.2488507949262448,9,278.0,0.18516570920914854,11,127.0,0.03502776060428881,4,228.0,0.24910845670808815,1,20.0,0.6356059998830991,11,701.0,0.09843040272529527,25,657.0,0.22030664395290778,14,505.0,0.05177611803842031,6,36.0,0.46726967140661746,13,488.0,0.23136107081926358,7,447.0,0.16611099590366157,155,5159.0
1560.0,175,1305.0,2.770700636942675,3.6202305847778287,4,194.0,0.335059331927449,7,172.0,0.19477102491917261,14,265.0,0.10043007055961353,6,22.0,0.4279164023773318,12,424.0,0.1986442974291309,19,602.0,0.27175610190125604,14,335.0,0.24006476679352992,7,136.0,0.12236140504788696,8,259.0,0.30960839903372633,4,17.0,0.4699792935513008,9,558.0,0.11242115694030198,27,790.0,0.15925525498041995,8,396.0,0.29495975984993095,3,43.0,0.4061795899958986,20,571.0,0.10387620086417178,13,498.0,0.18779255629075883,175,5282.0
1565.0,205,1711.0,3.609704641350211,3.3562213815426616,7,192.0,0.29714527155562137,9,111.0,0.24543634544796916,14,261.0,0.06293720553746861,7,58.0,0.34384466706309824,14,493.0,0.1985833595093606,26,719.0,0.06152522236216689,21,427.0,0.2061486303198984,0,70.0,0.47259186801732767,14,318.0,0.21518415902389376,2,18.0,0.3843379249705578,7,583.0,0.21353292289984588,28,799.0,0.01868610258462793,4,416.0,0.36580444424689246,6,39.0,0.4160762718982321,27,694.0,0.033340146764058186,19,583.0,0.1602886032872046,205,5781.0
1570.0,197,1720.0,3.575883575883576,3.6686676078872593,10,197.0,0.2259959862251481,3,118.0,0.3152124896928352,4,189.0,0.343399304700582,7,97.0,0.41739783939175884,17,574.0,0.18091232460703138,26,733.0,0.07864599867247801,15,427.0,0.1416323389269425,1,54.0,0.49651204819901557,15,330.0,0.153213959917465,3,20.0,0.5215295516784,11,612.0,0.23281429530010256,20,688.0,0.09410642054659384,9,450.0,0.3468037602956362,3,47.0,0.4053189107392911,28,697.0,0.11402855618212304,25,702.0,0.11851898931177111,197,5935.0
1575.0,161,1242.0,2.614736842105263,3.8379423924924194,9,170.0,0.21342859813733295,7,121.0,0.30246012199546496,3,162.0,0.44359117892147487,1,85.0,0.6038217346610575,13,554.0,0.09129472678501141,16,626.0,0.1963722659245555,10,318.0,0.276639247595184,6,76.0,0.5749168505117862,14,294.0,0.15974392764549933,3,37.0,0.7149957462930279,11,568.0,0.146045785073378,10,705.0,0.2688129134949672,9,400.0,0.11069609056196472,6,46.0,0.4821397329365622,22,606.0,0.1731340334170295,21,723.0,0.13461735957513768,161,5491.0
1580.0,136,812.0,1.7023060796645701,3.775613413824539,6,191.0,0.18525389944474854,11,135.0,0.23952323950311527,8,189.0,0.41824720643682217,0,8.0,0.6828062345084053,11,466.0,0.13855129278654943,9,667.0,0.19002626551856744,5,341.0,0.22878072576227837,1,58.0,0.5650194403511425,12,244.0,0.2642809052643723,2,18.0,0.7249093624678469,15,582.0,0.07783580450794048,10,742.0,0.2799964456783417,8,289.0,0.10599025556606509,7,74.0,0.500609918933358,15,615.0,0.10630409902492288,16,634.0,0.1704656709628874,136,5253.0
1585.0,132,685.0,1.415289256198347,3.9337304870524132,9,208.0,0.18532163546681654,10,157.0,0.18449832266670557,11,245.0,0.19919580489584687,1,6.0,0.43772089214814514,9,499.0,0.1889384021227539,11,720.0,0.10084494251057134,9,357.0,0.31811629643381856,3,12.0,0.3662699974379123,8,219.0,0.35709472997581665,2,13.0,0.6915157094072172,14,641.0,0.17169715476284747,13,796.0,0.14390794690791536,3,302.0,0.1496297852204817,3,61.0,0.35956868082317384,12,679.0,0.11932022640075397,14,695.0,0.26982727487044134,132,5610.0
1590.0,146,743.0,1.5225409836065573,3.8925463144107235,11,212.0,0.17181805207208714,8,195.0,0.16585668251748886,10,228.0,0.18095536690797379,7,32.0,0.33427379624310927,10,514.0,0.13174681715981668,16,790.0,0.1908290202782556,17,424.0,0.1885754371475083,0,12.0,0.5263492057179074,4,182.0,0.39423475601797303,2,5.0,0.4833685582152818,16,689.0,0.1748891238635556,15,751.0,0.04552776239491738,9,333.0,0.10310400699454772,5,39.0,0.2621432070501306,7,644.0,0.2600974861183266,9,750.0,0.2610461774438598,146,5800.0
1595.0,153,826.0,1.6960985626283367,3.9000107854898087,11,183.0,0.17734796846864403,12,228.0,0.25039144015351206,1,146.0,0.37256971773977954,2,41.0,0.4162708066639549,15,570.0,0.07403746131427939,17,762.0,0.19446537412562737,16,425.0,0.10115422393950256,4,20.0,0.5636615864581614,6,160.0,0.326808508635901,7,22.0,0.27388665816372104,19,660.0,0.07983179376494182,13,623.0,0.2627335798457899,15,403.0,0.3222164357110622,2,37.0,0.41883182849005113,4,515.0,0.2871693749601068,9,694.0,0.15704203422381643,153,5489.0
1600.0,149,795.0,1.6425619834710743,3.873044173628024,13,148.0,0.20561354577281055,13,247.0,0.17992746091862136,2,129.0,0.4278265297687002,3,31.0,0.675822012525301,15,557.0,0.09547747125032136,13,631.0,0.15437931185810555,10,306.0,0.3029628311370735,1,18.0,0.5038427751854795,12,206.0,0.20552579034209173,9,55.0,0.22356957651629097,19,543.0,0.0810327379393467,6,426.0,0.3849815100578335,13,384.0,0.3823548180345,6,44.0,0.4166357691826574,5,533.0,0.16373667217061974,9,549.0,0.112314153123384,149,4807.0
1605.0,134,691.0,1.4395833333333334,3.740645920142461,13,209.0,0.20293356886935815,13,205.0,0.17024012452330226,7,157.0,0.2608803410860463,1,14.0,0.5774504435610637,13,464.0,0.20947197817119792,12,434.0,0.2100118655302757,2,316.0,0.30305911054094137,6,28.0,0.4874701518217901,18,285.0,0.3178508378926012,4,63.0,0.3140696515004047,12,556.0,0.10091080098436431,4,318.0,0.3192087068669901,10,285.0,0.2660833512127679,0,33.0,0.48495968711368087,10,576.0,0.09981945643160273,9,588.0,0.09993547866121301,134,4531.0
1610.0,143,712.0,1.4771784232365146,3.6023596741842807,11,230.0,0.2240077241708642,10,255.0,0.18900611986507512,8,144.0,0.07459461011100799,5,23.0,0.2761619742004546,16,530.0,0.21231669480171858,5,457.0,0.30430540273842976,8,321.0,0.18540060706507824,2,33.0,0.45649687152491375,20,379.0,0.19723657773819914,2,48.0,0.3687046404118735,11,583.0,0.14099445395140126,4,290.0,0.3269622407587328,10,328.0,0.1381247493058091,5,24.0,0.48057356321521694,16,640.0,0.20204095436373562,10,624.0,0.09362281670245207,143,4909.0
1615.0,151,860.0,1.7731958762886597,4.240440427220961,13,231.0,0.23788609812339423,11,296.0,0.22996731911451077,0,78.0,0.5016757432393897,6,55.0,0.43419754352114054,13,605.0,0.12651128143279614,8,465.0,0.32499377481609015,8,288.0,0.10608796120872262,7,34.0,0.48853655010031016,19,405.0,0.18706085964017077,6,55.0,0.4132934061124632,10,530.0,0.22843856411269453,7,309.0,0.34727742987250626,13,375.0,0.18406974603347975,5,45.0,0.5024671086421845,17,626.0,0.1854903047762762,8,581.0,0.24779948279942154,151,4978.0
1620.0,129,717.0,1.4783505154639176,4.342310147338034,21,290.0,0.16864188357281878,7,285.0,0.21222393515548385,2,74.0,0.6251865824359143,0,46.0,0.5683284826800604,10,577.0,0.0975716599790226,9,426.0,0.10552343493438181,7,199.0,0.16880365123616692,2,40.0,0.4579688028833381,11,356.0,0.2720186290564911,1,51.0,0.5577373091450333,7,414.0,0.33272376601201187,13,362.0,0.3827048337034998,11,349.0,0.1404192345522853,5,74.0,0.5216211594281005,16,531.0,0.11446150488949204,7,443.0,0.34027827951377043,129,4517.0
1625.0,136,679.0,1.4028925619834711,4.09779982088992,24,345.0,0.13049498620329414,5,232.0,0.25431598379705317,7,96.0,0.4314658315959993,0,6.0,0.4487794429661935,7,462.0,0.1374798228065404,9,329.0,0.26365679928610647,4,191.0,0.30958266322208705,6,33.0,0.37747322133026145,5,234.0,0.3833036695203989,2,19.0,0.7172123393008152,7,374.0,0.2504177213813278,20,444.0,0.15605095274055822,13,272.0,0.10220460349682041,2,60.0,0.36341185510200386,18,518.0,0.12921128423220773,7,472.0,0.26490000473460884,136,4087.0
1630.0,135,803.0,1.6556701030927834,3.852124663462844,23,359.0,0.1564434715163363,4,230.0,0.2552538296244834,6,92.0,0.08237255163796327,3,16.0,0.45055608149986776,5,450.0,0.11055528579270722,5,347.0,0.29913698050281623,7,217.0,0.2478242897236489,9,64.0,0.18525195867299873,2,231.0,0.3391499689077853,4,24.0,0.6205085888519578,11,414.0,0.1393805249275432,25,564.0,0.044233863308031966,9,271.0,0.14445369945124725,0,11.0,0.5639532919144025,13,528.0,0.23205104248543804,9,513.0,0.25695079224112927,135,4331.0
1635.0,149,938.0,1.9582463465553235,3.786438499767152,22,404.0,0.14596899023112736,7,259.0,0.2062512714774475,3,65.0,0.41189498503920935,6,40.0,0.581651921404554,8,490.0,0.10275875761409642,10,364.0,0.26766794128180166,15,277.0,0.13871922785586127,9,109.0,0.0,8,250.0,0.3151634687404183,2,21.0,0.31552297855766614,11,390.0,0.1101869589798717,20,580.0,0.19925241881005798,7,270.0,0.3320250022354297,2,18.0,0.38673115159760746,8,577.0,0.25361023408743666,11,465.0,0.20866564255968265,149,4579.0
1640.0,176,1175.0,2.4377593360995853,3.5416935324249703,13,442.0,0.20055535726408857,15,316.0,0.20832703020346996,5,71.0,0.5613725042104447,1,38.0,0.43539419934472484,12,545.0,0.09938261225354372,16,429.0,0.13058652112884517,15,276.0,0.08160088280171617,9,158.0,0.08373310815844076,13,306.0,0.18669400718102644,8,25.0,0.33052250415684264,12,319.0,0.11301503395187967,10,465.0,0.3683437389971787,13,309.0,0.3549104794502213,7,44.0,0.45523926323959985,16,607.0,0.09772692889422407,11,341.0,0.10160263479643139,176,4691.0
1645.0,168,1053.0,2.175619834710744,3.388026352751634,8,456.0,0.23343513730607673,15,332.0,0.1844704737081429,9,97.0,0.40731740900145985,6,30.0,0.2520094382255443,13,525.0,0.17481096265892138,23,539.0,0.061398973399540764,11,232.0,0.2878341000908097,3,143.0,0.4621307860641891,15,312.0,0.19020178622350253,4,42.0,0.3695613697363049,9,262.0,0.16088565302114982,9,502.0,0.2047287737998307,14,313.0,0.14023473076212223,2,49.0,0.4762814345104611,17,625.0,0.09054981796723734,10,386.0,0.1474629864811781,168,4845.0
1650.0,151,1050.0,2.151639344262295,4.180228442630105,10,440.0,0.19599749045657638,11,287.0,0.17273893143147404,8,102.0,0.0953967662979267,6,58.0,0.4207385452733107,11,397.0,0.3078231072358638,25,663.0,0.2452555271454794,3,220.0,0.38505167296470777,0,42.0,0.8005152607618049,7,236.0,0.38417519532917815,3,30.0,0.6535599356567805,4,269.0,0.24678118945866812,13,551.0,0.1393941914587234,16,279.0,0.08318075465366162,1,15.0,0.5110936369914397,25,731.0,0.07884353647599025,8,403.0,0.27035989997912174,151,4723.0
1655.0,157,1210.0,2.4543610547667343,4.361000938317475,17,490.0,0.18773457674920474,12,320.0,0.21672227466554767,4,76.0,0.20997674021360302,0,49.0,0.6989659011188815,12,448.0,0.2758053055450838,23,670.0,0.21484824190986193,6,242.0,0.24493775872628534,2,45.0,0.5277962593944777,4,247.0,0.28934232854175596,2,28.0,0.5906549894196317,10,255.0,0.3426994439029833,9,509.0,0.13107978645711865,9,312.0,0.17156913097552068,1,20.0,0.6959728816372794,31,876.0,0.12693038294805972,15,456.0,0.22412198180882764,157,5043.0
1660.0,179,1633.0,3.319105691056911,4.283373906150126,23,594.0,0.12423074731821271,7,363.0,0.2544164459499343,2,79.0,0.3763226089030261,0,8.0,0.665651752699899,12,509.0,0.19902810329495457,19,557.0,0.24680331412231288,13,295.0,0.2190962741087021,2,55.0,0.6551043341275731,9,276.0,0.25088530685928334,4,36.0,0.4431909460332063,16,320.0,0.2727250068506693,8,349.0,0.23184281172965704,7,317.0,0.3228635538323317,1,7.0,0.5129383997366094,35,1045.0,0.18379335952814876,21,549.0,0.09307260129842361,179,5359.0
1665.0,206,2017.0,4.133196721311475,3.917899912769524,23,637.0,0.10198506919049148,16,419.0,0.1872687051539888,8,99.0,0.4616063132839076,1,6.0,0.4671721148875678,10,478.0,0.16920540306611576,11,584.0,0.2567026825137406,14,310.0,0.2031713616819683,0,6.0,0.8366420884695899,10,259.0,0.158616469129684,4,33.0,0.32628220358162924,25,428.0,0.17607730051742349,5,271.0,0.3854994511678836,13,354.0,0.2529729598538223,2,13.0,0.6000239745066206,37,1225.0,0.19510685799380875,27,673.0,0.00027601831973807965,206,5795.0
1670.0,192,2079.0,4.260245901639344,3.8917815892538297,23,603.0,0.134506735721059,15,437.0,0.22179324759283672,9,144.0,0.37408348460527313,2,11.0,0.21549859173540217,11,386.0,0.27824856754757693,11,625.0,0.1852442733772076,9,257.0,0.3513300599360164,0,4.0,0.8305229834164993,8,184.0,0.26500182948040135,3,26.0,0.5936247835790022,25,476.0,0.08079693811340767,2,252.0,0.35565670053979415,15,362.0,0.13237362086734814,1,11.0,0.22038083895552849,37,1410.0,0.1445030746809388,21,665.0,0.03113196839121686,192,5853.0
1675.0,167,1838.0,3.7818930041152266,4.384487415720481,16,692.0,0.18176194431779374,15,356.0,0.1866509180355275,9,189.0,0.3953168153285846,6,28.0,0.3962802713362648,7,414.0,0.19118553903539548,15,682.0,0.14583374426041962,1,169.0,0.48524102111002904,0,4.0,0.8979699226751229,2,191.0,0.39314392754267585,5,40.0,0.598525797644455,24,432.0,0.059065052806653084,8,274.0,0.29921878906284294,15,319.0,0.09657775019078313,1,13.0,0.7115618586725514,32,1437.0,0.08631736474004441,11,470.0,0.2759614820447656,167,5710.0
1680.0,140,1318.0,2.745833333333333,4.139644011082669,13,758.0,0.17333234483257773,11,409.0,0.20797372856913554,3,167.0,0.375619049733416,0,32.0,0.5412569266787333,9,427.0,0.12826616554144304,18,657.0,0.04710925573568246,5,104.0,0.4860962430966633,1,10.0,0.6127535109509302,8,215.0,0.23159161767869235,2,31.0,0.3123883435096961,17,524.0,0.20604062007941804,8,255.0,0.1363041574104962,12,381.0,0.236877198285146,0,8.0,0.8015690414919943,29,1314.0,0.07331449302765626,4,502.0,0.3537562184173484,140,5794.0
1685.0,134,953.0,2.014799154334038,4.164401842692179,9,725.0,0.18632770981879257,9,444.0,0.2414413607814174,0,71.0,0.47392224632551344,0,8.0,0.5727528789037285,15,484.0,0.1175609480034182,17,558.0,0.1392493016403561,4,92.0,0.2975079866285341,6,28.0,0.43164585017756246,15,275.0,0.16831427167548976,5,22.0,0.4228633810810056,12,578.0,0.223243401471707,8,260.0,0.22479109980247725,11,419.0,0.24867816442465598,0,4.0,0.8531807990408449,16,1414.0,0.17244432670202497,7,527.0,0.20315764228622799,134,5909.0
1690.0,140,830.0,1.777301927194861,4.099604485192497,8,576.0,0.20009541845261952,14,505.0,0.218722216404887,3,79.0,0.46864320556591815,0,4.0,0.8493814963619337,17,481.0,0.16373701885410788,8,564.0,0.23014336599511492,7,97.0,0.32123715650060125,6,44.0,0.43168473685275927,15,279.0,0.18563176367686673,5,50.0,0.42812434434452873,10,554.0,0.1461185730173885,8,288.0,0.299271077053643,16,481.0,0.1666178246577427,1,6.0,0.8024189963557524,14,1461.0,0.20409360715470015,8,474.0,0.12023014103905338,140,5943.0
1695.0,136,704.0,1.5107296137339057,4.11024252401596,9,517.0,0.21007075440701065,16,507.0,0.1597820079050541,9,107.0,0.4826780268426558,2,4.0,0.606650101253049,14,412.0,0.22483755785439974,7,585.0,0.22543643204248157,11,133.0,0.2236716884716503,3,40.0,0.3440445962090192,7,224.0,0.2745937410426748,0,37.0,0.6146673565414609,10,467.0,0.12542947756041697,14,347.0,0.264366594729373,17,489.0,0.07065468957702205,1,11.0,0.7069810990065993,10,1362.0,0.12051753005753303,6,363.0,0.3027701980651109,136,5605.0
1700.0,145,929.0,1.9516806722689075,4.043890940596552,7,521.0,0.22558337993153352,16,434.0,0.1590783045904341,11,159.0,0.30926026790340366,2,14.0,0.758054603647963,12,381.0,0.12926199925906431,13,638.0,0.1031009171243115,15,202.0,0.26313114306746793,4,51.0,0.12413696724134035,3,240.0,0.3739015885529132,2,10.0,0.6935868565221998,9,366.0,0.13468740344430635,20,437.0,0.09206587566512661,16,428.0,0.10095471613371532,1,16.0,0.775651413292258,12,1133.0,0.10490948961977675,2,331.0,0.4556986149986486,145,5361.0
1705.0,151,1106.0,2.3382663847780125,3.8742677465563977,9,532.0,0.21692304420180447,14,451.0,0.1828176349138376,14,222.0,0.010331434497904276,0,0.0,0.670810589993542,9,415.0,0.11879281418270364,14,618.0,0.1966646131634941,15,279.0,0.32954473138982676,10,91.0,0.1638148597315402,8,268.0,0.2591408029778623,0,7.0,0.39169350062515557,3,362.0,0.19237604811609468,27,560.0,0.019787345540138446,9,312.0,0.3336431678313668,1,9.0,0.8039757773681536,10,863.0,0.1523734949967193,8,354.0,0.32087928949838784,151,5343.0
1710.0,158,1240.0,2.6439232409381663,4.303355232126169,14,539.0,0.20496707673756243,12,506.0,0.1962007201805177,12,220.0,0.07156442492428713,0,4.0,0.559707387753376,10,441.0,0.15810706345831738,12,503.0,0.28909834626267655,9,273.0,0.3785017247160704,11,150.0,0.3418833504352331,10,247.0,0.193877333114384,6,28.0,0.34381522253016394,9,351.0,0.31041660384952974,33,718.0,0.11903617794102853,3,306.0,0.4346125524043429,1,10.0,0.7969147558310768,3,870.0,0.3081582361362072,13,410.0,0.1753403267934686,158,5576.0
1715.0,152,1150.0,2.431289640591966,4.227842940986523,20,620.0,0.14475057662094126,8,473.0,0.22522848111562868,2,155.0,0.41224523484938885,2,8.0,0.4947743358854294,12,435.0,0.19846226413871154,13,554.0,0.2544793053511476,4,185.0,0.1906094832026721,11,205.0,0.4816752710475069,7,188.0,0.26350860094752504,2,35.0,0.5906247263983517,9,346.0,0.33681829747905073,28,766.0,0.18583466084718678,8,327.0,0.20550650569763065,2,7.0,0.5461854860453503,7,861.0,0.3333570387469539,17,398.0,0.03927738705019233,152,5563.0
1720.0,152,1032.0,2.141078838174274,3.9382485012432835,19,628.0,0.132895741930961,5,342.0,0.23683204589936538,3,164.0,0.568879041060666,4,28.0,0.6432810551339272,15,463.0,0.2216126116754343,12,611.0,0.18744700603830758,5,183.0,0.16066370244776362,6,197.0,0.33673170736735125,3,203.0,0.39913704900604907,2,19.0,0.6698901038554069,9,385.0,0.2211077083307735,22,678.0,0.10623779180970952,15,394.0,0.20532674969155926,7,28.0,0.18812056462149943,12,909.0,0.19073148534718745,13,312.0,0.09143217285803563,152,5544.0
1725.0,155,936.0,1.9338842975206612,3.2332187614374464,23,554.0,0.15281967797569732,2,321.0,0.2673953187970131,9,195.0,0.3346674413092025,1,21.0,0.5157558623848497,16,515.0,0.13943115656512034,11,574.0,0.1218624918273037,7,198.0,0.2861353604054067,6,130.0,0.17964681920285597,8,233.0,0.21496182845381506,0,10.0,0.4297706378742613,10,437.0,0.0701130049875576,17,560.0,0.13103528392566252,20,488.0,0.2517587858145887,1,36.0,0.164601470208717,16,862.0,0.07778035052548403,8,315.0,0.14608970011601838,155,5449.0
1730.0,169,1043.0,2.132924335378323,3.7085499296559057,20,511.0,0.18372304210378462,6,341.0,0.2273839155775656,14,255.0,0.08725528533462039,6,25.0,0.31517264817148316,20,591.0,0.0823546623414276,9,448.0,0.19993097932330517,13,246.0,0.45909427245173606,4,119.0,0.36089440124152705,14,292.0,0.16720999072371273,5,19.0,0.38444414903795393,15,501.0,0.06776010001600292,5,593.0,0.3134715896880582,18,499.0,0.2158009896992954,0,15.0,0.736880481602233,13,632.0,0.1984356867820871,7,345.0,0.18387372387056045,169,5432.0
1735.0,162,1083.0,2.210204081632653,3.9099438242027116,12,579.0,0.20024208833881602,7,308.0,0.23994098278962514,19,348.0,0.04052278052036845,1,26.0,0.10187120860590623,22,692.0,0.03313912827178999,6,430.0,0.1765695900117447,8,229.0,0.3477286343548727,8,134.0,0.3768318165222379,16,301.0,0.15559109549420244,2,29.0,0.4614367973239565,22,598.0,0.037532571685997815,8,588.0,0.3287647872128297,15,400.0,0.17503437271041408,0,8.0,0.8397240702225247,9,525.0,0.31769272765494255,7,303.0,0.23610235400390184,162,5498.0
1740.0,165,1212.0,2.5355648535564854,3.9400673948525724,11,604.0,0.18796478864964108,7,224.0,0.24510369104137672,19,443.0,0.1897518092936102,3,15.0,0.19527365385417222,28,820.0,0.011597985962388185,7,448.0,0.1342042348635426,8,143.0,0.22482237417531722,11,179.0,0.41555392119470413,12,258.0,0.2859650164759777,3,22.0,0.558697434143734,24,635.0,0.03223465997865713,11,561.0,0.10732702806554503,11,299.0,0.18868392889320612,0,4.0,0.840087034752646,7,535.0,0.24246737004269364,3,194.0,0.3017657146726006,165,5384.0
1745.0,140,1103.0,2.307531380753138,3.636517970013972,12,626.0,0.20067692417163366,4,238.0,0.20864047253333262,15,449.0,0.08071133422212043,3,30.0,0.5930100292273484,28,861.0,0.11921056086505999,13,506.0,0.09950018678110792,3,128.0,0.17861698595043266,5,154.0,0.23329907628363764,5,257.0,0.22052959227888547,0,17.0,0.6624587546584126,23,579.0,0.17050893858857563,12,483.0,0.21583181564384843,3,323.0,0.2792008005613314,0,8.0,0.5041165511963202,10,568.0,0.18624200678205835,4,207.0,0.13352909606749208,140,5434.0
1750.0,153,1045.0,2.2046413502109705,4.013659190333975,20,703.0,0.14834966845746805,10,273.0,0.22430513962480117,9,354.0,0.30013035873268573,0,16.0,0.7440408838929374,23,794.0,0.24297468145771378,15,484.0,0.32127334469933133,8,146.0,0.14792342133659755,3,80.0,0.20764497192851553,7,283.0,0.25937600373380243,2,7.0,0.48052140479858607,16,622.0,0.29385381350553363,4,500.0,0.23674626217444242,7,325.0,0.3248037162163399,6,26.0,0.31930276648960276,14,631.0,0.12352386158468992,9,244.0,0.10693645470969589,153,5488.0
1755.0,159,1074.0,2.2802547770700636,4.144631446911586,22,705.0,0.10651746591355733,11,266.0,0.19455749371051795,3,345.0,0.3581545839073903,0,4.0,0.8342176569064332,14,663.0,0.32655718717065196,11,364.0,0.28971950720112266,8,132.0,0.2995320248208421,2,33.0,0.5734292083695036,8,265.0,0.24098888924712483,1,12.0,0.374025277740623,13,688.0,0.2396514783892237,9,506.0,0.26854318389839604,14,381.0,0.2502901516261425,6,43.0,0.39298491935910257,22,728.0,0.11571315493207096,15,309.0,0.19075428003976994,159,5444.0
1760.0,170,1238.0,2.617336152219873,4.1020301129462515,20,612.0,0.15934879026054355,9,192.0,0.28866248404031186,8,372.0,0.325606249349447,0,0.0,0.6324299690426455,8,666.0,0.23777344816315862,10,340.0,0.14660213459808405,1,79.0,0.42859620944196963,2,18.0,0.6117886173588433,6,183.0,0.3230409423763833,3,20.0,0.6794639739577663,14,750.0,0.15838266140070392,14,563.0,0.1301779275825443,22,472.0,0.09973888643147591,2,23.0,0.3237609479583052,29,857.0,0.1903363396697141,22,406.0,0.23972834431068646,170,5553.0
1765.0,185,1548.0,3.211618257261411,3.9448895301803075,17,692.0,0.1852783268297708,7,141.0,0.30590076332494176,10,342.0,0.26556278901130687,1,11.0,0.38355978820852044,7,692.0,0.23795103672636148,8,382.0,0.2385499033479864,2,61.0,0.37301702342211324,6,41.0,0.5026294747624178,3,170.0,0.26013618612637346,4,38.0,0.6022569251902867,22,845.0,0.061317237095798456,16,556.0,0.025759850996301785,24,595.0,0.04524703155568958,2,21.0,0.09529069128793044,30,862.0,0.2063091117771695,26,527.0,0.1780192078940438,185,5976.0
1770.0,177,1600.0,3.3472803347280333,3.98470771125462,15,760.0,0.1869582031704279,2,141.0,0.30853785776766557,5,233.0,0.3377805839231646,0,8.0,0.8202103456752562,13,745.0,0.16524354115401624,13,434.0,0.2527232212811955,8,87.0,0.19521146399079553,3,44.0,0.12316073522710724,7,194.0,0.21879928329781198,1,29.0,0.4119569381972757,27,969.0,0.13801667672137613,12,458.0,0.14025747716022224,18,598.0,0.2648194326347773,4,41.0,0.19947424601878913,28,734.0,0.12770040250577291,21,566.0,0.1595264767765578,177,6041.0
1775.0,165,1299.0,2.7815845824411136,3.9054908030654096,10,712.0,0.18808413468985044,7,155.0,0.33290543466494776,3,236.0,0.30522456019819705,0,6.0,0.8604811109662829,16,725.0,0.09702475681416058,19,519.0,0.14607808560594449,14,149.0,0.028975484115102944,2,23.0,0.31931134805655637,8,184.0,0.23373674080689172,5,23.0,0.38184153850287805,28,984.0,0.17614918489047784,3,434.0,0.34033852224524225,11,472.0,0.2705344595260801,0,28.0,0.7613163745857683,19,778.0,0.0938050610133989,20,481.0,0.09140471491801812,165,5909.0
1780.0,163,1185.0,2.5429184549356223,4.137693567406584,9,577.0,0.21332368702488186,8,153.0,0.3456845015416291,9,263.0,0.29487885280207626,1,5.0,0.48827908441621637,14,625.0,0.2136824286334083,25,637.0,0.10184756806355459,15,226.0,0.22702783803711513,3,22.0,0.2439574294413218,7,144.0,0.23163072444582722,7,56.0,0.5321048549417956,24,875.0,0.15528929765709673,7,451.0,0.3797315208286137,10,520.0,0.1697856162343665,0,8.0,0.8640300569836851,13,836.0,0.12425147864252933,11,508.0,0.21941513446119304,163,5906.0
1785.0,148,989.0,2.15,3.6750196484469875,7,573.0,0.20088612002320008,8,119.0,0.24624536132332753,15,329.0,0.2134832254098293,5,24.0,0.23640144344905262,12,561.0,0.27365121939391274,26,659.0,0.1340618126497709,9,233.0,0.4159217247599693,7,53.0,0.18706001717642726,3,154.0,0.22368698102555085,1,54.0,0.5324100322037556,14,854.0,0.12972336948968394,10,410.0,0.1921170690402113,10,571.0,0.13420288152604226,1,3.0,0.6073411288442008,11,754.0,0.1159268266104375,9,551.0,0.2674232934460484,148,5902.0
1790.0,130,805.0,1.7538126361655773,3.7559618188682693,9,613.0,0.1963017694775208,6,111.0,0.26661639529674347,20,427.0,0.2037251715871514,0,23.0,0.5993608858904949,9,586.0,0.16045158127083659,20,553.0,0.16442222854690922,1,135.0,0.5020298294405157,2,49.0,0.4971242537072313,8,176.0,0.19203118822918,2,22.0,0.46786951956815825,10,912.0,0.25482095264172927,11,288.0,0.09559319149191209,10,540.0,0.2585758535192519,5,25.0,0.31178878667375204,9,619.0,0.23805548765975093,8,518.0,0.1621882548801878,130,5597.0
1795.0,113,722.0,1.5593952483801297,4.158507665206108,14,672.0,0.17387198409186788,5,140.0,0.2885838528115616,15,422.0,0.22139159058561142,0,2.0,0.7538593170837763,11,628.0,0.1615246380717506,13,445.0,0.15597474906105038,2,137.0,0.4221986302747685,1,22.0,0.7562717861516731,8,174.0,0.19018177763104993,1,7.0,0.42111551433528793,12,966.0,0.2815715909198718,5,317.0,0.12365292703849834,6,422.0,0.29073704658701593,5,52.0,0.44891543619429636,6,549.0,0.2537181768842749,9,391.0,0.1534885120916711,113,5346.0
1800.0,124,670.0,1.4135021097046414,3.964669024869913,14,658.0,0.16588663891270614,10,149.0,0.14984514365960352,11,319.0,0.18275977781517452,3,10.0,0.6421503172009171,18,704.0,0.09820086768873452,6,360.0,0.28223368835581725,8,165.0,0.3278393076669469,1,8.0,0.6106987365260635,8,134.0,0.21208346116779508,5,28.0,0.565936842899337,13,902.0,0.1500342904861102,9,334.0,0.10640206054379715,7,448.0,0.16006364246302568,5,79.0,0.589917454554679,3,545.0,0.1786999915986502,3,360.0,0.2633472331876282,124,5203.0
1805.0,148,801.0,1.6722338204592901,3.8438216289779157,12,552.0,0.17505047567166698,14,162.0,0.3394792170494665,7,305.0,0.3267424012471915,6,31.0,0.3936891598714706,18,686.0,0.15995147920835812,2,334.0,0.4691540786625454,12,173.0,0.11980281012784516,5,24.0,0.32778026516920933,5,129.0,0.20781335607411272,5,53.0,0.5803232720913272,17,788.0,0.08690707387223556,15,404.0,0.30384631556162084,8,490.0,0.11346061292357074,7,109.0,0.4136501378455929,9,542.0,0.16959759689469128,6,365.0,0.25696402958076836,148,5147.0
1810.0,178,1113.0,2.31875,3.9186483449102405,14,386.0,0.25158596611524253,16,227.0,0.32611275455694666,8,327.0,0.28267317270955333,6,46.0,0.28063208251468447,16,569.0,0.27234157582749363,7,343.0,0.4515057466306941,10,117.0,0.2597349005003923,6,57.0,0.4268741582457088,8,157.0,0.24046890344383848,3,47.0,0.33431113547719293,13,800.0,0.10097805498095482,21,499.0,0.2760442745423942,9,446.0,0.22369992212842132,11,154.0,0.2960224440212789,15,609.0,0.121665813224528,15,420.0,0.16939467718920004,178,5204.0
1815.0,177,1305.0,2.70746887966805,3.7392130161452948,6,415.0,0.2700196331877401,21,323.0,0.13948935795798306,15,391.0,0.0171769222010066,7,50.0,0.34757869530815866,14,640.0,0.24365255483908763,10,330.0,0.23324498185047082,2,131.0,0.36916252642024217,0,48.0,0.6492375071013264,13,214.0,0.16412501554000444,2,13.0,0.4396074663062157,12,835.0,0.12152536862204644,26,614.0,0.23707481125314978,5,307.0,0.3610809920472015,6,145.0,0.3484417993306876,18,603.0,0.17526627128083963,20,512.0,0.11890995911096261,177,5571.0
1820.0,200,1768.0,3.645360824742268,3.981402246703264,5,432.0,0.2935372498072018,22,368.0,0.13503249744879137,21,486.0,0.04389188941956697,7,67.0,0.2855405153203063,14,717.0,0.17227517426243566,10,269.0,0.16871634506685712,9,132.0,0.33826910268401617,0,8.0,0.6769846894604197,20,305.0,0.15349385024254594,3,10.0,0.34739939741673087,14,885.0,0.22097697701861346,27,749.0,0.16064581700589947,4,328.0,0.3097248449375589,4,60.0,0.40928652028022877,14,519.0,0.2384730422710765,26,637.0,0.2583842495537403,200,5972.0
1825.0,198,1998.0,4.0120481927710845,3.6726501437867816,8,380.0,0.24581771366842464,14,343.0,0.2580193712512032,15,479.0,0.2411516373087518,3,70.0,0.1887012862717843,11,671.0,0.09479355799164109,6,274.0,0.20781951826339667,11,136.0,0.12475573662244063,2,5.0,0.497841605439243,25,421.0,0.22535372165968406,6,36.0,0.38049678186938823,14,842.0,0.23078169733419443,27,886.0,0.08960985038029509,9,363.0,0.20817570572814878,1,47.0,0.5196144641955661,16,483.0,0.137718249398128,30,781.0,0.21203554797950924,198,6217.0
1830.0,187,2114.0,4.296747967479675,3.7277051700970207,6,284.0,0.2164141471800472,4,373.0,0.27036986958710557,5,360.0,0.39134368688229754,5,44.0,0.5713922019264603,9,534.0,0.12007662402402752,9,282.0,0.41121033718698613,13,146.0,0.08726095754071006,5,26.0,0.5252494158211873,23,473.0,0.11271863016529127,0,33.0,0.4781789836451429,10,684.0,0.1583690056312893,27,1027.0,0.10784185724758287,14,420.0,0.1692780182438964,6,58.0,0.3869689004818966,15,540.0,0.13144641541905994,36,953.0,0.16331802395978617,187,6237.0
1835.0,166,2086.0,4.265848670756646,3.7882992781207507,5,186.0,0.22551330636818476,8,407.0,0.2291749327514265,2,344.0,0.2830809794363753,0,30.0,0.7156358934850471,5,555.0,0.21954720345202633,15,335.0,0.2534802545937925,5,168.0,0.16674289403475043,5,55.0,0.49942385519399085,17,445.0,0.2218218608181453,1,8.0,0.6947126197263824,11,693.0,0.09768992906947667,30,1171.0,0.11443003253828178,14,400.0,0.13912328875962438,4,54.0,0.18621016865761117,12,581.0,0.17249459878732384,32,999.0,0.10333439011179245,166,6431.0
1840.0,169,2130.0,4.3117408906882595,4.079684488467286,3,184.0,0.23600723397040246,10,391.0,0.20424808694336916,6,349.0,0.3339940196552796,1,8.0,0.3320237812526398,9,576.0,0.2399427957800483,21,428.0,0.10438196415651804,8,164.0,0.30022807607444424,1,44.0,0.43067640154600084,10,447.0,0.28705024809422136,0,4.0,0.7552405425833244,13,752.0,0.1047710898747737,33,1335.0,0.13767611243364358,6,275.0,0.18065999209337652,4,34.0,0.5003109032828762,20,659.0,0.1959937262545375,24,910.0,0.08120581393218931,169,6560.0
1845.0,161,1934.0,3.971252566735113,4.016739481665628,8,200.0,0.264296413057516,8,317.0,0.1756278507708734,12,403.0,0.1291623385135218,2,15.0,0.13174914477059813,10,513.0,0.1563100827223009,18,451.0,0.08291122474152714,14,205.0,0.2814181044394976,0,7.0,0.6799000198333509,7,481.0,0.22757865208011413,1,4.0,0.5925410756690773,6,681.0,0.21475852281104296,29,1319.0,0.09551252033424615,3,253.0,0.3827013596544271,1,24.0,0.7354614022408053,27,777.0,0.16654372603319523,15,945.0,0.1296251898683804,161,6595.0
1850.0,172,1688.0,3.494824016563147,3.671495305770208,12,205.0,0.19649611064738548,5,334.0,0.20417035097754999,19,488.0,0.15206072508958918,4,28.0,0.47427145281256805,10,397.0,0.11782445267157726,9,296.0,0.3717612256768729,19,293.0,0.3022066360819837,1,2.0,0.29432728739898684,6,446.0,0.2271937371146332,1,12.0,0.35934187672511314,8,716.0,0.1879917854660523,24,1141.0,0.07384974766893575,8,275.0,0.437678131827246,3,19.0,0.44487734390408645,31,902.0,0.059236692529658956,12,992.0,0.14247964711405997,172,6546.0
1855.0,172,1751.0,3.6631799163179917,3.8406329170065123,11,191.0,0.19687950892488007,6,361.0,0.22323105720935293,21,595.0,0.24910835878717255,0,19.0,0.6720880019362491,9,401.0,0.23797010257249676,4,211.0,0.3861513432918273,21,391.0,0.12025851485619261,5,27.0,0.0783284040924686,5,359.0,0.22558653333107234,3,18.0,0.6531706720134624,12,761.0,0.08223806577682587,17,895.0,0.2383851579288947,12,327.0,0.32737879030439115,1,19.0,0.21851737131346544,36,1069.0,0.07730907464236436,9,920.0,0.12246727032015792,172,6564.0
1860.0,174,1951.0,4.064583333333333,3.781839423410901,10,184.0,0.1676459032455333,13,413.0,0.14844860650966055,21,696.0,0.30411303760166364,0,0.0,0.7653343555006111,14,443.0,0.2358522049541139,2,198.0,0.32643920819088607,27,512.0,0.06394359826637143,0,27.0,0.6210222830398247,3,373.0,0.2152735298896219,1,15.0,0.6257127621096236,17,833.0,0.02287367799667089,9,756.0,0.41448157995285956,16,402.0,0.18939303126173707,5,23.0,0.13447743875725693,31,1105.0,0.12667971326619554,5,744.0,0.1381866839288542,174,6724.0
1865.0,178,1979.0,4.175105485232067,3.4335393146546194,11,201.0,0.17905222749031072,13,404.0,0.13977255224632676,18,675.0,0.1829114328283914,1,10.0,0.2939357737401957,11,428.0,0.20412088216813565,7,226.0,0.19271652161734398,31,662.0,0.11176441858213505,0,4.0,0.9418282956194781,7,399.0,0.25758175113343323,3,15.0,0.4117991062391135,22,934.0,0.0345609176056993,3,694.0,0.3428477456959728,23,504.0,0.15388184558166879,1,27.0,0.5515067641430202,24,1004.0,0.13649814964268353,3,714.0,0.20111053543115942,178,6901.0
1870.0,194,2091.0,4.439490445859873,3.4150862633337953,11,206.0,0.20654838501955536,12,330.0,0.1928573654794133,13,533.0,0.11217028602572673,2,20.0,0.7478371849273914,12,350.0,0.1428830763505802,14,285.0,0.2402236409333732,31,817.0,0.05517717648550819,0,0.0,0.5590686257120826,9,373.0,0.26792808728498035,7,49.0,0.3694718584686835,23,909.0,0.12454894883330211,7,674.0,0.23693879664144038,28,633.0,0.1802851816451748,1,9.0,0.7695988033890616,17,1096.0,0.0899349027931139,7,740.0,0.2373287363849262,194,7024.0
1875.0,182,2007.0,4.288461538461538,3.6124013499364485,16,240.0,0.16826937719681323,13,385.0,0.18798066578353137,6,572.0,0.22649837008386842,0,8.0,0.9028452949888706,5,349.0,0.2359759232626019,13,297.0,0.1270992996185728,26,871.0,0.052885493979533904,0,4.0,0.4129395514407874,7,264.0,0.20078783781564907,7,84.0,0.5213291390405052,19,750.0,0.2712359789149872,13,726.0,0.2209772012120528,29,775.0,0.08778278022106464,1,10.0,0.7263187641364698,14,1165.0,0.09449133451717148,13,790.0,0.3135850372496924,182,7290.0
1880.0,188,1993.0,4.231422505307855,3.721376062535041,19,277.0,0.11631594653357029,11,443.0,0.2106083300037109,8,594.0,0.2784834254627284,2,7.0,0.5871314367131872,9,365.0,0.24389137416148815,9,261.0,0.20885446041773878,19,796.0,0.21946001619771144,0,8.0,0.88390626103823,8,175.0,0.28675840011688297,2,72.0,0.582845195554444,18,840.0,0.2219309588778023,19,811.0,0.20914430375988544,29,920.0,0.0,1,15.0,0.5246949630213327,15,1235.0,0.12181402554074516,19,874.0,0.25450710654399916,188,7693.0
1885.0,178,1722.0,3.602510460251046,3.714390942103961,19,266.0,0.1490454027721676,11,418.0,0.20781849016701293,9,523.0,0.1668576867757704,6,33.0,0.4547726245131388,9,335.0,0.12537839297883402,4,296.0,0.3152179097395048,14,858.0,0.20788511238037077,0,8.0,0.9414981222041555,5,104.0,0.4402291131902893,3,16.0,0.5776139975089235,14,913.0,0.13565450046771357,19,781.0,0.21187587428791474,23,922.0,0.03785808346794874,1,3.0,0.45013864565199185,16,1177.0,0.18690828558941794,25,995.0,0.1556555305902784,178,7648.0
1890.0,159,1288.0,2.6611570247933884,3.739101972449424,17,340.0,0.1502987136516695,10,326.0,0.20077688377968572,11,366.0,0.1400278835529943,6,63.0,0.5224908380738361,10,262.0,0.1039920192967014,11,338.0,0.3833911459395982,12,915.0,0.16038605271382428,1,5.0,0.6220945559498592,2,76.0,0.4667207907852085,2,12.0,0.38374171003595864,10,835.0,0.11032181729864653,11,607.0,0.15328418701425034,14,772.0,0.17409245432268483,1,14.0,0.5967293951604169,13,974.0,0.24490527084519817,28,1134.0,0.08874422311240937,159,7039.0
1895.0,140,1033.0,2.1038696537678208,3.6263283855881,13,390.0,0.19716327060365965,7,322.0,0.21905317382138897,3,391.0,0.18075609939430312,0,52.0,0.4771077697104751,4,258.0,0.119298589198045,17,412.0,0.22612831263770874,14,979.0,0.0935335089353504,6,24.0,0.45846279074488305,8,71.0,0.37381606327147954,7,29.0,0.2735985036635714,7,640.0,0.22623010601807025,3,636.0,0.2500253393762898,13,785.0,0.22825461616257156,0,8.0,0.8657395329462163,12,918.0,0.11029114033749814,26,1133.0,0.04283660815477101,140,7048.0
1900.0,152,968.0,1.9795501022494888,3.8299443097514305,9,388.0,0.18650127256878185,8,360.0,0.22136702156364405,9,406.0,0.2796476154887545,1,10.0,0.4421839941599995,7,263.0,0.13495418966261627,25,523.0,0.12468862570369711,13,942.0,0.1812794171759999,0,27.0,0.49327232979867114,13,122.0,0.21818832102339228,7,51.0,0.22608833955820057,5,599.0,0.26155621303687493,10,664.0,0.24946620041563985,10,845.0,0.3135348395192506,2,11.0,0.5576852548969893,13,988.0,0.11937489763947735,20,982.0,0.2220307050326013,152,7181.0
1905.0,171,1200.0,2.4539877300613497,4.02823189825527,9,343.0,0.1735461026857034,8,339.0,0.21949681120016923,15,470.0,0.1204098749475264,1,13.0,0.6924656645847426,14,314.0,0.20789649849122654,27,657.0,4.085190913772376e-05,12,791.0,0.2812797260712145,4,11.0,0.4455207678695716,19,208.0,0.14454816205108995,2,47.0,0.3467329816806339,8,623.0,0.17765885500038503,10,581.0,0.26325291932588224,9,770.0,0.2740327816767625,7,34.0,0.3268538419049962,13,1033.0,0.25518172466315964,13,997.0,0.24109141673908577,171,7231.0
1910.0,172,1526.0,3.1142857142857143,3.695429862443775,9,349.0,0.18176890130620044,5,262.0,0.22132668500453268,23,567.0,0.03973644756441308,0,1.0,0.7896939480286326,15,321.0,0.20300389788188136,27,794.0,0.13625219893615467,8,787.0,0.19104709639657924,0,21.0,0.5647266623437681,19,305.0,0.3045649847961916,1,35.0,0.4496109214942186,13,679.0,0.09106371602598724,6,395.0,0.15651875811733643,11,608.0,0.2094062867383193,4,40.0,0.3519409259888161,20,1119.0,0.24823362520021458,11,1056.0,0.14860884630059043,172,7339.0
1915.0,177,1788.0,3.6564417177914113,3.0764821273613205,9,356.0,0.18424956728585934,6,276.0,0.2055847975593795,23,688.0,0.05034434539889235,0,0.0,0.9356953833636182,11,240.0,0.09143067109697753,27,931.0,0.19190204432774255,10,827.0,0.167626467466233,2,10.0,0.46425137137295314,16,336.0,0.17984304266526116,6,54.0,0.3286325780524133,21,766.0,0.06067564576547963,3,372.0,0.1570034117824309,9,570.0,0.12307179399468654,4,37.0,0.6013170442419249,21,1038.0,0.10399030535461981,9,980.0,0.14213076916983192,177,7481.0
1920.0,182,1770.0,3.65702479338843,3.10042561737882,12,394.0,0.1698965587380415,8,311.0,0.1844439022199041,17,664.0,0.31093999495149377,1,7.0,0.28804556692239736,12,292.0,0.10781221198668973,31,1078.0,0.036389732184980386,15,888.0,0.08568080694281233,6,30.0,0.35422718456160335,12,307.0,0.22315914747110563,4,63.0,0.4956249454101012,21,746.0,0.03219974908229799,7,398.0,0.3117747945925387,8,575.0,0.16327993458979007,1,31.0,0.5046974320744454,20,1118.0,0.042844625145612755,7,775.0,0.25332102798533496,182,7677.0
1925.0,191,1954.0,4.037190082644628,3.6468256824871084,15,392.0,0.17350122371401977,9,301.0,0.19782332624353596,11,521.0,0.3679979204442218,2,19.0,0.7345918588556083,13,354.0,0.19297414052590542,34,1247.0,0.01253182751135711,21,981.0,0.0014600161665704694,1,27.0,0.28210612312696026,5,329.0,0.2794886749127113,2,26.0,0.6009382228132949,18,598.0,0.13078790630629766,13,453.0,0.34263796348600556,13,611.0,0.1429826026887595,6,32.0,0.25073636483641376,22,1206.0,0.07428313154461505,6,736.0,0.2976315254995405,191,7833.0
1930.0,184,1886.0,3.888659793814433,3.8098997311394998,19,451.0,0.16257190995447648,9,244.0,0.21435728789074351,7,466.0,0.3101177809938373,0,8.0,0.9016080202135146,14,417.0,0.2939252030596948,28,1259.0,0.14284569040355605,17,946.0,0.09811565572136428,1,16.0,0.3845394745335988,9,358.0,0.3425630442895625,2,25.0,0.47859365175068347,15,675.0,0.2851137243184213,15,415.0,0.10191554858695229,19,698.0,0.19470509215319712,4,47.0,0.2272707422312569,18,1299.0,0.05468405197563902,7,765.0,0.20367837656873466,184,8089.0
1935.0,186,1727.0,3.597916666666667,3.7494019676980788,26,563.0,0.1051353993669922,8,277.0,0.19530340412731614,6,495.0,0.21773302267475958,1,5.0,0.44523083725850926,15,429.0,0.1944639752368563,18,1095.0,0.2677689564888898,7,701.0,0.4344370186421703,2,20.0,0.7551824244849863,8,340.0,0.18707286658574845,8,52.0,0.3297012792095713,12,741.0,0.29954525044177643,15,296.0,0.1138161080841128,27,816.0,0.23949991820176247,3,26.0,0.5720686849455474,17,1239.0,0.10613437022215641,13,822.0,0.09804178564339201,186,7917.0
1940.0,174,1576.0,3.2629399585921326,3.5812496730867647,32,707.0,0.07906370247395367,9,316.0,0.2205256165957362,7,438.0,0.20228998985850188,4,20.0,0.1740755253304306,21,516.0,0.04022794565905783,12,1104.0,0.20210301284901633,4,657.0,0.3500620288917229,0,8.0,0.8834124502301914,8,262.0,0.2462530345276937,3,51.0,0.5214273979330698,13,799.0,0.28007864090185486,5,334.0,0.2733674614738068,29,951.0,0.09777063780722597,0,8.0,0.6769304209983898,13,1029.0,0.2438679298097372,14,758.0,0.15081695605224493,174,7958.0
1945.0,175,1635.0,3.316430020283976,4.013504691237868,35,876.0,0.09746685982191258,10,302.0,0.20499876434742534,9,320.0,0.3926538809474518,3,31.0,0.6734557221152841,22,612.0,0.0683079683340925,9,1156.0,0.10281874005028761,6,677.0,0.23322372875972078,1,5.0,0.3294815424286696,2,139.0,0.3471484462842326,3,16.0,0.7084276592857907,14,756.0,0.14317798573029752,7,344.0,0.32324496314548656,33,1111.0,6.251980293440174e-05,1,5.0,0.6140282892170155,11,945.0,0.26634694307228785,9,560.0,0.23238538051817464,175,7855.0
1950.0,168,1594.0,3.22020202020202,3.9006403482549423,31,947.0,0.1043226011414,7,208.0,0.22693677699703485,4,301.0,0.262069150272235,0,15.0,0.7994988405230529,20,683.0,0.15648884507739189,15,1216.0,0.09342512530320937,12,730.0,0.08026599032726171,1,9.0,0.12262802340419408,2,134.0,0.44786345383173215,1,15.0,0.5409434015485701,16,590.0,0.0892922132021818,9,309.0,0.26449661597704394,27,1128.0,0.053867710648882086,1,9.0,0.35408944207190785,12,1008.0,0.16304319141764756,10,567.0,0.26530671369152564,168,7869.0
1955.0,157,1310.0,2.7010309278350517,3.743473593018305,25,894.0,0.16152899608123764,3,200.0,0.3711306715135421,8,310.0,0.19113963348263308,1,3.0,0.42367185172026456,17,683.0,0.16322066872529983,15,1161.0,0.1483587855640427,13,666.0,0.2186049314389986,1,14.0,0.6189472015498332,7,151.0,0.34370816021944606,6,25.0,0.3484154794838163,14,657.0,0.09796297883296638,13,331.0,0.07883304626845364,19,975.0,0.20281573078308146,1,13.0,0.7396894727661306,7,908.0,0.1352411084799486,7,604.0,0.17923182132230553,157,7595.0
1960.0,149,1050.0,2.210526315789474,4.093400216693455,18,732.0,0.20424860880893042,6,223.0,0.30529455255293286,15,371.0,0.0455545857237678,1,12.0,0.24983601345751083,19,565.0,0.07609759158639814,12,975.0,0.28034483882943845,6,477.0,0.4886880483223651,1,11.0,0.8143225308463993,9,144.0,0.22663582648387892,6,44.0,0.3454815149761861,13,698.0,0.1360862158609758,11,381.0,0.1704607810440558,11,677.0,0.3185060597859741,0,8.0,0.872327604267908,7,687.0,0.2632461034354536,14,667.0,0.13066921961219294,149,6672.0
1965.0,126,748.0,1.5780590717299579,4.094756491682295,8,777.0,0.24596632176568597,13,275.0,0.19270768024250273,16,366.0,0.10343111513848889,5,21.0,0.3955134734090127,16,632.0,0.09668212517803157,11,972.0,0.22549557702662937,3,496.0,0.31765807196252427,1,12.0,0.7932055564613544,5,83.0,0.264870828397961,1,24.0,0.6201620405975781,10,641.0,0.10533233960308286,14,419.0,0.24121804371966554,5,706.0,0.2660462953152945,1,6.0,0.5574775151454772,3,536.0,0.30009555946916483,14,621.0,0.19589218395495997,126,6587.0
1970.0,119,615.0,1.2706611570247934,4.483472945216695,6,791.0,0.29392395010165523,14,280.0,0.17413989931420024,7,277.0,0.44291697523317813,0,21.0,0.7325950998247817,12,673.0,0.1536189238571071,11,1030.0,0.1024562879181245,8,525.0,0.20906810311373422,0,4.0,0.3026267795449495,0,74.0,0.3634115988183188,4,33.0,0.5304739109747587,7,507.0,0.2512464812719845,19,491.0,0.23659643598015312,7,731.0,0.21344693091240394,7,30.0,0.09210012593751983,5,530.0,0.1726085956581165,12,470.0,0.2967816579486902,119,6467.0
1975.0,145,786.0,1.617283950617284,4.26894696939406,9,739.0,0.21123128656627166,11,231.0,0.24595719979206512,2,259.0,0.2931775958637562,0,2.0,0.7967778486968605,9,634.0,0.23328751910192902,7,939.0,0.19584699973802772,9,443.0,0.0764323866912954,1,11.0,0.6750245557167915,7,92.0,0.4443239166004967,8,59.0,0.28985716677869117,5,471.0,0.24304254275732523,27,609.0,0.07788239829778017,13,784.0,0.23281265721909394,12,82.0,0.27929405127390555,12,574.0,0.17486924071408771,13,524.0,0.2971217845106727,145,6453.0
1980.0,157,1089.0,2.264033264033264,3.905856359282851,10,609.0,0.20070561170587012,8,256.0,0.26299733495759814,7,284.0,0.19296704281023674,1,3.0,0.31435927761526045,7,531.0,0.25908266996885815,5,712.0,0.30627292063833494,7,266.0,0.361490201341854,0,6.0,0.867547913332459,13,144.0,0.25077345967718034,7,75.0,0.29100556653221266,9,490.0,0.16656763714915832,31,759.0,0.028001948493713236,14,730.0,0.2667416340328395,12,146.0,0.3102318628445645,15,580.0,0.19856731405066094,11,582.0,0.262891832290488,157,6173.0
1985.0,152,1153.0,2.3871635610766044,3.5038857883721937,9,527.0,0.19019099902261308,9,298.0,0.21336606966436575,6,252.0,0.07185122112333105,7,29.0,0.09834700343663436,7,533.0,0.12564801560708613,7,688.0,0.32691900549201536,5,277.0,0.28734257629999155,0,6.0,0.9244444165952853,18,221.0,0.12503004967377263,1,45.0,0.4420299566231754,13,548.0,0.09608493482645394,25,779.0,0.14591059624695296,9,572.0,0.28773418426899156,7,157.0,0.32022476464109567,14,500.0,0.24048137726238367,15,646.0,0.17991406207294586,152,6078.0
1990.0,150,1068.0,2.1488933601609657,3.6706861149222227,9,549.0,0.200014885011008,9,286.0,0.226287104569715,3,149.0,0.18912125002071253,8,68.0,0.36859044966135984,10,553.0,0.11522738340917302,10,732.0,0.2740345594839207,8,302.0,0.18900351456363798,0,2.0,0.34208088676633697,20,322.0,0.1831552982150249,2,39.0,0.34799207356106326,15,517.0,0.07601183996861986,15,678.0,0.258598949108733,3,553.0,0.3160825250305963,5,124.0,0.3244667135442185,13,553.0,0.1489066384137303,20,623.0,0.05304998567613032,150,6050.0
1995.0,144,940.0,1.898989898989899,4.020255900111133,10,548.0,0.22181982036384743,8,225.0,0.21701800702170285,2,158.0,0.47323881778668103,2,73.0,0.4937132401712519,10,528.0,0.19278570198683037,14,795.0,0.1779309613665741,11,252.0,0.05096758202538455,3,21.0,0.2245688744719252,14,347.0,0.30106667880909954,5,57.0,0.4146961958457954,10,455.0,0.1899007010948653,11,734.0,0.1551076734673511,8,577.0,0.2346180542298318,2,115.0,0.38043942110562784,17,626.0,0.10921695694152443,17,513.0,0.15105477240604845,144,6024.0
2000.0,155,919.0,1.8948453608247422,3.9975308478904923,16,602.0,0.17355216857446645,7,222.0,0.247602363646129,8,186.0,0.3880861778885117,1,28.0,0.5065269972747223,8,428.0,0.30658645815105573,21,892.0,0.09474895146919105,10,181.0,0.10322759020139195,0,13.0,0.7804026351126994,7,282.0,0.2643253092692631,0,44.0,0.6574551737009489,15,520.0,0.2630134183481267,12,794.0,0.10686597392308919,14,639.0,0.10790101048437162,7,116.0,0.3481266807786626,18,714.0,0.05015810546761331,11,518.0,0.24398218667811372,155,6179.0
2005.0,163,988.0,2.0455486542443064,3.695307471398786,17,584.0,0.17396140041308142,8,257.0,0.275443565925409,16,246.0,0.2926084087905597,3,39.0,0.44531222524557845,7,416.0,0.20214707543745294,21,854.0,0.10216469158652383,1,178.0,0.29071018158792455,0,4.0,0.8425729727747826,6,308.0,0.2637144768172513,2,10.0,0.6988492312054568,16,593.0,0.2200319268397249,11,745.0,0.22334486468443035,21,735.0,0.05414680514617588,8,108.0,0.16147593606351382,18,676.0,0.14019471587828972,8,558.0,0.24417855219361426,163,6311.0
2010.0,162,1031.0,2.1301652892561984,3.830904076980357,17,487.0,0.16746478011512234,10,252.0,0.250959109272862,21,341.0,0.16503687799223318,3,40.0,0.13751479203432412,9,440.0,0.1382965666645934,18,690.0,0.18557158385396585,7,187.0,0.40568235367346317,0,4.0,0.38418750302520926,9,346.0,0.22749881878190464,0,3.0,0.5192394392832254,17,670.0,0.13316737487700245,6,589.0,0.2502062786235296,17,716.0,0.2857156916291706,6,67.0,0.2375645592735444,14,556.0,0.2652357043174989,8,508.0,0.12446998686885447,162,5896.0
2015.0,168,1075.0,2.1894093686354377,3.763000784683877,11,508.0,0.18247468267583547,5,193.0,0.22755155930955553,16,361.0,0.20874618626540067,7,79.0,0.15240590795713962,14,455.0,0.09264763498951871,13,719.0,0.13879683331240353,8,173.0,0.29887174145497936,6,26.0,0.10490295069533714,16,414.0,0.26378056596749866,4,13.0,0.4773461646436705,24,780.0,0.03128147227937265,8,614.0,0.1747782091481905,10,561.0,0.32040148245281314,4,76.0,0.48827675015031646,13,495.0,0.29148163663837384,9,402.0,0.1773327978057587,168,5869.0
2020.0,153,980.0,2.0374220374220373,3.476301635789162,12,562.0,0.21303811155283697,5,213.0,0.20820524681790623,12,303.0,0.16619507256193988,2,58.0,0.598058540004368,22,547.0,0.053827017945212864,9,774.0,0.12557638931178852,8,131.0,0.1651548255310433,0,31.0,0.5523909127884691,22,514.0,0.16743023821393938,0,11.0,0.5496936616891074,24,787.0,0.14593419916545566,8,660.0,0.14135842592517062,5,493.0,0.26905920492770635,6,80.0,0.5522516811827612,10,549.0,0.19028496112175758,8,390.0,0.2542485498741604,153,6103.0
2025.0,149,963.0,2.023109243697479,4.069402068360594,8,513.0,0.21267829461411955,10,257.0,0.22412940528311162,8,227.0,0.3706809799845508,0,16.0,0.8546055448142486,21,647.0,0.13421131764056737,8,682.0,0.2291465492139913,2,143.0,0.1886773043827564,0,8.0,0.9329923270708029,22,536.0,0.14254881023691682,2,14.0,0.468553404979924,22,703.0,0.23731802277402378,9,610.0,0.28560897702616145,7,522.0,0.19436424315348227,10,111.0,0.10356482619819371,10,595.0,0.1765793977439289,10,411.0,0.24320733654217114,149,5995.0
2030.0,129,811.0,1.6652977412731007,4.210268457738178,6,363.0,0.22394012348097125,11,258.0,0.22993183440615517,3,225.0,0.4085256411418414,2,6.0,0.6152609327669969,24,724.0,0.16449176877147176,4,496.0,0.28796435346765,8,161.0,0.2970758721721009,0,2.0,0.8465365398511154,15,465.0,0.20395093566431657,0,9.0,0.6930736857825341,15,531.0,0.16650975038744598,5,459.0,0.29854433188257773,7,455.0,0.22804642744404421,8,125.0,0.15579438644250584,12,559.0,0.09766478077612228,9,390.0,0.14556005267860903,129,5228.0
2035.0,116,734.0,1.494908350305499,4.233116333080745,5,246.0,0.2479521398388459,7,208.0,0.2119779340861159,10,234.0,0.3266483834970383,8,33.0,0.2597084757367687,28,848.0,0.05354548648965837,4,450.0,0.1936055010300757,9,167.0,0.2670690266661576,1,8.0,0.536572799795151,2,421.0,0.3244986090051002,0,4.0,0.879979010596779,7,582.0,0.19522991471083975,7,484.0,0.14921738379755098,3,282.0,0.16812749059650062,0,54.0,0.6285100022345529,14,460.0,0.11495120753529443,11,277.0,0.1798461379557893,116,4758.0
2040.0,121,937.0,1.9240246406570842,4.187639319310142,5,259.0,0.24873048331258196,6,163.0,0.2165382132679841,15,299.0,0.08473777777748571,11,83.0,9.225693571116139e-05,32,1002.0,0.003602861407655903,7,480.0,0.14061425381059486,6,135.0,0.40303682410117847,1,12.0,0.5367806473953692,6,429.0,0.2698466501788568,1,2.0,0.6120492494941897,8,608.0,0.20979962024021773,9,524.0,0.0816144407462002,2,294.0,0.27652793123898617,0,13.0,0.7886449729228141,10,466.0,0.233380790433435,2,261.0,0.296176856617012,121,5030.0
2045.0,152,1309.0,2.6989690721649486,3.969931661672658,8,281.0,0.28360183951796847,4,150.0,0.2608616810529661,22,398.0,0.0027639120599035117,5,96.0,0.19380248147765833,36,1180.0,0.10951705566241829,14,537.0,0.2183236999412542,3,141.0,0.3052234264407826,0,8.0,0.42952175141201493,7,383.0,0.23008120905819657,3,13.0,0.480202013580102,10,574.0,0.27688507064780876,9,484.0,0.12351300228305169,10,327.0,0.2980828332696805,1,11.0,0.3367034056115663,14,504.0,0.23751863086954347,6,265.0,0.2682982671794107,152,5352.0
2050.0,164,1567.0,3.2443064182194616,4.139686592112011,9,266.0,0.2511639992999651,7,162.0,0.2990871626592442,25,522.0,0.09753335766967226,0,51.0,0.6603895555014632,31,1203.0,0.12611483316796715,21,627.0,0.2991937762254458,9,171.0,0.18486833388685445,2,6.0,0.3477737552214419,4,257.0,0.23871121704752585,0,10.0,0.7101737338057958,6,476.0,0.299868917826324,5,353.0,0.2747747746188611,17,392.0,0.2452341738888558,6,34.0,0.07078148076299536,9,483.0,0.13306849498229426,13,315.0,0.12135524330548893,164,5328.0
2055.0,158,1648.0,3.4261954261954264,3.75424065273798,8,224.0,0.25215430081545936,8,170.0,0.21962465637064624,25,647.0,0.1242504501849305,1,41.0,0.4476664241215131,23,1003.0,0.10824325692071197,22,735.0,0.3262994700232153,10,173.0,0.03690974142878943,6,34.0,0.3020411948576611,2,236.0,0.2355682781044254,0,4.0,0.8710663950510954,3,479.0,0.1532599977378086,5,165.0,0.3371299694760493,15,363.0,0.1502610846824305,1,40.0,0.5283705663985844,10,402.0,0.12960795382851276,19,399.0,0.09169773155821413,158,5115.0
2060.0,158,1686.0,3.505197505197505,3.762404196550211,7,251.0,0.20861223120951183,8,145.0,0.20155564274841636,20,665.0,0.0637564220640617,4,52.0,0.23080305329056672,19,832.0,0.13350533566084083,25,851.0,0.13726376245500807,7,140.0,0.10698119448759336,1,33.0,0.5692368436722288,8,259.0,0.27942095698656905,0,0.0,0.7717276256318543,9,516.0,0.13795050242762033,1,119.0,0.2820279502215331,15,293.0,0.21806414890078799,0,11.0,0.8637419987130682,8,361.0,0.23733226792151244,26,512.0,0.027526458320781638,158,5040.0
2065.0,154,1416.0,2.9623430962343096,3.936356594172207,12,297.0,0.18076365093600388,8,131.0,0.2776865726948485,13,572.0,0.17667676383469047,1,27.0,0.633173499879742,10,800.0,0.20324992223214808,30,989.0,0.008273460556294554,2,142.0,0.17228337767636695,3,19.0,0.6700711168460176,9,242.0,0.22312994660891672,1,8.0,0.6243695851113533,13,492.0,0.2008728786516556,5,133.0,0.26325708743414694,11,313.0,0.2528974698854874,2,6.0,0.6312942451137854,7,374.0,0.25233632035868114,27,558.0,0.03819208040633746,154,5103.0
2070.0,135,1084.0,2.3014861995753715,4.120921495161664,10,292.0,0.17024748565328252,4,129.0,0.26171330929822345,5,377.0,0.452405960042789,1,11.0,0.814615333038247,7,821.0,0.34478887810064063,30,996.0,0.020944140724794884,9,155.0,0.07447649667877577,1,9.0,0.23562147792760976,7,165.0,0.22611047907757248,0,4.0,0.7756422823815526,9,404.0,0.22896412417295733,9,165.0,0.24439074566010116,10,359.0,0.19633928783202176,1,6.0,0.31790549314242783,12,381.0,0.16849491586097703,20,467.0,0.19537599799171734,135,4741.0
2075.0,132,978.0,2.0589473684210526,4.185456078168387,8,239.0,0.1883039013397641,8,136.0,0.2941907101079217,3,368.0,0.41571220494090677,1,8.0,0.6701651262632777,12,836.0,0.35172417303946585,20,761.0,0.06036940442788004,6,157.0,0.36043381915600514,4,21.0,0.23406243831014115,6,187.0,0.20865800586301958,0,4.0,0.8989580447768768,7,426.0,0.10873189266090531,15,229.0,0.1890596910697337,9,336.0,0.1329544612642838,3,17.0,0.45702094538108934,18,459.0,0.12864493939563837,12,390.0,0.3175271907269266,132,4574.0
2080.0,148,1066.0,2.2254697286012526,4.001827392928423,8,269.0,0.19975050033506603,15,192.0,0.1658413714082355,9,379.0,0.30849340792076474,7,28.0,0.4136226618796817,20,917.0,0.24217312902795532,12,837.0,0.16320264530963532,0,84.0,0.563471977612459,1,24.0,0.5998112482670209,9,222.0,0.2178023158260924,2,8.0,0.5249581769662944,8,456.0,0.13068349463535256,15,257.0,0.27325177347180674,7,266.0,0.27490829350554064,6,44.0,0.5942998065243239,24,572.0,0.14878222153370757,5,423.0,0.2655128671827195,148,4978.0
2085.0,186,1325.0,2.7604166666666665,3.468299038259347,12,317.0,0.17860709541799627,22,288.0,0.12604512332037052,10,356.0,0.14556151060037906,11,77.0,0.3593126676349253,30,1048.0,0.052489976589048144,12,895.0,0.2901734172945624,3,93.0,0.41845501972583754,1,13.0,0.8162578175443563,15,286.0,0.15017631872762352,1,9.0,0.42870367749322846,12,432.0,0.20827941995451413,12,237.0,0.2628783949097265,5,262.0,0.33574930918560913,6,72.0,0.49695670616424453,27,611.0,0.14545403566599754,7,450.0,0.21474216114527586,186,5446.0
2090.0,208,1708.0,3.5071868583162216,3.1723258095296147,16,385.0,0.1786154769162339,27,414.0,0.1261771087603891,9,199.0,0.24227853770275853,11,132.0,0.3744390629753424,38,1209.0,0.015882716129456936,7,823.0,0.2663018588900542,9,127.0,0.20374011032791906,1,3.0,0.6231226766261231,22,380.0,0.12919454130234886,2,9.0,0.5089075098387673,8,339.0,0.24555057044911793,7,278.0,0.24260011135353132,9,286.0,0.2462579462350003,5,70.0,0.1266708705101427,24,553.0,0.1059266498597154,13,506.0,0.18195199945599408,208,5713.0
2095.0,212,2246.0,4.528225806451613,3.261203868869773,17,401.0,0.15936368976082588,27,553.0,0.14163323888213478,1,201.0,0.44406419019599147,11,187.0,0.3070489138358482,36,1372.0,0.06858838864207108,7,603.0,0.11158318158471217,10,136.0,0.3091245849416984,5,19.0,0.5205754192947059,27,506.0,0.14835709741686562,0,4.0,0.5926467055137704,8,225.0,0.17815033770490757,8,305.0,0.19037833226337422,14,346.0,0.15983477238168184,5,41.0,0.20279720087415734,16,645.0,0.09493812078725922,20,592.0,0.17785642656119494,212,6136.0
2100.0,204,2434.0,4.9271255060728745,3.267396758434254,14,347.0,0.17154928719636295,21,599.0,0.190043533671302,6,205.0,0.38251778007567877,15,256.0,0.055833255219195785,34,1393.0,0.12050894053610824,3,623.0,0.1532631873490421,2,77.0,0.4389095970048826,0,20.0,0.6159445963338425,27,645.0,0.13984143772074353,0,0.0,0.8592868355648278,10,250.0,0.1478787316333712,15,363.0,0.15515736630577154,20,434.0,0.10626772712520582,1,36.0,0.4111336492492302,15,721.0,0.07698870637658009,21,616.0,0.25065608114723714,204,6585.0
2105.0,221,2497.0,5.085539714867617,3.428594158565336,15,336.0,0.20501677441525754,18,549.0,0.17254029152927747,12,254.0,0.34405963925253136,19,345.0,0.2009496736287112,28,1275.0,0.15174201049244365,8,637.0,0.19817342041249558,2,59.0,0.4584182938214771,3,14.0,0.5368751693779361,27,780.0,0.2028602045671357,0,0.0,0.9571729869838158,14,271.0,0.16559386323491895,18,385.0,0.05965358866607399,26,558.0,0.1203044946725753,5,28.0,0.574717441602216,11,692.0,0.10767043372593771,15,559.0,0.2464355588564933,221,6742.0
2110.0,190,2137.0,4.291164658634538,3.0040015442535526,12,386.0,0.21692902305601902,12,555.0,0.2159704067740525,17,331.0,0.13672172426853765,13,361.0,0.27775250632686405,18,1299.0,0.09949300604120069,14,701.0,0.09894083679669681,7,81.0,0.3991800320072586,2,25.0,0.26593456024604445,26,798.0,0.11401495548382083,0,4.0,0.8044357693404521,13,300.0,0.18019438356621648,15,355.0,0.10111997245314219,28,696.0,0.13610918988704665,0,22.0,0.3795838863821142,5,573.0,0.22055650671848648,8,576.0,0.1679153584747936,190,7063.0
2115.0,187,1613.0,3.2389558232931726,3.5058814913940983,11,422.0,0.22528787513948179,9,607.0,0.2208513458873553,17,328.0,0.07400726576326522,3,276.0,0.27032314920015976,14,1324.0,0.1347636775740943,14,655.0,0.18869323945422495,13,138.0,0.3003214303779495,7,31.0,0.13604025850420062,22,714.0,0.1763609632831971,0,4.0,0.8925487666276586,15,280.0,0.20544674291744158,11,392.0,0.2734883351464237,28,738.0,0.04692150341305116,6,27.0,0.26943344733925406,9,610.0,0.24901108879776876,8,618.0,0.17056450264120213,187,7164.0
2120.0,162,1132.0,2.2283464566929134,3.8683426014873463,15,424.0,0.16402277366319964,11,618.0,0.23430157980826788,9,236.0,0.1735950505802014,2,242.0,0.33676348518692983,10,1238.0,0.1635193556637253,13,502.0,0.3332857375910391,14,210.0,0.35184177921639903,7,64.0,0.06777256590565708,13,749.0,0.20599759887046887,0,4.0,0.9079103206132961,13,296.0,0.1820622943999637,9,422.0,0.2579353329872399,21,687.0,0.07133994898150943,2,38.0,0.5513634880007576,14,658.0,0.16075250138624764,9,580.0,0.2029438239720118,162,6968.0
2125.0,140,884.0,1.7333333333333334,3.6535133688566086,12,372.0,0.16640653241787431,14,681.0,0.17095363315570652,2,164.0,0.38366497717862347,7,263.0,0.4022704825124213,9,898.0,0.2682650842206586,8,542.0,0.21580808732768766,9,215.0,0.11143651645999914,1,63.0,0.5006159014299951,12,804.0,0.22084696941206797,1,5.0,0.48598994652201155,16,343.0,0.07841882690109458,11,432.0,0.1473777712266058,14,756.0,0.21752422314079314,0,13.0,0.7885473682758313,16,736.0,0.09546811171339332,8,472.0,0.2044840913888295,140,6759.0
2130.0,148,766.0,1.5138339920948616,3.242944953441937,9,412.0,0.16922267816651518,18,754.0,0.13066651738190935,1,154.0,0.379527139739257,14,322.0,0.2783938914770879,4,904.0,0.20059086768843146,9,582.0,0.11307258853654555,9,174.0,0.1467800950842851,0,7.0,0.8316477450260251,9,760.0,0.2090118193747727,1,8.0,0.3777659242738098,18,399.0,0.11130729819400353,20,521.0,0.052431869288099286,12,819.0,0.220947687517692,1,5.0,0.342551380565724,17,721.0,0.1796553660586489,6,452.0,0.16828019228849936,148,6994.0
2135.0,162,1006.0,1.9764243614931238,3.6702764733685083,12,451.0,0.18579389557175466,23,851.0,0.11368890888152987,7,176.0,0.27529114629756923,19,405.0,0.0470031818476472,8,897.0,0.16370401738137125,9,523.0,0.2163113659369867,3,188.0,0.2627329024210126,0,4.0,0.8905620195927784,8,593.0,0.18260991304390572,2,12.0,0.6880209575324278,15,417.0,0.16362919014277102,20,614.0,0.17877810777134218,10,778.0,0.12931348945138188,6,31.0,0.061998570184203974,12,611.0,0.2521581909970692,8,468.0,0.22988396938746353,162,7019.0
2140.0,181,1399.0,2.743137254901961,3.8374233958357338,10,435.0,0.18566234369563084,28,987.0,0.1326147664145493,13,227.0,0.08906618082712964,24,519.0,0.018382990756128342,14,954.0,0.1757929220045338,6,350.0,0.26097453103356294,9,202.0,0.3864292195183439,0,4.0,0.5491490267616105,6,613.0,0.2552939917192302,0,6.0,0.7388236361939543,14,385.0,0.22574623123048895,23,700.0,0.2101332245042027,11,653.0,0.11409299944626601,1,40.0,0.4971441081415112,12,633.0,0.16147695843327275,10,431.0,0.24208535550741836,181,7139.0
2145.0,191,1688.0,3.329388560157791,3.528246946390386,14,461.0,0.1433061484210004,27,1014.0,0.1005041543369594,12,248.0,0.2484934194141,24,643.0,0.17847120535218916,16,884.0,0.21761106203268113,5,366.0,0.17665719383696246,14,261.0,0.23712930683382513,6,24.0,0.2889464525044774,9,640.0,0.250737227284268,1,7.0,0.512686198251969,8,424.0,0.10704890939657882,29,830.0,0.12485259367503102,5,685.0,0.25042259251079546,0,12.0,0.8288442127596524,13,705.0,0.11501303833070214,8,320.0,0.3068926480041731,191,7524.0
2150.0,188,1913.0,3.8183632734530937,3.4768964638043127,12,511.0,0.13487616823742585,21,904.0,0.17003852068398437,5,189.0,0.32221709769044,24,765.0,0.27650088975764575,13,611.0,0.21484554141898507,9,399.0,0.1702505599565973,20,349.0,0.12160747058762104,6,54.0,0.0,8,593.0,0.27958240237125986,1,8.0,0.39398727198586775,12,465.0,0.12552643993473406,32,983.0,0.04975187922564541,9,705.0,0.29894412673179044,1,7.0,0.7128596332963308,9,661.0,0.2561650658585735,6,337.0,0.2582053451236048,188,7541.0
2155.0,202,2343.0,4.639603960396039,3.4173383925177796,19,570.0,0.15389488149475491,16,680.0,0.25091422772725697,4,216.0,0.3831084302820681,28,890.0,0.06276411942332809,13,506.0,0.1553296536814157,8,362.0,0.2400071851822853,21,453.0,0.0,0,44.0,0.5402852802521797,7,449.0,0.28512393090265087,3,17.0,0.6193318129848039,14,490.0,0.20147087901501004,35,1157.0,0.013492910456742646,16,770.0,0.16097464139595952,3,15.0,0.10872798842970229,5,525.0,0.2929229606820199,10,364.0,0.2594441984003553,202,7508.0
2160.0,191,2246.0,4.447524752475248,3.4951014237641806,20,666.0,0.12629398770683062,7,586.0,0.31063811779899353,10,247.0,0.2709201041277797,25,893.0,0.030526361067387695,12,495.0,0.1972769349797811,6,234.0,0.3450642384420723,15,462.0,0.2607947234729911,0,4.0,0.8053163505115563,6,250.0,0.22823468615155176,0,11.0,0.7213725410321069,21,579.0,0.19323022185517288,30,1193.0,0.017225510713665706,19,752.0,0.06807244049734305,1,16.0,0.280521671864298,4,508.0,0.16287967641170867,15,428.0,0.1636883027383437,191,7324.0
2165.0,159,1670.0,3.3134920634920637,3.752414952494282,19,673.0,0.10297919430819998,4,593.0,0.3640345319088541,11,235.0,0.09337037034177166,15,752.0,0.25109800909506597,5,505.0,0.3060758266286124,5,255.0,0.3117953656110144,8,357.0,0.2795939550778115,0,4.0,0.8691479961637294,4,257.0,0.2600350063142363,1,6.0,0.6002669557243618,23,674.0,0.07821248865143818,20,1021.0,0.06851041831908723,12,634.0,0.24450280126438909,0,8.0,0.8510870261501741,10,555.0,0.11601740683568722,22,525.0,0.0375452871935959,159,7054.0
2170.0,165,1360.0,2.6666666666666665,4.056054948517321,19,601.0,0.15686583545401506,10,606.0,0.3413479710052494,8,173.0,0.14350063642023073,9,750.0,0.3121790195715001,10,503.0,0.23183894885641448,9,294.0,0.2823343471097369,6,351.0,0.23732504729413123,0,6.0,0.8461219116902299,8,273.0,0.3255207121489023,2,7.0,0.3275295455629685,29,781.0,0.06282841088372189,14,1103.0,0.2239158708549644,4,605.0,0.2664187499867212,0,8.0,0.898640301555077,14,613.0,0.21702573109959827,23,534.0,0.02743620561824164,165,7208.0
2175.0,174,1338.0,2.608187134502924,3.9354389670464758,17,685.0,0.14917887881786682,16,676.0,0.16455745013539422,2,184.0,0.42357319582211317,10,796.0,0.18160103050799803,11,463.0,0.09354372613433395,15,358.0,0.17828243890548692,9,386.0,0.16454441832692812,0,2.0,0.8618413041493034,9,244.0,0.2238990629867182,3,18.0,0.42123116161509205,31,932.0,0.0455279409312377,12,1160.0,0.299243153754035,9,619.0,0.302470518210964,1,6.0,0.30561374147737425,15,589.0,0.2756014873849179,14,446.0,0.14015191625536724,174,7564.0
2180.0,178,1350.0,2.6522593320235757,3.670109513718317,13,749.0,0.18167131454952892,22,775.0,0.12613965014771256,10,196.0,0.425720355838236,15,867.0,0.11620640492027488,14,364.0,0.08643331730359209,15,342.0,0.07685068177493648,9,356.0,0.25533859427154704,0,4.0,0.8251057804941986,8,164.0,0.22244027950595113,1,20.0,0.48616848916240873,29,978.0,0.12726423716073904,8,1077.0,0.28096180780691377,14,680.0,0.16659188516520768,0,12.0,0.18192113756553135,14,476.0,0.20942002990914882,6,303.0,0.24294841305351,178,7363.0
2185.0,177,1373.0,2.7515030060120242,3.6536791956201533,10,710.0,0.20198122870770718,27,909.0,0.14586704342533527,11,194.0,0.31923611222019765,20,964.0,0.1728337921522773,12,365.0,0.11726666347878717,16,273.0,0.07251084732068269,3,255.0,0.48549447869259826,0,4.0,0.8048937273319549,2,148.0,0.30633113920166577,5,33.0,0.6119101507396904,22,902.0,0.21185153201623513,9,793.0,0.19130265408992111,22,778.0,0.13703974491296803,1,9.0,0.6929743280581532,13,534.0,0.08758286435431184,4,323.0,0.2547199034380512,177,7194.0
2190.0,175,1496.0,3.02834008097166,3.2783538273809074,10,588.0,0.2123152307986864,21,892.0,0.18955678154310443,10,150.0,0.1767424008771177,28,1088.0,0.193337418253541,12,395.0,0.22295797269955647,13,325.0,0.13684065131396178,3,229.0,0.21656998728759957,0,0.0,0.8831831897953724,9,178.0,0.26315692737262847,2,34.0,0.3011642333517536,17,984.0,0.11866018886169975,4,812.0,0.17057054759242937,26,901.0,0.15490377152605986,1,14.0,0.7687412487293466,12,591.0,0.1519861745832214,7,351.0,0.19139378264733523,175,7532.0
2195.0,181,1528.0,3.0499001996007986,3.452673085043532,9,625.0,0.17065977453374517,18,752.0,0.19200330371495605,7,190.0,0.1393243627850155,34,1240.0,0.07042294157478698,14,454.0,0.21448113501954866,9,376.0,0.1349006395929882,7,262.0,0.1508024544146752,0,0.0,0.7087135885722822,16,240.0,0.30746875697890946,2,11.0,0.47163198908224974,13,1061.0,0.11666981895381116,7,823.0,0.1873438956744239,25,897.0,0.2136229855715278,0,6.0,0.35895173047104845,12,555.0,0.21373762783423,8,339.0,0.2919378073447209,181,7831.0
2200.0,186,1554.0,3.059055118110236,3.605157257300097,13,677.0,0.18686987199214275,12,764.0,0.2161588870682804,9,213.0,0.26078989623302423,35,1414.0,0.025614731660603934,16,384.0,0.1156996679705223,7,353.0,0.13900819405844056,9,235.0,0.23996130146343755,0,4.0,0.8460644712561826,20,331.0,0.1861022500415557,2,7.0,0.3833393740896818,10,1006.0,0.22175000265470843,14,876.0,0.1664364242919664,17,686.0,0.18729249940597875,5,24.0,0.44891304418753003,13,442.0,0.19635419805835422,4,254.0,0.431888644685746,186,7670.0
2205.0,158,1395.0,2.8012048192771086,3.539875910936876,17,749.0,0.14862056081898403,9,812.0,0.22944503224699409,14,247.0,0.1410662933663672,29,1413.0,0.05655202816289278,13,431.0,0.057596582327878315,5,273.0,0.12012385177857625,4,139.0,0.47551505897889074,0,4.0,0.8351854762757001,18,357.0,0.14856435874932808,5,34.0,0.3936870470909559,5,840.0,0.2983566414966976,13,831.0,0.2275830439718748,9,745.0,0.20160677998810111,0,27.0,0.715663789038704,14,328.0,0.13449968500736592,3,136.0,0.3743231237438856,158,7366.0
2210.0,144,1124.0,2.225742574257426,3.512020457712141,23,849.0,0.13408779793951436,10,741.0,0.20986162301138123,19,332.0,0.16397490142757948,21,1233.0,0.2031906463744162,18,497.0,0.08410705674164029,5,298.0,0.11930167965782852,0,94.0,0.29370147086287807,0,4.0,0.8996460554691081,11,311.0,0.24175252943149186,0,27.0,0.694338700249621,5,731.0,0.2421038622711456,11,663.0,0.2134404842281418,7,782.0,0.1641322011435752,2,11.0,0.588321131227464,9,358.0,0.1665236221139763,3,142.0,0.2145308057304991,144,7073.0
2215.0,159,1124.0,2.186770428015564,3.8264370204504945,25,854.0,0.12800614063232302,7,566.0,0.268902740478829,19,409.0,0.24865298680566902,14,1240.0,0.29318177496808606,19,594.0,0.15531757178028316,10,338.0,0.2584836578970675,6,114.0,0.17714899974083773,0,2.0,0.7139811289100753,5,341.0,0.3537967269017673,2,9.0,0.7296290875301583,6,750.0,0.15123808402418254,10,704.0,0.13080376119585457,13,840.0,0.11354402250932015,7,31.0,0.30941566048386643,8,352.0,0.24155268888162548,8,165.0,0.24906716259823533,159,7309.0
2220.0,175,1149.0,2.2529411764705882,3.536623278103252,23,756.0,0.15130525266640932,3,525.0,0.29636701173018887,24,501.0,0.1753272263359584,10,1296.0,0.25396519315063837,16,576.0,0.19404640795030284,10,334.0,0.2640699087648574,13,163.0,0.23091257387418462,0,2.0,0.9130176029571592,9,373.0,0.2193128488339145,2,12.0,0.35683870894998576,12,790.0,0.18355833645446865,11,762.0,0.1081149657832392,14,772.0,0.182884168618566,7,74.0,0.1620079221254018,10,330.0,0.24944478648930685,11,163.0,0.22711195858930486,175,7429.0
2225.0,172,1227.0,2.4106090373280944,3.6879029707315074,16,844.0,0.1734823077362789,8,547.0,0.24482421355436468,27,628.0,0.0951457266184052,14,1353.0,0.19025447217759464,14,505.0,0.13441259974777245,9,276.0,0.24320727702532513,18,248.0,0.42830100675199334,0,2.0,0.9049769525532874,10,359.0,0.18388992676983398,6,36.0,0.38712172019776614,13,752.0,0.11479159130247954,7,689.0,0.2564622874232433,11,585.0,0.2416007305692917,1,66.0,0.6248421484571762,8,270.0,0.2900524707049884,10,131.0,0.33674877403934456,172,7291.0
2230.0,168,1351.0,2.613152804642166,3.350130914093653,12,909.0,0.19698240682350354,9,488.0,0.2034600792262547,33,781.0,0.04054251648987065,19,1437.0,0.0746899110022106,16,464.0,0.13668561551284553,9,316.0,0.15391117046308278,20,336.0,0.30377075823230626,0,0.0,0.8871672777070607,8,290.0,0.2555282827474302,0,33.0,0.6203693801155912,12,617.0,0.21388010176691347,5,550.0,0.25865051972698666,12,587.0,0.15615782863402067,0,19.0,0.8370601393805492,4,225.0,0.15325928922740276,9,156.0,0.12681618870161174,168,7208.0
2235.0,180,1536.0,2.9481765834932823,3.5389811763817347,11,847.0,0.18727633944386585,8,335.0,0.22914822545253472,30,836.0,0.14371845683562773,26,1558.0,0.08806007054447121,9,517.0,0.24647239478279268,13,363.0,0.22012761377031603,24,447.0,0.1698370943060032,2,3.0,0.426164915017513,5,181.0,0.36427240387022664,3,11.0,0.7413220124132064,11,650.0,0.21372201997281537,11,589.0,0.14995621683039825,9,634.0,0.10679450088962605,3,19.0,0.26520373588188806,6,216.0,0.16051247353035017,9,165.0,0.17684641034062654,180,7371.0
2240.0,195,1748.0,3.3295238095238093,3.6297760480721584,9,701.0,0.21103102341897367,3,309.0,0.34346402458431297,20,724.0,0.17091686175841356,29,1701.0,0.16957045086610356,10,532.0,0.3544015104964659,16,428.0,0.29750402210216503,20,474.0,0.029905531360131635,6,26.0,0.26043648919723345,2,177.0,0.2994012471753169,1,8.0,0.53153012934743,15,705.0,0.14893036003553106,12,645.0,0.09314977670732913,14,695.0,0.11773158513850689,8,53.0,0.10016775198357726,13,264.0,0.2452227391344186,17,229.0,0.20102888816911374,195,7671.0
2245.0,210,1954.0,3.707779886148008,3.459498475251082,10,503.0,0.25409960830429396,8,331.0,0.2553869826232226,13,800.0,0.12532312445186633,35,1862.0,0.10709901414645123,16,586.0,0.25870072646318176,22,519.0,0.2034872119307558,13,420.0,0.13286204551861056,3,35.0,0.38924071995440385,8,173.0,0.32452903433214225,5,19.0,0.31672713666668884,15,777.0,0.07505927524984997,10,585.0,0.20669027886043276,14,656.0,0.1957542797024674,2,53.0,0.45724448128586476,13,275.0,0.2537880875466231,23,337.0,0.19329861880628008,210,7931.0
2250.0,211,1918.0,3.6257088846880907,3.3641917592697976,8,440.0,0.25054300290419723,11,303.0,0.20863057335960614,10,853.0,0.11432891908710793,31,1834.0,0.026711037025733526,17,587.0,0.07892126352617772,29,648.0,0.08400648016943305,3,406.0,0.31224839114269964,0,12.0,0.793045341688582,14,231.0,0.16214492550501827,11,65.0,0.1935278899158381,16,741.0,0.05760893748821515,9,419.0,0.27975871115061923,10,515.0,0.3378856097646619,0,20.0,0.7671128549123167,14,240.0,0.18321735728087232,28,469.0,0.13500069769317735,211,7783.0
2255.0,222,2110.0,3.951310861423221,3.3467510603473754,6,442.0,0.2763220543592917,7,178.0,0.21793236461740628,14,909.0,0.13968448686263202,25,1596.0,0.07992149316687353,20,527.0,0.08281802790028395,31,801.0,0.050841453645222065,8,414.0,0.29507947540080104,1,6.0,0.46754543921040703,20,319.0,0.2632144933993905,12,125.0,0.1905323121034332,13,642.0,0.08931360323894406,9,461.0,0.16754014832827258,12,519.0,0.2743740745779912,2,24.0,0.7149990128121445,11,247.0,0.12477518598355654,31,615.0,0.05159589151678159,222,7825.0
2260.0,229,2371.0,4.456766917293233,3.2773318711896207,11,436.0,0.29690405593598673,5,171.0,0.246525674215435,20,999.0,0.1814440776198756,15,1682.0,0.19195054880924126,20,624.0,0.17725414748216914,30,857.0,0.13279183338256068,13,471.0,0.07504673331568529,3,21.0,0.17720660274473526,17,338.0,0.16944838566888729,12,189.0,0.26115715758559455,15,717.0,0.19816264019759142,10,516.0,0.12257864580991952,10,569.0,0.22733301879378875,3,34.0,0.39477262110531525,11,289.0,0.14927140150667073,34,774.0,0.14166838920638097,229,8687.0
2265.0,229,2320.0,4.444444444444445,3.3689820106215,16,488.0,0.22844811571945492,8,200.0,0.23319534593458552,28,1127.0,0.21326312660038832,12,1725.0,0.21949940588825914,14,694.0,0.22034283345026082,20,790.0,0.20473993874372814,11,455.0,0.3190838034170979,0,13.0,0.6432163490841476,15,256.0,0.19184902633165715,12,249.0,0.3767794130203515,15,795.0,0.2569503922914714,16,579.0,0.20048442798786487,15,630.0,0.1334322585114069,5,26.0,0.22891049945957082,13,345.0,0.10419316660146184,29,840.0,0.1509717126403304,229,9212.0
2270.0,216,2367.0,4.5,3.4748111053674458,23,589.0,0.13074845394157297,8,187.0,0.234575725336887,29,1272.0,0.19917363696110865,15,1790.0,0.16468168944319314,15,718.0,0.17972860717289177,13,617.0,0.18963689027359265,3,330.0,0.41769217414366466,0,8.0,0.8702490379047759,5,269.0,0.2887479054683488,12,309.0,0.3427962521579919,17,866.0,0.2538948102591464,16,533.0,0.21055624449461824,21,728.0,0.06388667867262231,4,29.0,0.3820385168483821,14,355.0,0.16125030505798202,21,795.0,0.11836225523610172,216,9395.0
2275.0,217,2190.0,4.048059149722736,3.147324373919658,23,603.0,0.11371998450227158,5,136.0,0.24791120598690927,33,1430.0,0.06834819811170254,23,1891.0,0.028318290367716863,23,801.0,0.10501406044009608,6,651.0,0.23010720190624523,2,258.0,0.39488471520653945,0,8.0,0.6504862840014922,7,296.0,0.313626933040822,10,306.0,0.2311587997136375,19,832.0,0.1460153550910756,14,388.0,0.13811775078906158,21,728.0,0.2160521397960378,2,29.0,0.3356677834281303,13,419.0,0.13535592743189725,16,837.0,0.10244767229535201,217,9613.0
2280.0,231,2088.0,3.8738404452690167,3.2998326946926504,23,534.0,0.13438721152807975,3,107.0,0.36149255640532646,36,1610.0,4.12839475496383e-06,28,2021.0,0.13485620594588707,23,808.0,0.05275430302647797,7,682.0,0.3303563384450214,7,282.0,0.4023209709294461,6,23.0,0.48448618522465303,12,348.0,0.19435366827658238,6,191.0,0.26210069022736066,24,699.0,0.0664036774243183,6,403.0,0.18286728937766597,17,617.0,0.2520450221331241,2,23.0,0.6642394591420324,20,501.0,0.07311259990831367,11,890.0,0.153958406869746,231,9739.0
2285.0,223,2185.0,4.031365313653136,3.2475569578866055,19,449.0,0.20699408817661638,2,107.0,0.3109230080626385,30,1622.0,0.047586410668235025,30,2175.0,0.16952217730188646,25,742.0,0.1439383563769856,8,632.0,0.3331605937725229,13,336.0,0.21661989594312414,1,24.0,0.16739525103021727,14,358.0,0.17514068860751067,2,171.0,0.40539023452605916,21,789.0,0.08307131463347661,8,436.0,0.14123983310131968,13,634.0,0.18503335536120308,1,7.0,0.6706711898077442,22,606.0,0.03524098012418336,14,952.0,0.21323241081736427,223,10040.0
2290.0,209,2157.0,4.03932584269663,3.460545349614972,12,393.0,0.28389118412204534,7,122.0,0.2840426907872799,21,1454.0,0.23797875359146697,31,2324.0,0.11868233580688348,17,829.0,0.14133444505515705,5,492.0,0.15776724280302784,15,327.0,0.20779261570436197,2,15.0,0.5195878900139277,12,310.0,0.18993571619902072,7,194.0,0.43212237636733114,14,836.0,0.12598463258213272,13,491.0,0.23657446317438888,11,692.0,0.09706119400730645,2,15.0,0.7127839686326344,18,612.0,0.15399598711271983,22,1051.0,0.17095617403796493,209,10157.0
2295.0,190,1959.0,3.7314285714285713,3.304567660783992,4,398.0,0.2885145894841603,11,135.0,0.21150093456029678,15,1541.0,0.21559241263964088,35,2495.0,0.024934013459758042,13,882.0,0.1147565381360728,6,518.0,0.14349142766477274,12,233.0,0.14375198584378449,2,25.0,0.7587151387392006,10,357.0,0.17846345112682277,6,158.0,0.3435703767125314,10,762.0,0.1097557650275096,13,482.0,0.2388921624602268,7,631.0,0.1502484101280196,3,13.0,0.5695496713136481,15,545.0,0.23279250830063927,28,1162.0,0.08852233979772359,190,10337.0
2300.0,173,1734.0,3.2593984962406015,3.6721062241769413,8,391.0,0.2966294553314494,8,119.0,0.17088839625634747,13,1608.0,0.13264593323290905,30,2394.0,0.1515238635271004,11,835.0,0.12640126317761866,9,550.0,0.27942979656731887,6,222.0,0.28992741003361505,2,35.0,0.7220952539794082,8,400.0,0.18269585216812667,3,75.0,0.33067525413125537,9,581.0,0.2342669429371613,13,401.0,0.18119480642844665,4,453.0,0.2716859083658232,3,24.0,0.66207988537634,13,615.0,0.16934914353287073,33,1315.0,0.0015542186634379728,173,10018.0
2305.0,157,1437.0,2.661111111111111,3.776483486853074,14,435.0,0.21847953615325863,3,135.0,0.22266188168963022,15,1677.0,0.08593166957355348,20,2021.0,0.23445099205558165,7,683.0,0.24421597886912005,8,507.0,0.3009194567577831,7,236.0,0.3399256941494836,1,6.0,0.17451564359733884,11,384.0,0.18963740953170374,2,55.0,0.4347678484852313,7,524.0,0.326072743259585,12,456.0,0.10381741410647038,5,472.0,0.2467642020403226,1,18.0,0.6393469093458314,15,689.0,0.12522851589891842,29,1343.0,0.03835497253010511,157,9641.0
2310.0,162,1342.0,2.5225563909774436,3.954775419562881,15,430.0,0.1421853581726087,7,154.0,0.25429107868372686,22,1776.0,0.11420788721469312,12,1869.0,0.17843128674957753,6,459.0,0.31045483436798665,7,384.0,0.14432058950008372,14,297.0,0.280152010326384,3,15.0,0.36902278338445516,10,315.0,0.20196667366648385,7,76.0,0.43835205304011743,8,560.0,0.2703066990318179,12,503.0,0.2282426339215311,8,500.0,0.1707031590876132,1,10.0,0.7680349840309427,11,706.0,0.20176933099181305,19,1209.0,0.2196462259264548,162,9263.0
2315.0,188,1381.0,2.610586011342155,3.4667981007783615,15,391.0,0.16354068185702947,9,161.0,0.25328312939895875,28,1904.0,0.1146021041299798,8,1917.0,0.12158869823936042,4,452.0,0.24306574407903767,9,421.0,0.10145682777011923,20,388.0,0.03214497814303512,2,12.0,0.6527630707721652,7,311.0,0.22898342084817155,10,122.0,0.398042819699437,13,614.0,0.17984527679498039,16,567.0,0.2220364032622057,14,561.0,0.10212685012651304,1,5.0,0.7081273971193551,17,776.0,0.24147327465747184,15,1293.0,0.26742828233392635,188,9895.0
2320.0,205,1472.0,2.787878787878788,3.1474824795106264,14,451.0,0.17034716091378527,10,142.0,0.1909587140816951,28,1678.0,0.12231680889878956,12,1964.0,0.2284574239656945,9,481.0,0.2723581300744475,10,454.0,0.1953929167229306,24,502.0,0.010971624947071908,2,15.0,0.64764436764029,8,346.0,0.21915826509750921,9,130.0,0.23308007999314828,14,600.0,0.08324111037314225,15,556.0,0.07532576236968039,14,548.0,0.20612128527111728,2,13.0,0.5834086847019139,22,871.0,0.15344497289942702,12,1352.0,0.2025916566145451,205,10103.0
2325.0,202,1636.0,3.1043643263757117,3.1577511732883963,14,505.0,0.17023273448635637,6,160.0,0.20063182668770557,19,1789.0,0.06798583985140479,17,2045.0,0.24549428917258648,14,538.0,0.2595133123757128,10,417.0,0.27523799833470886,26,635.0,0.040505646896356176,0,0.0,0.12824985216027063,10,326.0,0.18115442859476305,3,91.0,0.3105521212850214,13,507.0,0.2093470624120731,17,474.0,0.12570669482651345,11,441.0,0.2856580923014986,2,25.0,0.5941622920135502,27,995.0,0.08026812663359316,13,1412.0,0.10269573422729564,202,10360.0
2330.0,208,1872.0,3.5387523629489603,3.1843752813479362,10,494.0,0.1933669489120286,8,176.0,0.2531479925928163,16,1878.0,0.0862333253172109,24,2150.0,0.16383286762486488,21,626.0,0.2689930809508807,8,293.0,0.2284165796002604,20,627.0,0.2381048894360743,5,21.0,0.3149903310377574,7,251.0,0.2318239607125143,2,80.0,0.4671849061682904,12,566.0,0.2303547108013302,13,505.0,0.22299139090555653,10,448.0,0.13461977771327197,0,6.0,0.8315535121480772,30,1139.0,0.010788713359576383,22,1508.0,0.025452659441685593,208,10768.0
2335.0,213,1954.0,3.6591760299625467,3.2702890440901298,9,387.0,0.19337344580084886,12,188.0,0.2847993974682462,10,1750.0,0.22263332405307412,30,2291.0,0.0564854253776836,26,746.0,0.12436940825771142,6,243.0,0.1510074944656135,14,551.0,0.24182132438616097,0,21.0,0.7426924469786601,4,238.0,0.2457718496450152,8,102.0,0.39468711279835894,14,617.0,0.11726776804609944,12,550.0,0.23253547906403566,10,504.0,0.12099306726013212,0,4.0,0.8354335660843984,28,1164.0,0.03358664416348323,30,1647.0,0.1317759092699069,213,11003.0
2340.0,222,2220.0,4.172932330827067,3.354529820904452,7,393.0,0.20686057332356902,9,157.0,0.1989187742809096,5,1595.0,0.20328465091437528,33,2455.0,0.00696528940010073,29,772.0,0.04012561484198024,7,271.0,0.2074778476648887,10,411.0,0.21446910071030328,0,4.0,0.8784470043060748,9,260.0,0.22792243960039563,14,161.0,0.14949327165398976,15,685.0,0.12779858966790147,16,611.0,0.16082824355185069,15,568.0,0.21504327048392474,1,3.0,0.8149256275861638,20,1056.0,0.19679592890067074,32,1792.0,0.20914805729098046,222,11194.0
2345.0,249,2746.0,5.1135940409683425,3.073836877434209,9,435.0,0.23000032560089564,9,182.0,0.2031292950891105,8,1629.0,0.08583552510215059,36,2632.0,0.07455565534727383,26,708.0,0.06717409956631729,12,321.0,0.29134623532269316,3,439.0,0.23654439677503553,1,5.0,0.5757320487899754,11,250.0,0.20597258917027006,17,246.0,0.2092206246934071,19,676.0,0.15222515846201898,23,714.0,0.03651149062109084,21,662.0,0.1975813511336694,2,8.0,0.6377294517607335,17,1146.0,0.22033768898743886,35,1956.0,0.1416617659834162,249,12009.0
2350.0,248,2933.0,5.5131578947368425,2.960039203708711,6,400.0,0.24255745397197667,6,195.0,0.2466814393726069,12,1683.0,0.1839537915881299,30,2509.0,0.13370572427044952,17,557.0,0.1361827524981535,20,407.0,0.2122469886611644,7,460.0,0.31040605618797296,6,25.0,0.0487326681879667,8,203.0,0.2020404929629165,17,331.0,0.3316212298999372,16,575.0,0.2108458855692921,28,842.0,0.07004229797472157,26,780.0,0.08954862525418866,2,2.0,0.46254506543371254,17,1223.0,0.11339232475003554,30,1933.0,0.12414351164480637,248,12125.0
2355.0,250,2979.0,5.578651685393258,2.589936980567881,5,291.0,0.24913543707210253,10,189.0,0.2546241059290672,18,1759.0,0.19827294679378077,22,2113.0,0.13993466288841538,9,538.0,0.22250321518566799,23,422.0,0.06776468914600725,8,424.0,0.2614218252361682,6,48.0,0.10630296865309717,3,191.0,0.20409877573995158,18,418.0,0.1668892804024294,19,625.0,0.10547522787768202,33,999.0,0.10922382377636988,28,920.0,0.011937789657347259,4,20.0,0.32548141951456566,22,1317.0,0.06752180303086062,22,1683.0,0.10268575119332055,250,11957.0
2360.0,224,2613.0,4.8478664192949905,2.8517763090930495,2,237.0,0.22969522183021052,15,240.0,0.20736164350663716,24,1868.0,0.09027084843031309,14,2072.0,0.12799835478098037,9,581.0,0.22153648762119746,26,371.0,0.05180268030212013,4,310.0,0.33519966524881484,0,30.0,0.6108182135606562,7,209.0,0.2215782708881392,16,434.0,0.15525804359865195,18,695.0,0.09360965523065702,30,1035.0,0.2191638567393676,22,926.0,0.17365451319236672,1,23.0,0.37691014187996374,23,1414.0,0.06662084175864921,13,1585.0,0.11544215237051639,224,12030.0
2365.0,205,2021.0,3.721915285451197,3.491459415815932,8,264.0,0.22452177558226238,17,277.0,0.15105945566497447,32,2012.0,0.05343627330046254,11,2133.0,0.21692383719826674,11,585.0,0.30617398360173814,14,456.0,0.203404109741214,3,294.0,0.2750259513187509,1,31.0,0.6377927285617071,11,205.0,0.20597575307268143,10,364.0,0.25923246798265437,15,723.0,0.21658844512350983,21,931.0,0.2368418277680115,13,724.0,0.3156689774983455,0,6.0,0.7935377194159615,29,1518.0,0.12029315201555474,9,1634.0,0.13192139867092295,205,12157.0
2370.0,218,1949.0,3.5500910746812386,3.3248368234334356,8,246.0,0.2154296404035751,16,254.0,0.18541277898582292,30,1943.0,0.0619164208729991,13,2191.0,0.25541567770108614,17,615.0,0.20589279913102404,11,490.0,0.22594310967075554,7,312.0,0.22466227950666723,6,54.0,0.39824520931886026,10,165.0,0.23474298264383162,3,383.0,0.3359522881376689,22,803.0,0.16169319075945168,14,949.0,0.12975162573060364,8,718.0,0.1658946522029583,2,10.0,0.6678191740561105,36,1686.0,0.15000339543546481,15,1697.0,0.1340535189809636,218,12516.0
2375.0,221,1952.0,3.467140319715808,2.916254353100211,6,197.0,0.23925831239166798,9,301.0,0.23088510694851733,21,1624.0,0.2046937951135028,20,2275.0,0.13440009834547706,17,609.0,0.11389470990409416,15,552.0,0.16728290313728292,9,279.0,0.09258622723064419,6,62.0,0.30458842641256517,4,182.0,0.1866647666596255,9,412.0,0.21922490906261186,33,942.0,0.026372952615501214,10,1008.0,0.1582892231478822,8,765.0,0.15361387870677787,2,18.0,0.7025276308878913,31,1685.0,0.05673622145940007,21,1791.0,0.1855801004352293,221,12702.0
2380.0,234,2052.0,3.703971119133574,2.8389080918586704,6,211.0,0.2038651982225367,11,343.0,0.21912229746228615,13,1594.0,0.1786004978706197,26,2399.0,0.03535928893060212,19,519.0,0.09978462346350896,16,557.0,0.09085249074120749,11,202.0,0.10272361214514691,4,44.0,0.5554798240357378,9,200.0,0.21813662805651454,9,381.0,0.19892270050916874,38,1103.0,0.021718102307340975,9,937.0,0.20327103745895353,6,696.0,0.27800590094273575,2,8.0,0.6133897798391376,28,1519.0,0.06697614038310824,27,1904.0,0.22287309192355495,234,12617.0
2385.0,220,2233.0,4.016187050359712,3.1145529892935504,9,240.0,0.1656214723356756,11,340.0,0.21094614984150264,11,1646.0,0.10024553183653818,34,2554.0,0.12263573081119886,16,592.0,0.0821805722859005,14,495.0,0.18755767856359085,3,218.0,0.3126482969160343,4,54.0,0.35824705127825807,10,213.0,0.18552856276826074,9,284.0,0.25906010149697767,36,1248.0,0.15241022461910997,8,776.0,0.23469753969744697,2,514.0,0.34311448187076726,3,21.0,0.6230574982667693,18,1482.0,0.19613945994232873,32,2050.0,0.10006190524140497,220,12727.0
2390.0,205,2217.0,4.001805054151625,3.292093950778729,11,239.0,0.1917649686375872,9,292.0,0.22107635600265896,13,1701.0,0.13352827440720555,30,2416.0,0.20010128618046752,13,649.0,0.11023513735004681,12,519.0,0.24421756369171466,8,220.0,0.27506004741951856,8,69.0,0.1735665346696417,8,150.0,0.2518593083263274,1,236.0,0.4049247384482892,36,1410.0,0.13244672198299487,6,790.0,0.11893320190435813,5,529.0,0.14092180672817914,3,40.0,0.5588348014396701,11,1527.0,0.28787347512937866,31,1990.0,0.028134789368327695,205,12777.0
2395.0,197,2060.0,3.6589698046181174,3.453612638858648,11,198.0,0.20568395696337327,8,317.0,0.23559879876985465,19,1789.0,0.1878692678361103,20,1944.0,0.13954875804118888,13,667.0,0.22066113038589572,10,573.0,0.16875043991495187,9,207.0,0.24863140446761695,11,122.0,0.03315817718660709,9,140.0,0.25989008337903907,6,256.0,0.28403450845024053,31,1417.0,0.045723676204496674,7,799.0,0.1738159936512057,8,561.0,0.10145595980104148,1,24.0,0.5212608437352183,12,1547.0,0.23608339118250554,22,1685.0,0.19362172018845306,197,12246.0
2400.0,198,1836.0,3.296229802513465,3.3338287600332284,11,232.0,0.16295751314879145,9,350.0,0.19550230133580435,26,1906.0,0.1532534458459124,16,1914.0,0.10081673236069777,12,606.0,0.24430930760271805,8,542.0,0.15995040839141242,9,149.0,0.20052499431600018,6,130.0,0.3653046491543811,2,132.0,0.29017993131122377,13,309.0,0.1897294387811449,27,1279.0,0.08314704239079115,15,841.0,0.27002613285386134,10,503.0,0.08526982613164936,0,9.0,0.757816716134909,19,1624.0,0.10183303022379293,15,1754.0,0.295585270350108,198,12280.0
2405.0,202,1837.0,3.321880650994575,3.4368030495664565,11,282.0,0.19268482428051992,11,345.0,0.19326969868528293,33,2060.0,0.020713769093213482,11,1975.0,0.18739537176483212,10,532.0,0.11687083530210783,6,445.0,0.28432951118487104,4,147.0,0.3930105203780394,0,70.0,0.5714898678857652,6,125.0,0.32001053971464916,20,394.0,0.13692883907585107,19,1374.0,0.21048988648615044,22,937.0,0.19097119615790073,5,323.0,0.27218968417794637,0,4.0,0.7881091461435942,32,1760.0,0.03709345363939962,12,1815.0,0.24257513557572113,202,12588.0
2410.0,220,1983.0,3.598911070780399,3.6441317292531696,10,277.0,0.20845396806771307,10,292.0,0.22874713366699553,29,1966.0,0.020353314779341325,9,1756.0,0.28194265700876275,10,584.0,0.11207878600493763,6,431.0,0.3212053642156018,9,170.0,0.31329774429181845,0,7.0,0.7108362793788635,12,173.0,0.32365913445135974,27,512.0,0.11839840467442683,15,1437.0,0.23022323673677172,29,1063.0,0.07953385004388104,4,302.0,0.4205417251131548,1,9.0,0.8346511885670395,34,1919.0,0.11644785232949034,15,1884.0,0.14931886107780432,220,12782.0
2415.0,227,2323.0,4.215970961887478,3.6004302016284444,8,221.0,0.19816757043429423,9,222.0,0.2758743901026633,19,1587.0,0.16498106247956257,7,1301.0,0.2614732318587629,11,618.0,0.24422074502824487,11,466.0,0.30621119582542206,14,228.0,0.14003059770366638,0,4.0,0.2466588963959167,14,202.0,0.2232848821490968,24,546.0,0.14601782757778783,16,1510.0,0.1481997486216915,29,1208.0,2.4205793722344055e-05,6,321.0,0.32051653493141274,0,2.0,0.6002316055049934,36,2067.0,0.1833611035421226,23,1984.0,0.18401064132936212,227,12487.0
2420.0,238,2695.0,4.803921568627451,3.447153687216815,8,226.0,0.2003371576477582,8,196.0,0.3103790340191515,13,1474.0,0.29430109324104003,7,1227.0,0.13545638011888733,9,577.0,0.24915636531827162,14,527.0,0.2244900549678873,19,316.0,0.0027393420293141575,7,31.0,0.09646403029301279,12,193.0,0.20454804564746687,16,469.0,0.23138061531477325,22,1611.0,0.037006324645731975,29,1353.0,0.0,12,370.0,0.0617767002184037,2,2.0,0.2451869882930379,31,2023.0,0.16096176194813924,29,2122.0,0.13890994995653552,238,12717.0
2425.0,228,2545.0,4.6105072463768115,3.0738978584085124,5,224.0,0.20768669828896444,5,194.0,0.3219940595840837,9,1525.0,0.28379774635234356,8,1262.0,0.15649019448816875,8,447.0,0.14138749929252536,21,619.0,0.11747938299291816,23,428.0,0.021517369481996246,1,36.0,0.5086467078647797,11,231.0,0.17640552695714576,14,495.0,0.2154031767733287,24,1559.0,0.02458391198557929,23,1334.0,0.08312597017452801,19,459.0,0.05953179089906255,1,7.0,0.29660841561026813,28,1777.0,0.10835886543393065,28,2143.0,0.06536185325480953,228,12740.0
2430.0,221,2131.0,4.020754716981132,3.2799336061283237,11,246.0,0.21948603190821162,10,171.0,0.25603419791602267,13,1578.0,0.21229969296601411,14,1318.0,0.16971597684678985,11,389.0,0.13166613807655805,23,638.0,0.06041919676498365,17,449.0,0.2262154660771107,0,14.0,0.7986752126288992,12,281.0,0.1831805974730753,9,540.0,0.22332970556369638,22,1362.0,0.18206652822504263,13,1046.0,0.2777572717198854,13,436.0,0.3748572214530248,1,14.0,0.6890373899061474,22,1885.0,0.08021822249770365,30,1914.0,0.03740659396317488,221,12281.0
2435.0,192,1639.0,3.0982986767485823,3.581734409408857,16,316.0,0.16853413985373542,15,230.0,0.1550518991705127,19,1656.0,0.05637705629332066,21,1408.0,0.1124742249961357,6,417.0,0.2461827908390748,21,522.0,0.07093164384322836,7,372.0,0.47191371097997425,1,12.0,0.7058511133723874,11,292.0,0.1887720795843371,7,492.0,0.24177521815579942,16,1381.0,0.2721765229368562,11,1031.0,0.3574536290772776,5,277.0,0.3640306530760168,0,8.0,0.8501411930163102,16,1946.0,0.13239169951695673,20,2019.0,0.06196624092739045,192,12379.0
2440.0,207,1624.0,3.0526315789473686,3.4898561540956923,23,420.0,0.14055295829308614,22,327.0,0.1484815569342281,25,1768.0,0.05767566304125848,28,1532.0,0.0030383100446637413,10,429.0,0.2759656809945214,14,601.0,0.1998012828174425,1,326.0,0.29117321446758593,1,7.0,0.802353565080253,12,259.0,0.1970889288066077,8,388.0,0.25632072680917917,11,1442.0,0.25170766834991676,10,1086.0,0.30070527933872726,4,267.0,0.2252895252852846,2,11.0,0.6351157245841345,19,2021.0,0.09249282158052535,17,2092.0,0.17178411932448603,207,12976.0
2445.0,233,2181.0,4.023985239852398,3.1821486319027747,26,480.0,0.1074249457786876,22,441.0,0.16553665141462254,30,1910.0,0.14806651612771465,30,1680.0,5.940702480726339e-05,18,493.0,0.12683517564594007,10,660.0,0.2149286628663398,6,348.0,0.20651477611254784,1,1.0,0.5665376020166106,11,261.0,0.23013827256728325,6,382.0,0.21250293952747498,13,1500.0,0.1746471744386041,7,976.0,0.18227824028933406,7,295.0,0.1483117758183375,5,28.0,0.2686482613395206,23,2028.0,0.17450788584141097,18,2179.0,0.19387058668896912,233,13662.0
2450.0,246,2549.0,4.702952029520295,2.7834411139570157,24,474.0,0.14189165430069392,17,463.0,0.2724666997408833,31,2063.0,0.16369675775623788,30,1834.0,0.03237696182339026,24,523.0,0.06176669087983292,6,606.0,0.21752538756760406,11,399.0,0.08786274436506518,2,7.0,0.23332519266454194,6,280.0,0.24227706278388728,7,411.0,0.1967376753689362,14,1411.0,0.0850227598693512,11,745.0,0.13697002737389655,14,351.0,0.20272413811824372,2,33.0,0.47241754628111043,24,2117.0,0.15859761367581596,23,2281.0,0.07187521395982102,246,13998.0
2455.0,244,2628.0,4.893854748603352,2.8693775333774574,16,524.0,0.1807187504231553,11,392.0,0.22980409195159857,25,1939.0,0.09824223556086034,24,1714.0,0.19905085464610636,18,612.0,0.14963820987466875,8,475.0,0.2463113854443723,18,477.0,0.2165125099834054,1,7.0,0.19057571306910534,10,294.0,0.2862710973032575,14,468.0,0.19108290576583692,14,1179.0,0.11105931654124976,6,710.0,0.19277718369620384,20,439.0,0.16236324431800433,2,14.0,0.7188172618110074,28,2214.0,0.07677859054979075,29,2419.0,0.028873799736249463,244,13877.0
2460.0,244,2764.0,5.195488721804511,2.922336549712126,13,589.0,0.19562776725232695,7,395.0,0.2134570778234445,19,1562.0,0.07417939553546903,14,1342.0,0.32185484587230895,19,679.0,0.24100497307073554,3,457.0,0.14980415030358057,24,588.0,0.08351906689753673,1,5.0,8.576975586819257e-06,16,366.0,0.13067899710795966,20,556.0,0.10342229445102809,12,956.0,0.24458635060693623,7,717.0,0.1556450505744224,26,560.0,0.25162025468549953,2,20.0,0.6285975801654461,28,2358.0,0.05025378332727203,33,2581.0,0.12203263013701203,244,13731.0
2465.0,241,2819.0,5.259328358208955,3.1235637153251172,8,570.0,0.1924845322227312,7,424.0,0.26944358518210226,9,1624.0,0.20117404819479848,15,1319.0,0.23386745173659135,22,775.0,0.197316255527921,7,464.0,0.15351095494056777,23,617.0,0.019098678994206007,0,4.0,0.5712855970625157,23,468.0,0.12292417104572861,27,676.0,0.12199419489242246,7,915.0,0.3116402413266602,8,615.0,0.23543091175618397,27,693.0,0.21648368509156277,1,1.0,0.4256771857148629,30,2501.0,0.008907150810288424,27,2439.0,0.1839079953432574,241,14105.0
2470.0,226,2679.0,4.988826815642458,3.304051759533402,8,461.0,0.23275701800009274,10,397.0,0.287026559859545,11,1656.0,0.3018092258134545,11,1378.0,0.17808216828834203,23,885.0,0.11492144643554952,8,421.0,0.08208270524486937,15,537.0,0.2242766770448363,0,4.0,0.8652017396538488,21,516.0,0.16871531144712112,30,826.0,0.13377269158843824,7,944.0,0.2253123893512517,7,407.0,0.2600194116539354,27,830.0,0.17945648053232072,4,18.0,0.3243753644227631,26,2387.0,0.04862511598975054,18,1997.0,0.10383807839742795,226,13664.0
2475.0,215,2438.0,4.548507462686567,3.072050721987384,9,367.0,0.23846929010546816,9,307.0,0.2322548514853476,16,1723.0,0.24775418077056713,14,1435.0,0.0901138246836508,30,1020.0,0.004675843222412466,8,333.0,0.1392639388155486,7,531.0,0.322987138378211,0,4.0,0.8938866276067229,13,457.0,0.2583279783713085,25,856.0,0.12969410364363462,13,995.0,0.12897856161568105,7,420.0,0.13062501226743023,25,846.0,0.04933038454454699,1,23.0,0.3919850324573939,23,2395.0,0.17780636211669987,15,2069.0,0.10819256218909482,215,13781.0
2480.0,213,1975.0,3.671003717472119,3.1270591297357258,4,377.0,0.24708900925595598,10,291.0,0.2096816097566302,23,1822.0,0.07146013025959164,20,1522.0,0.1549995391083503,30,1037.0,0.015398036238657757,5,351.0,0.27199552342204625,7,565.0,0.3125334534369681,1,7.0,0.5329503390629989,13,515.0,0.17781788627604672,23,781.0,0.1697130755094699,15,917.0,0.09598906838124631,10,459.0,0.14192829508885002,19,750.0,0.11838832418311057,0,6.0,0.7907836109983083,21,2508.0,0.18933739727469087,12,2126.0,0.22352679500907,213,14034.0
2485.0,220,1875.0,3.459409594095941,3.554073199637245,8,381.0,0.3079626328212309,13,348.0,0.18622114999719738,24,1692.0,0.018052263299495264,26,1643.0,0.21948640164511532,22,940.0,0.180823549551803,11,385.0,0.3738210624676189,14,622.0,0.26214436776757377,2,10.0,0.19353985967687487,13,582.0,0.1873561296004608,16,607.0,0.22880927921528643,12,697.0,0.21610185528327233,16,525.0,0.10940632885155673,11,753.0,0.2584723596003804,0,4.0,0.885733209495929,18,2598.0,0.11443363960108055,14,2185.0,0.25610313386583927,220,13972.0
2490.0,216,1778.0,3.2804428044280445,3.3608068342101682,13,432.0,0.19741572448905373,15,392.0,0.15984645977371298,17,1366.0,0.18414627651781362,29,1782.0,0.14715930368297586,15,979.0,0.19402670588661866,17,454.0,0.18664483691364162,21,714.0,0.08207344773316455,4,20.0,0.38163372331040407,16,651.0,0.17001528524428458,4,631.0,0.27451419377671166,11,495.0,0.32981457921891905,16,487.0,0.08664677214759282,8,796.0,0.2784517468831617,0,4.0,0.5624359286559377,17,2414.0,0.0603464861139855,13,1978.0,0.14958138067703974,216,13595.0
2495.0,217,1588.0,2.9461966604823746,3.143796472452634,13,431.0,0.18092886309093825,20,420.0,0.16691976437908934,10,1409.0,0.26110340236615365,29,1679.0,0.03473381089588582,12,1048.0,0.12769298273067944,19,465.0,0.09177291688516138,22,717.0,0.06701773464954953,1,28.0,0.5101337354144474,19,571.0,0.1270992247544736,8,640.0,0.2972226102818731,9,528.0,0.292852122901529,12,359.0,0.2018619451112999,14,850.0,0.14755222102720447,0,4.0,0.7943123504480543,14,1987.0,0.1106753657252762,15,1679.0,0.09908044945655535,217,12815.0
2500.0,192,1306.0,2.4411214953271028,3.5147908065741733,12,339.0,0.17968099514723418,26,527.0,0.20494622990930533,12,1460.0,0.20354988569284915,24,1306.0,0.06666118139657101,7,982.0,0.1355707199821721,12,400.0,0.14812617138364123,12,586.0,0.29181348533607276,1,14.0,0.7172871039065976,13,633.0,0.17479782628190368,9,595.0,0.2551996992685656,9,567.0,0.21541556760390876,12,277.0,0.37573544624063465,16,809.0,0.08548261517889093,0,6.0,0.8870624507350023,13,2038.0,0.2212000622256217,14,1741.0,0.08551797066223168,192,12280.0
2505.0,158,1058.0,1.9738805970149254,3.755677029531586,14,326.0,0.2052262009887279,24,557.0,0.11957604454284139,14,1521.0,0.17398458798033795,13,1264.0,0.22694925861077545,3,796.0,0.2385516189234111,2,392.0,0.3656259281491385,6,389.0,0.33347934491915493,2,11.0,0.6924298208992069,11,693.0,0.17937896362791741,8,463.0,0.21561353605023276,15,630.0,0.0949599408317638,7,296.0,0.2894104369536743,12,619.0,0.18707277050108384,0,4.0,0.8065191014299239,14,2094.0,0.27206721913145493,13,1794.0,0.06731047472168594,158,11849.0
2510.0,159,968.0,1.7992565055762082,3.6418421520153412,14,400.0,0.19881234080710722,23,497.0,0.14601882954023285,21,1619.0,0.047925971433633356,8,1303.0,0.2665941173572375,2,536.0,0.3027226100323493,7,410.0,0.2777119683811346,2,408.0,0.3520445752338048,3,22.0,0.719696269730015,13,748.0,0.2073797938557172,5,441.0,0.2375515289961806,18,585.0,0.05388867889217058,8,324.0,0.18122747182917437,12,665.0,0.27632152553675365,0,8.0,0.6937419505306656,12,1895.0,0.2211045614107168,11,1606.0,0.12201919401796518,159,11467.0
2515.0,170,1039.0,1.924074074074074,3.2925821692345862,19,483.0,0.19072712311992274,14,575.0,0.18132988282093923,28,1746.0,0.13798314132425232,7,1144.0,0.17154431189619984,4,541.0,0.23666845344576792,9,371.0,0.1496351345272292,7,435.0,0.3099244322987134,2,16.0,0.48210932454065897,15,720.0,0.1554499203599508,8,462.0,0.2913264698833416,15,451.0,0.08999533341944857,11,368.0,0.19585862741235846,12,723.0,0.21673607727694322,1,8.0,0.7174027643538458,10,1603.0,0.10059604314021567,8,1203.0,0.24257734866575964,170,10849.0
2520.0,193,1147.0,2.1319702602230484,2.9370225231429306,21,547.0,0.12896547813252746,12,628.0,0.19012393992058105,28,1653.0,0.12177064566899555,8,845.0,0.1482556084724053,7,569.0,0.20229293806984083,11,284.0,0.1058990063368137,6,399.0,0.19290341967394414,7,33.0,0.19339236582003783,14,594.0,0.16849477513889416,13,520.0,0.2737299559109931,16,529.0,0.097109538665149,18,445.0,0.15778111516502583,10,671.0,0.10441328360925206,1,10.0,0.6383364569545523,13,1653.0,0.0770389846482979,8,1242.0,0.3212603477670338,193,10622.0
2525.0,185,1256.0,2.291970802919708,3.3240389697378463,24,600.0,0.1527646968358523,8,584.0,0.203964189916016,21,1213.0,0.09478595377578512,1,720.0,0.3049010133840722,13,621.0,0.26100044449453674,5,279.0,0.23695863931471933,8,286.0,0.1238239237838382,2,45.0,0.4454006856597759,10,646.0,0.2268872294490862,21,611.0,0.141001303474363,17,610.0,0.19704338314305303,19,464.0,0.20030744537736164,11,546.0,0.1586764543681924,3,19.0,0.7261827573038839,11,1681.0,0.09771159007893748,11,1298.0,0.24994102233247312,185,10223.0
2530.0,183,1324.0,2.4293577981651375,3.4120431633253103,24,615.0,0.12958047645717416,8,552.0,0.19960289836418457,12,1295.0,0.13608679920997163,7,728.0,0.30180693004995424,12,591.0,0.2772049007260926,7,290.0,0.2859279976982824,7,308.0,0.14406829281209807,1,24.0,0.7662125812789726,10,689.0,0.20428368115189638,27,734.0,0.12697428076885905,9,571.0,0.274411237913068,16,423.0,0.1562278920045976,8,579.0,0.2649402650802911,3,34.0,0.6890437780154263,17,1739.0,0.05889083266989981,15,1364.0,0.13150040936279814,183,10536.0
2535.0,195,1414.0,2.5615942028985508,2.8852642017931625,25,564.0,0.1213269572071528,7,578.0,0.17667894456222852,9,1349.0,0.21552266996753588,12,778.0,0.2442233002069058,11,465.0,0.2291770452566276,10,260.0,0.22387123979730306,9,337.0,0.2253789001106982,1,19.0,0.5651232295242006,9,636.0,0.200888152721734,27,873.0,0.11484565105237986,6,496.0,0.16010908014250572,15,481.0,0.09999986665766242,11,603.0,0.23938056261751492,2,20.0,0.44423805496324537,16,1578.0,0.05053828945068634,25,1475.0,0.040885831681301846,195,10512.0
2540.0,222,1763.0,3.1765765765765765,2.6813175843289683,19,659.0,0.1495863929777042,12,620.0,0.1621223156713577,15,1409.0,0.28079870159521386,19,860.0,0.12644260673827737,13,469.0,0.09687875238414048,10,193.0,0.12343987211104496,10,305.0,0.23947793772036513,6,40.0,0.3660942675541296,8,488.0,0.20914847765506245,27,1008.0,0.18178925829596854,14,550.0,0.08223312937471482,9,534.0,0.2197717614733709,16,666.0,0.13088684328532552,2,9.0,0.42444445773230705,13,1190.0,0.08762140099760309,29,1614.0,0.06390488434891961,222,10614.0
2545.0,243,2344.0,4.200716845878136,2.901119482938771,14,710.0,0.19858196829333086,14,599.0,0.17307600408209944,22,1500.0,0.17651471465316199,26,980.0,0.01618687498199756,12,524.0,0.12544303185107794,7,128.0,0.2899356294704295,7,208.0,0.22492508659904434,7,75.0,0.580747767976818,9,412.0,0.25853109852730716,31,1153.0,0.11219477139532011,14,609.0,0.171946185936171,12,551.0,0.28595856450447615,16,629.0,0.049631696831047116,3,20.0,0.2422865187728285,13,1258.0,0.11203028509124946,36,1762.0,0.11454750912959731,243,11118.0
2550.0,225,2365.0,4.261261261261262,3.2354674563665626,15,768.0,0.17631084363436467,11,502.0,0.16507699833234468,28,1632.0,0.058052025581380756,20,921.0,0.1859226461538327,10,484.0,0.10900077029505016,2,127.0,0.3662974063343625,6,215.0,0.2805393539652206,2,62.0,0.5179464618451355,4,426.0,0.2655140746190729,30,1157.0,0.10615139304614733,16,651.0,0.25543940156129274,16,616.0,0.13361498775525865,17,495.0,0.09190880148570575,3,28.0,0.6339746245726625,15,1331.0,0.1970866497792604,30,1674.0,0.214805988618347,225,11089.0
2555.0,226,2302.0,4.081560283687943,3.5298830042292764,17,737.0,0.15443975568073295,9,516.0,0.22695011653841216,29,1781.0,0.07855982823063745,10,687.0,0.31137160017202875,10,368.0,0.12871031995602508,7,108.0,0.3143922610209389,9,252.0,0.2622622799843329,3,28.0,0.2906275194072105,11,454.0,0.24906012300488084,21,1013.0,0.17251389898640476,25,746.0,0.17019188397379595,24,725.0,0.021495727052130636,11,553.0,0.25108944928161187,2,19.0,0.6249945828926556,16,1404.0,0.28392731393959314,22,1337.0,0.276835224513263,226,10728.0
2560.0,238,2552.0,4.453752181500873,3.3772348682031215,16,680.0,0.15299436967140267,6,550.0,0.22003923075357235,35,1942.0,0.05171576102614293,4,584.0,0.2652101205520507,8,225.0,0.22468104962156807,7,111.0,0.17962417514398257,14,306.0,0.1810665506833966,3,29.0,0.24562295766795242,17,526.0,0.15811950739292038,16,1092.0,0.19089104896618575,30,887.0,0.06211180913086649,29,865.0,0.12189454256061945,10,600.0,0.3376739404924861,5,28.0,0.33141056867481933,23,1505.0,0.23665487097648472,15,1305.0,0.17079277861490144,238,11235.0
2565.0,254,2838.0,5.014134275618375,3.2235084102365543,16,741.0,0.13382630375005805,7,514.0,0.2255326768782321,30,1851.0,0.11637362529380128,6,611.0,0.16925048287463929,2,219.0,0.3246820048711434,7,103.0,0.24776316499361073,15,317.0,0.08813260205597907,7,46.0,0.44037144321081484,24,636.0,0.13675069885795507,12,1157.0,0.15609748475246044,35,1056.0,0.012295778387517753,29,1009.0,0.1626702479091456,17,664.0,0.2197097739017482,5,53.0,0.4754207465553359,31,1644.0,0.18976962770904118,11,1364.0,0.1641341044447661,254,11985.0
2570.0,250,2866.0,5.210909090909091,3.3129170491664715,16,813.0,0.170170443394208,6,397.0,0.2117342371333179,21,1498.0,0.25242138334519515,7,531.0,0.2641845346731317,8,207.0,0.3638145204283075,6,127.0,0.3455509661602333,14,267.0,0.07608216495724264,7,78.0,0.5442410136496841,23,640.0,0.1682645012530644,16,1224.0,0.16160108760097672,31,1089.0,0.13780322064684325,24,1029.0,0.10399762024207414,22,765.0,0.10010622392989063,0,37.0,0.5971194814394499,36,1817.0,0.1087545187386378,13,1420.0,0.15102811552065362,250,11939.0
2575.0,232,2674.0,4.818018018018018,3.3821758582963897,17,890.0,0.16118307697714457,4,375.0,0.24633551786541108,16,1582.0,0.2544052391072361,4,310.0,0.3284185306858419,14,263.0,0.25947270575007714,9,149.0,0.32957165819310713,10,313.0,0.12705971087636383,7,113.0,0.37225997737094557,20,542.0,0.16725262748234865,15,1152.0,0.16058277016401376,22,993.0,0.240914189118059,19,924.0,0.1582007244197135,25,887.0,0.14657498121577908,0,2.0,0.49024148671186846,31,1748.0,0.05133395030646214,19,1507.0,0.04633953570144053,232,11750.0
2580.0,227,2262.0,4.068345323741007,3.083895048790551,18,878.0,0.12572190910706063,7,403.0,0.24739635044329017,13,1653.0,0.18827811209553555,2,316.0,0.3609321958492931,19,285.0,0.13159909464349143,17,220.0,0.21027878536836386,9,357.0,0.23426383913026805,11,158.0,0.1109968974855752,13,614.0,0.1754704972691082,13,932.0,0.16527775957024732,17,1038.0,0.1742994766594188,11,878.0,0.24212220966340167,23,867.0,0.03733632460084996,2,9.0,0.15926201824340266,26,1431.0,0.0748851995335099,26,1627.0,0.07787469161716047,227,11666.0
2585.0,231,1797.0,3.273224043715847,3.1336153140608736,15,769.0,0.1652269698277196,13,456.0,0.23055076493176863,10,1488.0,0.14449944093079853,8,346.0,0.2894225505966034,18,284.0,0.07505737552258461,22,322.0,0.15968515425205979,14,414.0,0.2584595978083131,9,157.0,0.22062615073585676,13,669.0,0.201456914690952,13,921.0,0.1910464318753958,13,1110.0,0.1019011679802009,12,914.0,0.2867872302544121,17,672.0,0.2185387783129125,6,37.0,0.42905553605312624,21,1436.0,0.10304704368185122,27,1522.0,0.14467987616037248,231,11517.0
2590.0,197,1371.0,2.5248618784530388,3.3022450987518024,17,597.0,0.21966313289389605,14,437.0,0.20709485438011782,11,1135.0,0.11231787595361405,8,296.0,0.25794700205885984,12,331.0,0.10740704424880736,22,378.0,0.03419850001519832,21,503.0,0.14275389094917904,1,86.0,0.41560412559921167,16,740.0,0.17382771545709386,9,979.0,0.20386191837418782,13,1160.0,0.13292195873669096,8,847.0,0.23862216717778947,8,504.0,0.3409407622198083,0,36.0,0.7091548881699579,13,1493.0,0.2256312605101667,24,1646.0,0.15810728529689128,197,11168.0
2595.0,171,1034.0,1.9077490774907748,3.267349733779356,7,629.0,0.2601523722813789,12,298.0,0.15627881933955456,8,1092.0,0.16433389769766293,4,181.0,0.33298376877875613,12,366.0,0.21027119471065606,16,372.0,0.22117015163784465,21,541.0,0.1076096947751902,1,63.0,0.276109026553067,16,598.0,0.14522007612285667,8,885.0,0.22668591436670596,15,1108.0,0.10067886452771324,10,789.0,0.11171738059038289,2,523.0,0.30463766312535,2,12.0,0.6196549175351437,16,1542.0,0.24385264277279975,21,1755.0,0.07345477187242959,171,10754.0
2600.0,165,911.0,1.6715596330275229,3.5166539992177404,6,641.0,0.2937089054901383,11,355.0,0.22099608109864474,7,1109.0,0.2982243054983562,2,155.0,0.3810577551787906,7,344.0,0.27389320276078677,9,392.0,0.30540100203084913,21,506.0,0.1865308501474201,7,89.0,0.3980161610163579,13,650.0,0.15778993358358512,7,678.0,0.2554401946959435,12,947.0,0.21986749498055708,12,839.0,0.14572514671376885,7,550.0,0.2079309096658634,1,7.0,0.15261376305883503,23,1636.0,0.1268505369418747,20,1859.0,0.05288897672572064,165,10757.0
2605.0,180,1107.0,2.005434782608696,3.5034000266829337,12,639.0,0.22461413260843674,9,406.0,0.21581635915659347,7,995.0,0.2403142250899491,7,179.0,0.21676102152253987,6,274.0,0.2711568082202001,7,412.0,0.19142872359893193,16,580.0,0.173437286207701,1,74.0,0.597397944133247,15,716.0,0.17275625879911635,5,413.0,0.25980837695905357,13,929.0,0.24607891901673634,11,867.0,0.21740058826019673,13,607.0,0.21260066608826494,5,24.0,0.20464195363591334,29,1771.0,0.033112801538573954,24,1963.0,0.145849966218113,180,10849.0
2610.0,182,1297.0,2.3581818181818184,3.298372670153352,12,508.0,0.20251420684237492,13,462.0,0.18893911252247622,5,740.0,0.13013275480030753,13,239.0,0.2282319271070655,3,282.0,0.19339756452911352,12,463.0,0.12824934152406126,11,619.0,0.12993545562600184,0,19.0,0.6245847382233579,10,681.0,0.1476837719701111,2,418.0,0.30834354558284083,13,992.0,0.1707143309473908,14,802.0,0.184138534807211,13,579.0,0.22302431069945125,3,31.0,0.16299136732787353,29,1679.0,0.14032833339708295,29,2102.0,0.15821194176349607,182,10616.0
2615.0,201,1524.0,2.760869565217391,3.2171335229768463,6,533.0,0.16297613327052202,12,352.0,0.14721192369053504,4,699.0,0.16912888658157735,18,326.0,0.20065654012056885,9,311.0,0.1379807048067834,14,469.0,0.1121775399026268,16,693.0,0.12445911658869951,2,7.0,0.3188042773039437,10,552.0,0.19576641938758274,8,430.0,0.32754336317836397,15,1061.0,0.10473338638403547,10,572.0,0.10232226293614001,11,407.0,0.22889674156703146,6,38.0,0.5578026948893371,24,1809.0,0.1913094857465354,36,2264.0,0.09826729668278517,201,10523.0
2620.0,207,1645.0,3.0128205128205128,2.9436532165551657,13,568.0,0.182366511976865,9,401.0,0.16866118799513782,7,725.0,0.17300919904952164,22,432.0,0.16441322277914197,12,301.0,0.12508934253794354,12,409.0,0.22903349573436696,22,790.0,0.17013586510535492,6,33.0,0.00011591839697538006,8,582.0,0.19120886058953612,10,384.0,0.24829306828669573,15,1012.0,0.20278023316199922,11,613.0,0.15114444037105362,6,436.0,0.15820136121043948,0,39.0,0.6445978090457264,22,1922.0,0.11559812833720169,32,2153.0,0.04075109173277244,207,10800.0
2625.0,209,1790.0,3.314814814814815,3.213295448457654,10,532.0,0.1731851651320301,12,464.0,0.16730168748825347,14,782.0,0.3484804050347495,24,547.0,0.037199748520005196,11,253.0,0.21820008464323012,9,446.0,0.24702025682204617,28,915.0,0.13823807812725883,6,63.0,0.37994224700897056,10,612.0,0.18325095565162183,9,264.0,0.19335474201744612,14,900.0,0.2327246013667146,8,639.0,0.2650785253293633,8,469.0,0.2648811195334103,3,10.0,0.35523055290344474,20,2024.0,0.046621584117049295,23,1794.0,0.2070387749832117,209,10714.0
2630.0,196,1812.0,3.3431734317343174,3.046191561164908,9,447.0,0.17277679159443105,7,429.0,0.16938675565185912,19,869.0,0.2470374918053356,24,669.0,0.017663892319699746,4,271.0,0.2239890794608002,11,493.0,0.10301176931844097,30,956.0,0.1008716772696634,0,52.0,0.5916777905264541,10,569.0,0.19463518491156093,5,281.0,0.24172892574715157,13,911.0,0.17128803522633673,15,693.0,0.238572835062282,10,424.0,0.2790425063980452,3,20.0,0.2090224968911083,22,2121.0,0.06929997800229955,14,1647.0,0.2772497099837739,196,10852.0
2635.0,208,1875.0,3.4403669724770642,3.121436051746823,6,463.0,0.16583531484503827,6,342.0,0.22120696679240964,24,975.0,0.04343070755971667,18,659.0,0.1993233285042804,10,287.0,0.14440183586227642,17,564.0,0.20556079695632698,25,833.0,0.15038961607147053,1,5.0,0.5291170446403434,8,453.0,0.21309830277878794,10,306.0,0.30593124608837974,15,989.0,0.08895375862593308,16,639.0,0.10927894064909344,7,259.0,0.1718570889424431,6,38.0,0.5611316719293878,30,2257.0,0.1434326533176045,9,1691.0,0.22046566639465373,208,10760.0
2640.0,201,1882.0,3.465930018416206,3.2240680260235752,9,492.0,0.16443421717981374,3,348.0,0.19020127469616835,26,1108.0,0.04700513357722598,8,525.0,0.32117798733307024,12,289.0,0.10292140425280726,24,669.0,0.2142202197667873,13,917.0,0.22170366196409533,0,7.0,0.6767937255164593,8,477.0,0.16854809189160738,15,367.0,0.14664617481465042,15,1063.0,0.19537487919885246,19,496.0,0.10856587490669276,4,285.0,0.24679967791687285,1,37.0,0.6722657919746582,36,2414.0,0.14552021343905303,8,1541.0,0.13724434377345038,201,11035.0
2645.0,205,2036.0,3.7426470588235294,3.249487271502028,10,441.0,0.15600722131186073,7,377.0,0.22014890340430338,20,1051.0,0.2534662104217985,4,550.0,0.24986167278931823,10,258.0,0.20400194355283174,29,795.0,0.14059902357457413,12,965.0,0.1772685742853855,1,7.0,0.32405231444460336,10,515.0,0.18661152516575855,22,462.0,0.15815117531025283,16,1009.0,0.19320177057668853,10,549.0,0.26968889447723465,9,310.0,0.27969945953752773,2,16.0,0.3701477151541806,36,2594.0,0.06868206832017676,7,1166.0,0.13667886044513844,205,11065.0
2650.0,207,2137.0,3.8854545454545453,3.310804408760617,9,319.0,0.18023178093809497,9,358.0,0.20741003186880788,14,805.0,0.27015342113089735,9,585.0,0.2660108483934621,6,280.0,0.2538974239511802,35,958.0,0.025974106095120946,15,1029.0,0.09390866929264183,0,5.0,0.5549307953259295,11,483.0,0.20958596714430364,21,473.0,0.16269005811610857,13,771.0,0.13005327087504248,10,574.0,0.28376490600179105,9,288.0,0.2634458087689057,4,22.0,0.17472979266148742,36,2774.0,4.277070097406617e-07,6,1175.0,0.2820726048295742,207,10899.0
2655.0,190,2007.0,3.6893382352941178,3.311688402099275,8,306.0,0.17383958209919678,6,284.0,0.19283053236597697,10,709.0,0.20043757417925412,15,648.0,0.23309870710904948,11,296.0,0.19966005609234944,29,1007.0,0.08986741424834441,13,990.0,0.11519749937274187,0,4.0,0.6496305799354865,9,336.0,0.1779561342305313,14,377.0,0.24149277444059572,15,661.0,0.12116139352332504,11,504.0,0.18543504651093173,6,198.0,0.1850678417052763,5,35.0,0.44421669568035593,30,2648.0,0.01793773335414371,8,1205.0,0.32741053453084273,190,10208.0
2660.0,172,1720.0,3.185185185185185,3.45001900866041,11,350.0,0.1495701806934051,5,306.0,0.18611998204553615,5,750.0,0.1690736408390399,21,741.0,0.1884770938343942,17,362.0,0.11492984344255967,19,902.0,0.21843080686826694,10,835.0,0.32074986526593513,1,6.0,0.5864803483674147,11,319.0,0.20792467547315774,8,387.0,0.21104629818399348,11,582.0,0.1694975036984853,13,375.0,0.12225297452840574,1,157.0,0.3057735152898802,1,37.0,0.4218243097278229,23,2245.0,0.07264339957765337,15,1264.0,0.2649422691282956,172,9618.0
2665.0,184,1631.0,3.042910447761194,3.309386261879515,13,382.0,0.1717523519951536,9,343.0,0.1888326734587045,12,793.0,0.23634341341478923,26,861.0,0.11253426085362331,20,426.0,0.040061534120435636,13,919.0,0.258230219200145,10,778.0,0.2662453755570274,1,9.0,0.798146546336233,8,338.0,0.22086000516321838,9,428.0,0.2350245945469044,4,586.0,0.2123929519107971,10,424.0,0.20419328027975972,6,173.0,0.18484986041259108,4,27.0,0.4742891610919507,17,2226.0,0.09599802639084336,22,1363.0,0.055345058454586656,184,10076.0
2670.0,200,1471.0,2.7342007434944238,3.2466350711276273,15,376.0,0.1366304365118615,9,325.0,0.1813207317454628,14,715.0,0.23415125955867408,22,862.0,0.05550566303966371,24,537.0,0.018977489874107526,9,966.0,0.20006573205438125,11,829.0,0.16029760997426354,0,2.0,0.5946917957788027,13,357.0,0.24583559031495106,8,398.0,0.21230175669648402,10,597.0,0.2534703768671103,13,458.0,0.2053274620246427,12,223.0,0.20892183995035676,4,43.0,0.5516206823500899,14,2309.0,0.1580476720768042,22,1287.0,0.16800819341559087,200,10284.0
2675.0,192,1478.0,2.721915285451197,3.584814682029533,23,471.0,0.12305466011200832,7,253.0,0.20521732310345775,10,458.0,0.2124364351918085,14,732.0,0.2098627014406801,27,652.0,0.013067031357609454,12,1015.0,0.15810105203531133,7,750.0,0.13320066044912515,1,5.0,0.45291712039604165,18,433.0,0.18518715191683943,6,313.0,0.20957713549973386,10,528.0,0.3164419104180501,14,516.0,0.12814018015428807,13,231.0,0.33339683788152535,3,36.0,0.19111863027059023,15,2381.0,0.22059777086267218,12,1011.0,0.3679015191193561,192,9785.0
2680.0,191,1553.0,2.8443223443223444,3.43242646986974,24,498.0,0.12426891545107821,8,280.0,0.23905172876879668,5,448.0,0.15419470527673254,7,656.0,0.2687639884094244,30,801.0,0.012330019365771024,19,1099.0,0.0896086677723625,6,566.0,0.1417320467054131,0,7.0,0.6306655600482706,25,543.0,0.11322262815361743,6,328.0,0.2184547623389632,9,427.0,0.20665377978754262,21,614.0,0.0585916530483814,8,185.0,0.3136534269971111,2,19.0,0.5316995579092275,16,2208.0,0.15296905501849647,5,873.0,0.37068546582460155,191,9552.0
2685.0,209,1725.0,3.2363977485928705,3.2726576051697895,23,453.0,0.14567913099788984,11,322.0,0.23312927577531162,6,476.0,0.1598302932401206,7,681.0,0.2971718245652572,25,843.0,0.030730532871214418,27,1221.0,0.1918434976331226,4,589.0,0.2783249132385397,0,8.0,0.9127488578519343,32,687.0,0.1025878257070781,9,366.0,0.22402430434498946,11,469.0,0.07913606571442595,23,623.0,0.13577866624617113,4,204.0,0.24213761582363028,3,14.0,0.6465986678374223,17,1844.0,0.08571853928421691,7,896.0,0.32105705751573427,209,9696.0
2690.0,219,1739.0,3.293560606060606,3.2972527225610535,18,435.0,0.19715776624389794,13,310.0,0.16843572962037998,13,531.0,0.23992564112443204,12,726.0,0.18967807333881642,18,764.0,0.09403388865637173,23,1206.0,0.24436503391038314,10,629.0,0.28664196044135987,0,4.0,0.862439136333071,28,732.0,0.13357319334603138,11,360.0,0.19824926780112762,14,514.0,0.09995809374997433,20,506.0,0.20300397451742203,9,234.0,0.3155085303806841,4,29.0,0.580201842050135,16,1915.0,0.1961595432235371,10,759.0,0.1144823953341846,219,9654.0
2695.0,193,1460.0,2.7599243856332705,3.0461675712059186,10,456.0,0.22353537721254021,12,334.0,0.1665809138476047,13,493.0,0.3004229349508875,18,813.0,0.06074019005862375,18,852.0,0.18968012041245344,20,1030.0,0.12641282481726787,11,568.0,0.1891839487159194,1,9.0,0.5762700954884434,21,659.0,0.15336210285845334,8,287.0,0.32422156686187625,17,523.0,0.07604890570859436,12,408.0,0.16377180302429264,12,233.0,0.21871251290874716,0,26.0,0.17647386772793136,13,1973.0,0.22408983406581165,7,503.0,0.12560277446957216,193,9167.0
2700.0,172,1139.0,2.145009416195857,2.8319264891998457,5,458.0,0.2516029667976363,12,386.0,0.13212088695169427,11,377.0,0.1455260787598427,24,926.0,0.2264826310378079,14,930.0,0.19796391513592626,14,988.0,0.12523094417670122,11,392.0,0.10853432972705566,5,24.0,0.4890253124819298,15,738.0,0.17200987175884064,4,306.0,0.22189848716962585,24,629.0,0.044563839367304,5,444.0,0.21746857038215756,12,201.0,0.12309752155845913,0,6.0,0.6241157045871072,11,1813.0,0.13155054625106788,5,466.0,0.19733068491601113,172,9084.0
2705.0,187,1159.0,2.1704119850187267,3.3408560452411526,11,458.0,0.23218711919280957,17,452.0,0.14569276740904574,13,428.0,0.09229421758448045,23,905.0,0.16109820956856727,16,941.0,0.0967532699527162,10,1034.0,0.24020019505472487,8,248.0,0.17734105050115187,4,34.0,0.5020873893725835,12,796.0,0.1994230250006141,9,337.0,0.2243905649631299,22,729.0,0.1345319052931143,7,470.0,0.3191642037973736,9,160.0,0.32078406771726015,4,19.0,0.6871933114449565,13,1357.0,0.10882450693641572,9,492.0,0.3613000239073962,187,8860.0
2710.0,181,1230.0,2.2445255474452557,3.7522775237342882,19,530.0,0.16433035017007008,21,542.0,0.13408528175962858,9,473.0,0.17352893166213057,18,731.0,0.10838668505040833,17,869.0,0.09912825333076293,12,945.0,0.17803270487506623,1,247.0,0.3794924513454194,3,23.0,0.4860321307842787,16,861.0,0.18250599495974165,8,313.0,0.20235266033186827,29,827.0,0.1997946584879046,8,434.0,0.3475914197503101,1,157.0,0.4288534619858579,5,38.0,0.6459994290110318,5,1383.0,0.21793293473215808,9,411.0,0.27736110845130846,181,8784.0
2715.0,189,1442.0,2.607594936708861,3.5034367681897325,19,558.0,0.13307954372995284,27,666.0,0.11912369461439498,16,534.0,0.24300706051597534,11,795.0,0.11727687582445286,10,914.0,0.17818016017550004,9,766.0,0.1356673968297073,7,225.0,0.41149583537682366,6,34.0,0.10739946865711587,15,838.0,0.13178418343287734,8,235.0,0.29512510226858923,30,961.0,0.1530529143817163,5,327.0,0.24269826211585957,7,129.0,0.3661267412139843,4,41.0,0.1935320401703367,7,1391.0,0.29683211477321186,8,239.0,0.15973953796953194,189,8653.0
2720.0,217,1878.0,3.396021699819168,3.3759259542122124,23,620.0,0.11165474013129273,33,823.0,0.07551026609295408,21,627.0,0.25102247083033646,8,837.0,0.23295920965035646,15,960.0,0.24995320306882476,3,672.0,0.16801892019650363,8,188.0,0.16299807109419254,11,86.0,0.2932825175285347,14,677.0,0.20179526015107957,3,224.0,0.40074690885708236,34,1121.0,0.0755434914346308,6,351.0,0.24780408274262755,14,180.0,0.15652999971960796,6,35.0,0.18984486468539802,13,1440.0,0.3026816572339314,5,242.0,0.15816670586245982,217,9083.0
2725.0,261,2637.0,4.8385321100917436,3.4121539013146274,23,725.0,0.1341262728228522,30,869.0,0.12801857424769608,27,747.0,0.21674583124248759,15,901.0,0.283801330067588,19,1040.0,0.25243161707185463,6,662.0,0.29079064010734135,11,135.0,0.17415902704987532,12,146.0,0.43939687707516933,9,726.0,0.26292875053434617,8,252.0,0.26896620897663626,36,1302.0,0.025891684228964384,10,385.0,0.2190701502705491,20,269.0,0.041444595429598385,7,60.0,0.43058954832602253,20,1531.0,0.24230221880776207,8,262.0,0.29626720451533267,261,10012.0
2730.0,269,2989.0,5.494485294117647,3.342733795711456,20,824.0,0.127520717247485,21,786.0,0.1684896242502364,33,910.0,0.15634865191641723,22,989.0,0.20088258071575543,23,1144.0,0.19270261169331693,12,712.0,0.2566684415225373,4,131.0,0.3060569984055054,13,203.0,0.35868966888043496,8,758.0,0.25022005544826376,16,312.0,0.16534106630396342,31,1325.0,0.13080465737174618,17,455.0,0.06809671157361047,16,306.0,0.2381910730604277,1,60.0,0.568708907750928,24,1413.0,0.1252877320242515,8,219.0,0.37017320344553833,269,10547.0
2735.0,272,3116.0,5.727941176470588,3.29072525692337,22,922.0,0.12688284741591563,16,702.0,0.22503530572890226,34,1078.0,0.025811071785299424,20,932.0,0.09184921339268456,29,1277.0,0.08986869583915112,18,788.0,0.07358563212632296,9,133.0,0.34895328573043566,11,217.0,0.24635078518243297,10,709.0,0.2300328044369777,22,409.0,0.15241993779576646,22,1175.0,0.23569616401933544,19,551.0,0.19276831709416503,6,254.0,0.38424099677198875,2,22.0,0.5886854010589848,25,1100.0,0.0939281136111391,7,219.0,0.40161227794701004,272,10488.0
2740.0,261,3126.0,5.683636363636364,3.106806664271435,29,1049.0,0.1140806270034884,7,683.0,0.26122793828823493,36,1256.0,0.04367874438088705,16,747.0,0.11835441352894929,31,1286.0,0.042751701361579984,23,902.0,0.03482742420341198,14,179.0,0.2524293051194147,8,174.0,0.16997878636619448,8,567.0,0.23762611515723708,17,431.0,0.2571940599221157,18,1269.0,0.16860557926298203,21,650.0,0.023766950534340775,3,263.0,0.24564184432681782,1,22.0,0.6010631460849681,19,1000.0,0.1478140853572375,10,252.0,0.17894296489512085,261,10730.0
2745.0,233,2769.0,5.127777777777778,3.450042145987241,28,978.0,0.1143148553429459,5,684.0,0.2477726425937834,30,1267.0,0.17583489842512234,5,739.0,0.32132505560955604,25,1111.0,0.1745319002576029,23,1021.0,0.2725370044853732,19,269.0,0.20143200427117477,7,113.0,0.24555964780568226,8,557.0,0.19433877550136378,11,349.0,0.2180034358927349,16,1349.0,0.07802618469914831,19,657.0,0.04412948043020375,10,305.0,0.0905879229737341,2,24.0,0.3881531448138023,10,1032.0,0.28367195540440665,15,306.0,0.09603195989680988,233,10761.0
2750.0,210,2258.0,4.276515151515151,3.6884598189064333,22,1087.0,0.14573007086126838,10,701.0,0.21727934079462619,20,1109.0,0.22617585086290715,9,750.0,0.3872803806903446,17,1196.0,0.25477231206354245,19,970.0,0.2607566775019149,19,368.0,0.06984177870335853,3,99.0,0.3784472357350566,10,602.0,0.20659765752120823,8,389.0,0.2143955813973055,16,1425.0,0.0958745173113301,9,544.0,0.3089901745771297,15,375.0,0.36609806910032566,4,17.0,0.14353852340293874,8,887.0,0.2925689330616995,21,400.0,0.0823608887436168,210,10919.0
2755.0,208,2115.0,3.9981096408317582,3.5925080950227617,19,1186.0,0.15706968800773238,16,771.0,0.14559106663713986,16,1197.0,0.1137338538791966,11,676.0,0.14063694920468425,14,1256.0,0.1781278489628049,15,701.0,0.2500212331743912,19,463.0,0.2165630450999405,6,93.0,0.39883235762995006,9,557.0,0.24711103511838345,9,433.0,0.23480491806625098,17,1365.0,0.1715835749291373,3,532.0,0.44132175629392983,18,458.0,0.2677969746119764,4,31.0,0.5225199554292365,8,551.0,0.13161546460330886,24,517.0,0.12368977454091698,208,10787.0
2760.0,204,1884.0,3.6091954022988504,3.4479206802695104,11,1139.0,0.14484660786422943,24,880.0,0.11564880322560876,14,1268.0,0.15382614300147648,11,510.0,0.1459223678406778,10,1177.0,0.13203025158689038,8,746.0,0.1677493882180318,16,463.0,0.23573557370944803,7,116.0,0.25128172697644036,7,415.0,0.20456924487181347,10,403.0,0.25939259796963376,15,1090.0,0.22829659998139645,8,556.0,0.3988631718567434,22,557.0,0.11435376249231027,1,26.0,0.5337662684051607,11,344.0,0.14932232025203906,29,652.0,0.12017639905417897,204,10342.0
2765.0,185,1856.0,3.576107899807322,3.6691088346632066,6,951.0,0.19304277920830776,28,1016.0,0.13678403035056758,10,1179.0,0.24691758986102078,1,441.0,0.3660465061233365,10,918.0,0.14785569144801267,7,775.0,0.2054025860436201,11,383.0,0.3293396494384699,3,100.0,0.40747454531010774,4,399.0,0.27487944287317695,10,284.0,0.17966086062600656,15,1160.0,0.18491716432295285,15,618.0,0.21638874950231238,23,673.0,0.018457312700142506,1,10.0,0.5792605255930794,8,365.0,0.22622908629119393,33,803.0,0.18380479455197812,185,10075.0
2770.0,196,2320.0,4.48742746615087,3.8292519183917975,6,970.0,0.19195657783055867,33,1168.0,0.12374794391447623,7,920.0,0.25963282503536894,6,446.0,0.4262191290057422,8,944.0,0.24077119353662974,14,827.0,0.16452872503893562,4,386.0,0.22413318554551376,3,40.0,0.7038126422585611,7,424.0,0.2628548084803126,7,310.0,0.22461685840374399,13,1233.0,0.11722849948842799,22,713.0,0.134539464053125,23,790.0,0.17763162365985216,0,2.0,0.1576191482852578,7,363.0,0.3294964274043503,36,979.0,0.1615188957137886,196,10515.0
2775.0,209,2675.0,5.2042801556420235,3.477943917922636,8,1000.0,0.1628120161428008,28,1193.0,0.10821446860625707,4,890.0,0.2130000207951626,13,490.0,0.2286718857110156,9,972.0,0.2667267745829927,15,749.0,0.16332291932537396,8,421.0,0.18058835891660024,1,31.0,0.5498315231817232,13,476.0,0.17370941536495607,8,339.0,0.22731144171165693,7,1139.0,0.25082389426216845,25,836.0,0.09330159264853542,23,905.0,0.20753224624590985,2,14.0,0.5818295458644309,14,401.0,0.24729290368088533,31,1011.0,0.12867288855455158,209,10867.0
2780.0,224,2807.0,5.429400386847195,3.5694832864897217,16,1067.0,0.17847840305361534,20,1062.0,0.15828014075173383,7,922.0,0.22444528651277224,18,571.0,0.039923613031261226,14,1027.0,0.2674683521655316,11,524.0,0.15024343463001646,8,390.0,0.3924360739381941,6,44.0,0.4271655040487075,15,447.0,0.2946880791987698,8,318.0,0.20992826741032156,5,850.0,0.31230968229420797,25,961.0,0.13241530284027933,23,1016.0,0.1288782339234926,0,4.0,0.9222727839900263,21,495.0,0.16415359788973785,27,895.0,0.1316785176810077,224,10593.0
2785.0,224,2789.0,5.3634615384615385,3.2962498166218572,17,1023.0,0.1510360757262785,13,1135.0,0.21504291678944054,13,977.0,0.19750099156116882,25,683.0,0.1553123117119277,20,1118.0,0.20166864096488263,10,316.0,0.20403396527092552,3,239.0,0.4137381989666505,7,79.0,0.5717651218725053,10,315.0,0.24789899291303216,7,207.0,0.3160103423803838,6,614.0,0.20904155745338954,29,1099.0,0.051476864892742315,19,992.0,0.024141503128482567,0,0.0,0.86038262743625,29,623.0,0.014563906248432186,16,985.0,0.14614780537461997,224,10405.0
2790.0,203,2221.0,4.2711538461538465,3.055682110023565,18,1112.0,0.10827605529668215,11,1190.0,0.1591236447833958,21,1066.0,0.10131208622316411,19,672.0,0.23048835303658624,24,1080.0,0.12371181209117678,2,320.0,0.40020382686316963,4,253.0,0.20994400958358395,7,114.0,0.44491155509511005,4,288.0,0.24645179200454279,3,219.0,0.24835280107258154,5,632.0,0.1866203575663412,28,1092.0,0.12854816239429165,10,822.0,0.15064981776462244,1,9.0,0.5720753839563171,35,784.0,0.012686893461958264,11,1022.0,0.17778012844575816,203,10675.0
2795.0,213,1905.0,3.6494252873563218,3.3761570596054455,21,1203.0,0.10074468876186504,16,1254.0,0.14516403332087238,26,1193.0,0.048017102176891854,11,503.0,0.1683830855722243,24,910.0,0.10817626092597257,8,333.0,0.4046625618397041,9,286.0,0.2340892457869188,10,158.0,0.010592729136514956,7,307.0,0.2942575059236768,8,245.0,0.2287609099965535,7,656.0,0.23025888013689472,21,929.0,0.20617777885260172,1,826.0,0.41514499796948995,2,18.0,0.7626985586886953,31,843.0,0.12600221444750412,11,960.0,0.13435234597029533,213,10624.0
2800.0,195,1563.0,2.9771428571428573,3.1006414042899717,23,1312.0,0.12549793862931977,15,1192.0,0.1712427318877927,23,1180.0,0.13986414156460783,4,532.0,0.16218928487959783,16,923.0,0.09698944665191872,7,294.0,0.17761257872246425,8,261.0,0.20248789981682197,8,156.0,0.12222162949777741,8,269.0,0.21015119424352455,9,230.0,0.2264065930591444,13,711.0,0.2370354195514918,16,1014.0,0.15705011085078432,9,847.0,0.3018887167151318,0,8.0,0.5857440263788306,24,977.0,0.18831120715604613,12,818.0,0.14520215440864134,195,10724.0
2805.0,183,1213.0,2.3371868978805397,3.650469126813569,17,1257.0,0.11927432036450018,13,988.0,0.21895064101706033,19,1002.0,0.15809312182592,10,564.0,0.36629944463112607,13,969.0,0.22390562498948138,9,188.0,0.11867098979553864,6,163.0,0.2658648001321691,0,84.0,0.6176829869646556,6,189.0,0.3913927402300282,7,168.0,0.33173003842580134,20,797.0,0.19650741254046888,15,1088.0,0.12733296690864948,10,770.0,0.11751107084908566,6,25.0,0.3358658465340061,24,1097.0,0.10881665799058098,8,843.0,0.2553987014869367,183,10192.0
2810.0,152,882.0,1.692898272552783,3.6446788589078105,17,1057.0,0.16262406822927203,10,678.0,0.2564151588332401,12,1007.0,0.11798477468835467,16,629.0,0.281897462773164,9,869.0,0.24297368489936894,3,207.0,0.3244156205013529,7,189.0,0.1752812447308511,0,26.0,0.7285136870082436,2,167.0,0.35034560453444796,2,147.0,0.260053911830367,23,713.0,0.05777745740006369,11,995.0,0.1170697363668489,11,509.0,0.14018778549293176,0,27.0,0.5243991242989672,19,1077.0,0.04111784447275526,10,852.0,0.23953897395882043,152,9149.0
2815.0,151,794.0,1.5123809523809524,3.817647782466824,14,1119.0,0.17848227240175213,6,490.0,0.3446110381963528,9,1057.0,0.13039273281949418,21,723.0,0.06986141775258838,8,658.0,0.13015341717699982,9,214.0,0.41262705697709545,9,234.0,0.20062629090874978,2,7.0,0.5516504803271732,9,191.0,0.26076955242684363,6,167.0,0.2673596252870041,19,812.0,0.06833341927265786,8,762.0,0.12589839456041282,3,528.0,0.3906058670009525,1,10.0,0.8381582258348017,11,932.0,0.11045596948103438,16,850.0,0.1405145707103171,151,8754.0
2820.0,162,924.0,1.7803468208092486,3.3578116178012003,16,1184.0,0.17586075823267278,3,381.0,0.35221987585403436,8,956.0,0.2653324345525897,26,854.0,0.04096515621119318,6,684.0,0.11484327924994912,8,195.0,0.14653995459499036,15,300.0,0.08853084865116713,2,10.0,0.476703443408291,8,184.0,0.19649129966780599,8,166.0,0.212480324469928,20,911.0,0.15636775518390802,7,738.0,0.10941940346254535,8,535.0,0.3303158089359492,2,10.0,0.542728897126347,9,912.0,0.2314861093916276,16,720.0,0.06917378003923527,162,8740.0
2825.0,174,1191.0,2.3307240704500978,3.4187988342090967,11,1092.0,0.1773155645431206,7,372.0,0.35204731885160667,3,713.0,0.33785237711863986,26,984.0,0.2119516787677347,11,723.0,0.15069194597961114,9,140.0,0.11960766123292711,22,399.0,0.12362334852024102,3,17.0,0.31629119302730685,7,126.0,0.2245197466733007,6,127.0,0.337079557220201,18,1007.0,0.18387687095925917,9,788.0,0.2201834765413646,14,581.0,0.11573499480343112,7,32.0,0.11814780587053525,12,958.0,0.23838922504977522,9,766.0,0.11040412789837564,174,8825.0
2830.0,172,1338.0,2.5980582524271845,3.432065404454626,8,860.0,0.20828643843957595,13,424.0,0.3414552126723111,6,731.0,0.2894491571572108,24,946.0,0.1876291041347683,15,789.0,0.14621518474670275,2,148.0,0.2862973463933967,21,428.0,0.07463263206078569,3,36.0,0.326124102539049,4,124.0,0.2474492788701845,5,80.0,0.29039712605162804,15,934.0,0.1228195634810989,14,849.0,0.28918770772731056,21,674.0,0.018918997208345462,1,33.0,0.14190792985214937,9,900.0,0.15676168665989437,11,795.0,0.12286603451604117,172,8751.0
2835.0,173,1265.0,2.4468085106382977,3.542964206157727,9,574.0,0.20108078240690339,14,403.0,0.23355866293609054,10,774.0,0.22063390676514572,17,761.0,0.1520946785180911,16,737.0,0.05069801117812452,7,154.0,0.3240394840064028,15,363.0,0.27723587941645494,3,51.0,0.5598117560825907,8,155.0,0.24900831279715735,1,79.0,0.3266170487950154,15,654.0,0.06813969864063962,16,797.0,0.24329241333512763,23,791.0,0.18445423155650886,0,8.0,0.4232941626934286,11,752.0,0.12371448973237203,8,730.0,0.11848615042333446,173,7783.0
2840.0,165,1199.0,2.3191489361702127,3.6265088830652323,10,430.0,0.2881481460302142,12,290.0,0.23575684029817123,15,840.0,0.12249071114378826,12,778.0,0.11785820881263148,17,548.0,0.09126571815457278,8,150.0,0.29595213597615133,10,427.0,0.31955338382637183,0,24.0,0.6965262128402074,7,152.0,0.26795158489301624,6,88.0,0.31954937724371296,16,612.0,0.11387435892285307,16,596.0,0.08130447644245758,23,910.0,0.3016799983206823,0,4.0,0.7931407437308864,7,726.0,0.12353433870537707,6,554.0,0.12478573299226627,165,7129.0
2845.0,155,1063.0,2.096646942800789,3.2867122602872616,3,342.0,0.36140764963752925,9,248.0,0.2220946876345173,19,781.0,0.13366108881327135,9,820.0,0.14829751764711585,13,604.0,0.2237297378221737,7,124.0,0.1214640952680296,7,469.0,0.24091659767462978,0,3.0,0.7880868439854589,5,111.0,0.2318176543664346,10,102.0,0.314871370100945,17,698.0,0.11995957776915692,16,662.0,0.1069668848272421,26,1028.0,0.10088728213819291,0,4.0,0.9028930651648999,10,736.0,0.11535990598448125,4,522.0,0.14200339401743792,155,7254.0
2850.0,171,1371.0,2.7202380952380953,3.6203786655830865,7,320.0,0.34531447958855244,11,288.0,0.2379982837078263,16,581.0,0.2398859292060373,14,881.0,0.1798456926887396,13,667.0,0.25062958359355475,3,141.0,0.15567064527305519,14,525.0,0.1441538065324477,3,9.0,0.6133527592696456,6,91.0,0.23864805959478808,8,97.0,0.34756763041088407,12,732.0,0.2302203227215808,11,710.0,0.2320299091999058,30,1174.0,4.249635696785505e-05,0,0.0,0.7866407402910116,14,793.0,0.1013970685090589,9,554.0,0.2355146786417049,171,7563.0
2855.0,188,1598.0,3.0730769230769233,3.4875508395208343,13,359.0,0.2944492608558206,13,344.0,0.23900168632052857,11,558.0,0.20812025319273197,21,974.0,0.1583144990664329,11,605.0,0.14215422125586383,9,165.0,0.1196888417493035,15,525.0,0.07993571229931061,4,29.0,0.3529593682541874,2,93.0,0.28995120374553207,3,92.0,0.2256630574690327,17,748.0,0.29248013303295073,14,762.0,0.27073737519800656,24,1117.0,0.04481995503053781,1,9.0,0.3551066201587736,16,763.0,0.18950927713892382,14,617.0,0.2955188037408057,188,7760.0
2860.0,218,1792.0,3.4329501915708813,3.6032609824507458,16,341.0,0.21608028931614862,14,325.0,0.1873726654913838,9,605.0,0.16438329440579497,29,1101.0,0.07695597533411448,12,444.0,0.09632788478478944,15,226.0,0.26026679651138324,12,431.0,0.2408953096423019,1,21.0,0.6620804307711637,8,113.0,0.31620022312326296,8,97.0,0.27661661952029004,23,850.0,0.19326276912635645,21,848.0,0.16420140743042064,14,796.0,0.24859764076799737,1,16.0,0.8117287343293325,12,630.0,0.2895470351797728,23,712.0,0.25397988232576846,218,7556.0
2865.0,230,2093.0,4.001912045889101,3.47930283568354,13,291.0,0.1761955613757255,11,250.0,0.22494270507539918,13,661.0,0.08876092579514669,32,1260.0,0.011909007450215555,7,473.0,0.1329426680871269,20,319.0,0.21345598712892178,7,473.0,0.34044521879676704,2,14.0,0.7897768327939858,10,130.0,0.26794300409120203,13,158.0,0.1642720366095965,33,994.0,0.09633840894271893,22,834.0,0.08435644635967983,6,538.0,0.41907693357958375,0,8.0,0.9075451882298489,12,594.0,0.3018213405537509,29,843.0,0.14087921392233557,230,7840.0
2870.0,224,2056.0,3.8574108818011257,3.29351658215638,16,302.0,0.16118820764348588,11,273.0,0.2265998224546982,14,581.0,0.0762665226984125,26,1256.0,0.15976775948689817,9,482.0,0.25434547930587853,26,439.0,0.1975596111743104,8,502.0,0.2711671838527579,0,2.0,0.5243350455074137,8,119.0,0.20533951796304048,14,191.0,0.3087919276669257,31,1020.0,0.027982284771061343,17,659.0,0.13313785890991348,2,545.0,0.3401900414669615,2,7.0,0.6107858152868427,11,658.0,0.27750914222576983,29,854.0,0.0827090097631974,224,7890.0
2875.0,205,1871.0,3.484171322160149,3.411724865259094,17,386.0,0.15798842243798447,10,324.0,0.24666708198866985,12,552.0,0.2708343972622347,17,998.0,0.23844702016377717,14,535.0,0.2790203674841719,26,569.0,0.10420621201821388,8,467.0,0.10727640954169514,5,20.0,0.20137795370930578,4,137.0,0.22126734165757647,7,170.0,0.2348828685541598,25,936.0,0.0712553590773753,7,645.0,0.29005517473033926,8,572.0,0.22063365954573821,8,31.0,0.24357982327969685,13,713.0,0.18520971846469622,24,731.0,0.07665034533471357,205,7786.0
2880.0,194,1839.0,3.4055555555555554,3.497963653090006,14,430.0,0.17195792511312993,6,313.0,0.25109386320285537,15,619.0,0.2011306372904783,12,1067.0,0.25820057773311855,21,626.0,0.2277084757341283,26,701.0,0.016773342736637147,7,366.0,0.16568653509962128,0,24.0,0.6093040487984415,9,162.0,0.21975719621857479,7,192.0,0.2621946033761754,16,968.0,0.11974415164065894,8,664.0,0.2673216863851504,13,626.0,0.23590149331157642,12,85.0,0.0802493753153334,17,738.0,0.08649882247587176,11,691.0,0.2319482977991142,194,8272.0
2885.0,185,1615.0,3.013059701492537,3.5301438925811914,19,472.0,0.16266486243619424,5,248.0,0.24335373276281602,15,691.0,0.1466449177626887,11,1122.0,0.22661099738301005,21,636.0,0.09198452685233528,20,734.0,0.20403105244331265,2,339.0,0.31757188695187444,0,4.0,0.9011710911971528,8,168.0,0.29267262667208804,8,219.0,0.2558578722734226,13,1032.0,0.2171434139958649,8,599.0,0.1641260385599269,14,601.0,0.23706401221655496,12,149.0,0.27796417182150124,20,827.0,0.10527411968429182,9,718.0,0.2690507514275608,185,8559.0
2890.0,196,1553.0,2.919172932330827,3.4898350860832448,25,574.0,0.11389769721455242,3,261.0,0.24473854614220064,19,776.0,0.04391375103371573,15,1185.0,0.16446863131143025,25,563.0,0.05504718638973902,10,631.0,0.37945130312014785,9,362.0,0.41907708650880815,1,5.0,0.5955040181321435,6,129.0,0.19716186026515178,13,274.0,0.2811984876438035,7,972.0,0.3388591810935688,9,445.0,0.13896551209420702,12,477.0,0.2713140771532323,6,155.0,0.5218283083837802,24,935.0,0.08228886703705034,12,764.0,0.19577807246762305,196,8508.0
2895.0,224,1823.0,3.4266917293233083,2.927151356703658,27,612.0,0.10513123311618051,10,300.0,0.2287517082931303,27,894.0,0.004491195938935371,21,1278.0,0.017380047077734127,21,671.0,0.14386486433428647,8,632.0,0.29586760308673493,15,424.0,0.2642458736321421,6,24.0,0.4022347207354223,5,150.0,0.20543329966241636,19,362.0,0.1410600223567056,5,798.0,0.23895422990053813,3,410.0,0.31465266476174186,11,278.0,0.1471401209924959,0,95.0,0.5341638160647211,27,1063.0,0.03652385364216382,19,845.0,0.021061141235739538,224,8836.0
2900.0,243,2437.0,4.555140186915888,3.0602712973051904,24,537.0,0.14381745716472724,9,296.0,0.2769751336914345,31,1043.0,0.02862643949293019,28,1407.0,0.0010253664855826696,14,722.0,0.2027365267571658,8,673.0,0.24956303926533457,21,519.0,0.0758410539795679,1,28.0,0.4792375243687133,8,183.0,0.22085996923147025,25,478.0,0.11949426325770247,5,814.0,0.11852151837282118,7,421.0,0.26234011161056264,3,299.0,0.32402669784612276,5,17.0,0.38253352413091257,28,1199.0,0.02420729515194527,26,965.0,0.13549773811017135,243,9601.0
2905.0,241,2658.0,4.949720670391062,3.3172924668659123,17,496.0,0.22691952987992675,9,248.0,0.2600549928337587,25,1053.0,0.17361999285570304,29,1554.0,0.012624128311959465,12,676.0,0.14745714675233113,9,625.0,0.16366731587327288,17,525.0,0.09716064640593448,2,12.0,0.20900933433569868,9,189.0,0.26891534702712927,27,614.0,0.13223320665087848,12,855.0,0.13240078197207386,8,368.0,0.18274875911264932,9,306.0,0.3573601202504279,8,50.0,0.37350311638212624,26,1191.0,0.14891584941161182,22,939.0,0.18622619762093565,241,9701.0
2910.0,207,2462.0,4.680608365019012,3.2232176139475204,10,510.0,0.2513074002902528,7,254.0,0.22802791236289485,17,894.0,0.2842191101782083,29,1705.0,0.08487334992882417,11,518.0,0.09554812875486961,10,463.0,0.19292669899163167,9,410.0,0.2656317412635128,1,18.0,0.49461415224385763,8,158.0,0.19489784287010703,27,751.0,0.16070674550328382,16,926.0,0.0754762305791163,8,231.0,0.09860445510819113,14,349.0,0.2506339684738882,5,67.0,0.29253959459236256,20,960.0,0.2900654468191407,15,842.0,0.16307020213602763,207,9056.0
2915.0,204,2456.0,4.669201520912548,2.9287258849741695,14,567.0,0.25625740639692346,12,297.0,0.20086762837207034,14,962.0,0.2875376511928951,33,1860.0,0.12901020017345782,8,546.0,0.15770780704228515,4,439.0,0.17510528037462728,3,385.0,0.21365336540708857,1,9.0,0.7405735775794566,5,147.0,0.25732407670233676,31,898.0,0.1087027928024155,17,891.0,0.05973134714012222,5,250.0,0.2925088614982963,22,442.0,0.028864318561526516,6,51.0,0.25565697704893003,14,970.0,0.24219937686316098,15,908.0,0.11348389625799464,204,9622.0
2920.0,208,2672.0,5.022556390977444,3.335055119899553,13,518.0,0.2173399028816246,9,287.0,0.22440175448406838,10,1018.0,0.21186751230002873,35,2032.0,0.19871232850757406,12,565.0,0.2613853401581183,6,459.0,0.27263021600258075,7,410.0,0.29691208173978284,0,2.0,0.3630047088615056,5,160.0,0.2901600262902865,35,1068.0,0.11632287643300064,15,683.0,0.08409404185029747,8,257.0,0.3360030916064418,21,460.0,0.044358393533354544,6,55.0,0.36638168002987537,13,1035.0,0.19421552196888017,13,977.0,0.19744066367244484,208,9986.0
2925.0,208,2879.0,5.3314814814814815,3.4926570899419462,11,499.0,0.1923103203813697,7,223.0,0.210534053522886,14,1077.0,0.1377078090325829,35,2205.0,0.2010813165809469,8,532.0,0.2889303085294065,7,414.0,0.2707123998085519,13,465.0,0.27630085184792813,0,0.0,0.9410209325828773,11,191.0,0.298614502623374,31,1117.0,0.10107279741892834,12,489.0,0.16488625716563174,15,311.0,0.16317262389866774,12,357.0,0.2558285949861226,6,85.0,0.4580502557490274,8,939.0,0.12758182264832302,18,1057.0,0.23697206882554234,208,9961.0
2930.0,202,2530.0,4.616788321167883,3.020844549576167,9,496.0,0.15570566151513007,8,147.0,0.2110557386371796,22,1097.0,0.024237232348636277,30,2139.0,0.1426874712432763,9,422.0,0.15077264194868453,4,271.0,0.3078067583375195,16,444.0,0.262192579206911,0,4.0,0.735378637090671,18,269.0,0.17080470649753168,23,972.0,0.1532474599509691,6,538.0,0.20525307399602477,21,400.0,0.05005035563492954,7,372.0,0.347513539846008,0,70.0,0.5012525520363956,5,786.0,0.13568708071471777,24,1158.0,0.213246898244806,202,9585.0
2935.0,205,2217.0,4.016304347826087,2.910318166225084,9,442.0,0.20147937140281555,3,150.0,0.29917432931615434,22,1203.0,0.12074102845047799,25,1857.0,0.08241150793104443,5,421.0,0.11231446666609873,6,104.0,0.2854448146466241,15,348.0,0.14410495524679762,0,4.0,0.8643711410435501,28,390.0,0.11018357311621702,15,1052.0,0.19174679765627362,8,571.0,0.3327477478398671,20,426.0,0.050581818309250764,9,402.0,0.22010192153274813,1,12.0,0.3597432887222525,8,822.0,0.08689758679926694,31,1296.0,0.12563813520452743,205,9500.0
2940.0,217,2028.0,3.6344086021505375,3.2915193081929197,14,426.0,0.21294632725785861,8,157.0,0.3099850652310664,22,1304.0,0.1926776607354899,21,1758.0,0.10609375360794185,8,448.0,0.14499157380816546,2,103.0,0.3778858320480682,15,381.0,0.1042830359237789,0,6.0,0.7743372539111444,31,526.0,0.09241836623464991,11,1105.0,0.205634768551012,9,511.0,0.3476851478670735,16,360.0,0.2505595238289641,15,470.0,0.19470978913916337,2,8.0,0.47730507845646336,12,846.0,0.0678331921193419,31,1305.0,0.056142098302627466,217,9714.0
2945.0,226,2121.0,3.7807486631016043,3.2199599461065525,21,504.0,0.15187739971749648,10,165.0,0.18397282793790704,22,1402.0,0.13874194026473757,12,1801.0,0.1857586498334854,11,420.0,0.15721560991473793,8,113.0,0.28139110230040004,10,420.0,0.2491127569259483,0,4.0,0.6908354051129868,33,686.0,0.12905247704540493,10,1042.0,0.19248082826967386,8,455.0,0.2786963922224193,13,400.0,0.2546422479712935,20,563.0,0.17616369704060159,6,31.0,0.4937902949576381,17,921.0,0.06046638927755318,25,1172.0,0.0739217732788476,226,10099.0
2950.0,247,2440.0,4.310954063604241,3.027563270426145,24,541.0,0.11922739933336104,10,196.0,0.18081671150319686,30,1535.0,0.03738792504612946,13,1826.0,0.1766719598517331,8,335.0,0.15706232644134752,14,171.0,0.2250962952701447,14,458.0,0.26229812755064275,0,4.0,0.802846978665797,30,760.0,0.11759444587938409,11,877.0,0.2259724261511414,10,500.0,0.1409775906873959,12,463.0,0.15691267561242053,27,688.0,0.18121575561787232,1,32.0,0.3043791952790141,24,1034.0,0.047394547825130535,19,1208.0,0.18228781253771978,247,10628.0
2955.0,255,2738.0,4.846017699115044,2.9867920477522665,24,499.0,0.14588532169545765,8,235.0,0.24119530597315952,32,1690.0,0.07549721429059471,19,1904.0,0.02351512859438081,9,228.0,0.14318370105608116,13,198.0,0.1733775028899915,21,543.0,0.17042696144024366,0,0.0,0.8236163407489875,22,687.0,0.1546253573414268,9,912.0,0.21504724305777712,13,558.0,0.09529014478852302,10,439.0,0.14635176846900283,28,826.0,0.06666518614635573,5,26.0,0.10225361099714497,31,1175.0,0.12119324728629988,11,1259.0,0.21485273105799474,255,11179.0
2960.0,256,3236.0,5.768270944741533,3.166517891049538,14,499.0,0.1997812541015542,16,278.0,0.17479418278364411,36,1861.0,0.1467795136726547,20,1785.0,0.053447167295116046,2,226.0,0.18741494237650555,9,176.0,0.2590415780232203,27,667.0,0.1319476711764891,0,0.0,0.8314567031893558,18,745.0,0.16069830585060058,11,950.0,0.19227083169050307,18,641.0,0.11593986384589246,7,367.0,0.26780264082378047,28,968.0,0.07603669302036879,1,31.0,0.5324624397184047,36,1345.0,0.19538322506276798,13,1286.0,0.16179407821465083,256,11825.0
2965.0,268,3563.0,6.489981785063752,3.010297068987984,12,552.0,0.2383554655389701,23,374.0,0.12035888570394719,36,2041.0,0.08438894589678211,12,1441.0,0.2611028986880339,8,206.0,0.29003129299123903,9,215.0,0.2912963481292528,33,819.0,0.07585081520130824,3,5.0,0.05298665336286588,8,789.0,0.21572386318148143,10,880.0,0.1908885820859411,21,635.0,0.13906723509360297,6,357.0,0.33874959892968676,29,1000.0,0.04080323045643893,0,13.0,0.722791691453477,36,1521.0,0.14376153664782923,22,1384.0,0.04108685619360068,268,12232.0
2970.0,266,3550.0,6.478102189781022,3.1415081937001763,12,607.0,0.207798979402191,24,400.0,0.11977396605363902,31,1998.0,0.03880002592218006,8,1489.0,0.31286946135461374,8,192.0,0.28437748466632246,9,257.0,0.21883177475150106,35,992.0,0.09712607735050395,6,32.0,0.00017921369019683093,12,824.0,0.2294388588293643,8,643.0,0.19744616358889563,22,537.0,0.19724282156858355,9,390.0,0.2753686786761014,19,896.0,0.21631196964230892,2,11.0,0.5564809344135787,32,1517.0,0.07759117485055729,29,1525.0,0.14642202923310574,266,12310.0
2975.0,239,3067.0,5.566243194192378,2.9383029428157976,13,586.0,0.16378898827450897,15,485.0,0.1640909426072646,23,1746.0,0.07669784047867441,9,1518.0,0.2536402080660655,5,119.0,0.196794421225953,14,297.0,0.1412702080935023,30,1029.0,0.06455203965975345,0,36.0,0.47328020189207837,18,904.0,0.13192034418581272,7,669.0,0.2211916312683227,18,572.0,0.16466158171177578,14,453.0,0.09779563044203642,11,669.0,0.3920042169162066,6,33.0,0.47260907820845277,27,1364.0,0.08080718349940122,29,1656.0,0.22051021763716472,239,12136.0
2980.0,238,2740.0,4.954792043399638,3.061559261258266,13,489.0,0.19781280227695586,12,547.0,0.22240819319555324,15,1826.0,0.1316366945617909,16,1585.0,0.08812357135047574,9,90.0,0.17045566241298576,19,381.0,0.15909298497650412,24,927.0,0.09806372169936038,0,4.0,0.8806037883443465,26,1015.0,0.14403207440377738,7,700.0,0.25675068817235025,15,621.0,0.1341086788277355,18,505.0,0.17498768723343985,3,697.0,0.3536511423195646,3,38.0,0.5036305350777218,24,1419.0,0.18765944805447407,34,1810.0,0.14790732401698237,238,12654.0
2985.0,219,2363.0,4.257657657657657,2.8813057707189844,14,435.0,0.1686498784514577,10,522.0,0.15224755918680896,11,1882.0,0.23672231936851496,15,1438.0,0.18959867157717664,2,106.0,0.1977351671901126,25,493.0,0.12881122334093886,13,952.0,0.18372531336839593,0,2.0,0.8684098054244415,29,1159.0,0.10066861013309972,8,625.0,0.20284936422399316,11,567.0,0.10587321500728582,16,490.0,0.23799661263548133,6,725.0,0.30252344394869995,6,31.0,0.35515348506419453,15,1492.0,0.2005403890850377,38,1990.0,0.05023204058994871,219,12909.0
2990.0,225,2294.0,4.074600355239787,3.0144256400526968,8,469.0,0.18713968122496816,8,465.0,0.17763812134572263,14,1946.0,0.2608334270890083,12,1105.0,0.36052998678128073,9,121.0,0.2942377936477846,26,600.0,0.03760636983555723,11,998.0,0.19931741921594143,2,7.0,0.3285621073668532,31,1313.0,0.11698014670780144,6,444.0,0.2595107940995279,12,491.0,0.12815522096952467,12,558.0,0.18349135438914757,14,782.0,0.2016637069471604,11,65.0,0.13070075585238777,15,1515.0,0.14999941598662733,34,1875.0,0.04536290348332864,225,12754.0
2995.0,227,2428.0,4.200692041522491,3.0799204635858777,7,477.0,0.22970295948510408,7,491.0,0.19474933311551781,21,2041.0,0.1635219699560108,7,1143.0,0.31547892708546216,15,181.0,0.22839284916002317,30,715.0,0.07754670465695335,9,933.0,0.2307459382673084,2,16.0,0.28764655783575793,30,1342.0,0.13341372243073457,1,359.0,0.3310989665865564,6,516.0,0.21213039832593036,15,630.0,0.08165390600916343,21,872.0,0.10849940737643013,11,124.0,0.0719792316988879,24,1615.0,0.04614366553006609,21,1995.0,0.1731116862436398,227,13450.0
3000.0,261,2769.0,4.82404181184669,3.2411720890609126,14,532.0,0.14987550043776282,11,533.0,0.17077935228035482,28,2168.0,0.11799379368201413,8,1177.0,0.258380314612484,21,269.0,0.10451232599894504,33,870.0,0.12336806973188472,9,776.0,0.29414320858676574,2,15.0,0.7376944508337602,21,1212.0,0.16817638163861867,6,378.0,0.3799906339779791,10,516.0,0.270210016839194,17,706.0,0.18672970607385345,21,858.0,0.05715210968539541,5,131.0,0.4046285237918305,35,1774.0,0.12323612950149367,20,2072.0,0.16850911798411802,261,13987.0
3005.0,263,3015.0,5.2526132404181185,3.0987680098210273,18,542.0,0.14986000109711692,17,608.0,0.15212036275574295,33,2331.0,0.08549920764977297,14,1235.0,0.0603740774762475,26,373.0,0.043570957030047215,35,1044.0,0.151858618406061,4,752.0,0.2636453124956025,1,7.0,0.7384432591624817,13,1236.0,0.19071087709100004,7,319.0,0.2882334446752888,15,575.0,0.20805542700507265,18,701.0,0.19008501680721998,12,703.0,0.1455534731957043,0,78.0,0.7325946918401308,37,1931.0,0.14246834101920933,13,1944.0,0.09788867592743997,263,14379.0
3010.0,267,2984.0,5.17157712305026,2.8727531086233347,14,511.0,0.16509226843748318,26,727.0,0.15087534549594492,32,2262.0,0.03209126762965753,15,1104.0,0.14263090378905266,29,516.0,0.13445271182250174,30,1091.0,0.08901598503846733,8,776.0,0.20130688600711902,4,15.0,0.4860907870980573,11,1292.0,0.20427538660981664,4,116.0,0.28588823239910105,17,565.0,0.07790227691528887,15,596.0,0.16151568294203922,7,740.0,0.32507940263009316,4,84.0,0.46860159624220804,36,2066.0,0.11386624493552955,15,1902.0,0.059388259343960886,267,14363.0
3015.0,258,2783.0,4.84,2.788769893603755,20,564.0,0.140491374918535,30,857.0,0.09298220363085118,23,1955.0,0.12175529763337667,6,666.0,0.4281218967481251,30,654.0,0.15535819293093633,23,1011.0,0.08598969260177756,15,836.0,0.19897235921684212,5,27.0,0.11226431451860255,8,1207.0,0.1956834705737602,2,123.0,0.32184040061755165,19,496.0,0.06320843963997842,11,655.0,0.14743486643961934,10,779.0,0.25270189848586877,8,117.0,0.10849363365961368,34,2032.0,0.07371318614355107,14,1973.0,0.0934756649968083,258,13952.0
3020.0,234,2617.0,4.583187390542907,2.909369032924906,15,630.0,0.1648838498493281,36,1022.0,0.09743197968060553,14,2024.0,0.13078858683774686,3,681.0,0.296418449256513,28,793.0,0.07637820425399545,14,1055.0,0.22357205953402037,21,929.0,0.0404740867707483,2,27.0,0.19584928584843916,5,988.0,0.19292558042886418,8,143.0,0.4190966717792465,14,571.0,0.101818037096858,13,716.0,0.20961535795491976,10,700.0,0.1269751380617641,5,106.0,0.38535854510547035,31,1991.0,0.045304710263738494,15,2020.0,0.1749768690695942,234,14396.0
3025.0,240,2587.0,4.603202846975089,3.1823193929925964,17,689.0,0.19611104143309557,31,1068.0,0.13642460709895368,12,2076.0,0.08374191740960028,8,706.0,0.12712940971771142,30,940.0,0.030529625793990663,11,1103.0,0.2359275307919739,28,1056.0,0.13153276855308416,2,19.0,0.39115625098924395,4,1005.0,0.2433290091634241,7,124.0,0.25061878966733936,14,614.0,0.20603520807904638,16,788.0,0.22136182504174898,13,542.0,0.11774311998972468,0,29.0,0.7271189166172145,25,2115.0,0.14613091075214674,22,2112.0,0.1634549476662816,240,14986.0
3030.0,248,2735.0,4.945750452079566,3.0915331745531796,24,795.0,0.10880078941882661,24,970.0,0.15841342292833643,15,2145.0,0.10464491623700924,13,761.0,0.06136644771978495,28,992.0,0.1452799766324773,5,1032.0,0.24445611241041115,29,1202.0,0.1468986660623984,7,48.0,0.3298571943507148,9,1030.0,0.2549405716229609,7,91.0,0.25270786556670016,11,581.0,0.24362318489928342,23,891.0,0.13677110372951815,6,524.0,0.2883259305910367,2,27.0,0.6067902014564784,16,2172.0,0.13586774409903488,29,2239.0,0.11087572407291624,248,15500.0
3035.0,260,2851.0,5.118491921005386,2.8191570633289507,34,944.0,0.10198693656392935,15,998.0,0.1933775279737283,23,2243.0,0.16217985390649697,13,638.0,0.22051225659062534,20,927.0,0.28218003783031254,10,874.0,0.24243931780301106,24,1194.0,0.0810810011632216,4,60.0,0.12283299202060943,9,941.0,0.19462614753163207,1,73.0,0.3847668399181833,8,505.0,0.1158297342403899,30,1030.0,0.04642987827810828,10,532.0,0.310382336298979,6,52.0,0.1726283090917293,19,2227.0,0.12007967080487306,34,2398.0,0.14958764736587155,260,15636.0
3040.0,249,2660.0,4.836363636363636,2.925663924625573,41,1137.0,0.08118233428214021,12,1060.0,0.2170031491024205,24,2113.0,0.2651169342008616,6,393.0,0.3751741998628719,16,1014.0,0.23091366449522516,6,895.0,0.15674433895310189,23,991.0,0.06691210415958163,0,29.0,0.5331167585695009,9,728.0,0.2206222999032137,7,81.0,0.43467774372429197,11,545.0,0.08205807784471762,29,1054.0,0.1406742204366096,14,587.0,0.07672994154306305,4,54.0,0.37718929767662895,19,2102.0,0.06474171880662075,28,2298.0,0.14869731312371479,249,15081.0
3045.0,220,2327.0,4.215579710144928,3.5269332349268385,39,1314.0,0.0772005567558015,10,987.0,0.21740580381925498,15,1734.0,0.255480487372473,1,334.0,0.4680486824354199,14,1089.0,0.17240035493605738,9,914.0,0.1443219986317886,12,1059.0,0.11109906368504308,2,30.0,0.5475546023259493,7,416.0,0.2663239658393926,13,134.0,0.31985638791867566,14,611.0,0.08805696567449395,20,927.0,0.23245261113020435,19,677.0,0.19426525092572022,0,19.0,0.6868354361807033,24,2213.0,0.12317783007089907,21,1924.0,0.12275555465646465,220,14382.0
3050.0,216,2213.0,4.001808318264015,3.111310121385026,37,1458.0,0.09710361262875687,8,746.0,0.19146949863762622,13,1572.0,0.13503504888468482,7,358.0,0.20903179394425123,11,1051.0,0.1063829434475243,15,929.0,0.09568754812381135,11,1112.0,0.13855352424705686,7,52.0,0.4688007267932159,2,422.0,0.3101573251001653,17,211.0,0.16890600103534284,18,692.0,0.19200761737887698,14,686.0,0.19968177067732182,16,638.0,0.14986493773748105,4,27.0,0.48770602671731933,22,2317.0,0.12111688492247467,14,2000.0,0.09663899776505287,216,14271.0
3055.0,217,2282.0,4.156648451730419,3.246784273748963,37,1640.0,0.09390265308905218,7,634.0,0.27695845872614516,11,1621.0,0.176794082848921,14,412.0,0.22377469850065265,11,923.0,0.21282424195096658,15,860.0,0.2239839641162981,16,1178.0,0.23623026750619325,1,45.0,0.4217638156234473,6,415.0,0.31643284213610584,19,253.0,0.15730336286521593,23,801.0,0.1983628829123884,8,573.0,0.23914623132094318,11,431.0,0.25056554328287256,5,50.0,0.5827311766799936,22,2398.0,0.0751056894151445,11,2063.0,0.1097339966097108,217,14297.0
3060.0,214,2149.0,3.957642725598527,3.232666931210687,32,1660.0,0.11947402371237756,6,493.0,0.29201634469785487,13,1675.0,0.1050011851354897,21,500.0,0.22350288483344402,9,949.0,0.2376265359750052,14,914.0,0.20945808601204602,15,1110.0,0.2737972803049773,1,13.0,0.4221648918416645,14,467.0,0.22597919701629998,12,246.0,0.2326269784744378,28,773.0,0.16060953449264337,3,549.0,0.31096709310346327,11,428.0,0.31015834725548747,2,40.0,0.4843490339546196,18,2250.0,0.04541391652523423,15,2133.0,0.0938050570547652,214,14200.0
3065.0,195,1732.0,3.16636197440585,3.255858668422376,23,1502.0,0.1452556674497035,3,489.0,0.35231630240040884,13,1509.0,0.1508971182070252,18,473.0,0.16195178292540857,12,988.0,0.1344280999780864,16,977.0,0.160522004251339,11,887.0,0.23052572907981658,2,13.0,0.5120148297584776,15,435.0,0.17494966907323767,4,246.0,0.2831152956484424,23,891.0,0.08212085799143148,8,555.0,0.24575770767784558,10,476.0,0.2478865032527595,3,25.0,0.3729749819576404,19,1888.0,0.08715967342011051,15,1955.0,0.16617233769787754,195,13309.0
3070.0,190,1439.0,2.6211293260473587,3.5525280586719945,19,1193.0,0.22116729508737665,7,475.0,0.3099944692372609,11,1128.0,0.2717293606803503,13,352.0,0.2451573943784896,16,1058.0,0.09932185230857575,18,1056.0,0.04949302190919041,8,867.0,0.13434699117845655,6,35.0,0.4862315453179288,12,298.0,0.2025694955421363,8,268.0,0.3646746307003312,20,990.0,0.08600822032822725,15,603.0,0.19797218407005435,7,410.0,0.13260463633535513,4,24.0,0.422522563439263,14,1942.0,0.20185022948931075,12,1466.0,0.24085778971315688,190,12165.0
3075.0,194,1252.0,2.309963099630996,3.501758609423687,10,1012.0,0.30170979446985857,14,527.0,0.1906690550428616,10,1091.0,0.1966999714443302,4,304.0,0.2572214609520764,17,1028.0,0.17216521088951534,23,1155.0,0.08906587607401185,10,904.0,0.17196663499059617,0,32.0,0.29949959630905326,10,300.0,0.2168369264327991,14,325.0,0.16998385178026876,15,958.0,0.05709365326309768,21,697.0,0.28474167350275237,11,290.0,0.1275556190664414,7,50.0,0.6260674421438114,13,1984.0,0.22893674837067216,15,1526.0,0.2137664590872625,194,12183.0
3080.0,185,1353.0,2.543233082706767,3.6365749369886697,3,967.0,0.3355685475996911,15,502.0,0.16051287396837954,9,1145.0,0.12719183634188866,7,305.0,0.354680613426184,12,938.0,0.25544884169726334,29,1285.0,0.1519575021404448,15,966.0,0.17393274086293983,5,20.0,0.4192828146595117,8,342.0,0.24934476014745202,15,334.0,0.1477395024519836,9,803.0,0.1047328964173079,22,804.0,0.3110974420506715,4,282.0,0.28022763261961514,7,81.0,0.47298737104186755,14,2044.0,0.1676695952766638,11,1587.0,0.17491228906014653,185,12405.0
3085.0,216,1706.0,3.1828358208955225,3.525904730210073,7,949.0,0.34322799503640916,12,356.0,0.19488302917160868,15,1205.0,0.21874698800020342,13,342.0,0.30805176538797446,14,1004.0,0.18684150352864257,29,1275.0,0.13198726266741764,16,888.0,0.17005639939899128,0,25.0,0.639256969804268,15,402.0,0.2094485022185632,11,288.0,0.2454531233984629,7,579.0,0.2525850165390271,25,919.0,0.16282608437903748,9,287.0,0.34581641220284864,11,124.0,0.034331679097035626,17,1895.0,0.06282443142533645,15,1649.0,0.26930440714237686,216,12187.0
3090.0,207,1586.0,2.937037037037037,3.3188387946245292,11,886.0,0.23107531996324335,12,308.0,0.27012321652699317,21,1291.0,0.16465749400796972,15,330.0,0.21361924981297759,16,1088.0,0.11426834800445514,22,1111.0,0.17099623066714098,11,657.0,0.21855947622102614,1,5.0,0.667992055691375,15,390.0,0.15897301666577224,4,287.0,0.26911021170034277,1,576.0,0.2978975460302097,26,912.0,0.025138118628205534,8,276.0,0.24782788069799666,7,136.0,0.11517058352102076,16,1564.0,0.08697258125375264,21,1746.0,0.2000163427948901,207,11563.0
3095.0,190,1514.0,2.7882136279926337,3.4958612948374155,11,759.0,0.16709837906332412,3,319.0,0.24177673386747572,26,1412.0,0.060674353158458504,10,258.0,0.12418229472635194,18,1168.0,0.08049278925462662,15,1138.0,0.21416539276155291,8,375.0,0.25806794925378473,0,5.0,0.5624118530573444,13,321.0,0.18162675707480463,9,314.0,0.3478491914675411,7,560.0,0.2500571763131496,20,784.0,0.10715526347208004,9,224.0,0.23430316130083165,0,76.0,0.611553434163353,14,1522.0,0.20871819054410148,27,1869.0,0.09998060185927421,190,11104.0
3100.0,198,1769.0,3.228102189781022,3.7049996996616246,8,782.0,0.1705570004148519,10,345.0,0.26730257073778646,28,1555.0,0.03409760571406318,7,250.0,0.15993370836923823,26,1282.0,0.037568019010928766,13,1201.0,0.2785375674412881,2,379.0,0.37301747618051895,1,7.0,0.46632041317268247,13,337.0,0.2275885525243611,15,375.0,0.23939774946361936,14,617.0,0.15456283246033878,12,552.0,0.3030701672043874,4,205.0,0.2206234329429611,0,24.0,0.8123717378612162,11,1564.0,0.2864964439289721,34,2027.0,0.0011461988356769026,198,11502.0
3105.0,211,1997.0,3.644160583941606,3.619058308880968,10,789.0,0.16764186868903155,14,366.0,0.15440518781806375,22,1444.0,0.19143426659440166,10,269.0,0.20496891314360766,31,1415.0,0.1309982556859594,14,1261.0,0.22368401781364244,7,392.0,0.34159825380361974,4,17.0,0.34865882868621434,9,388.0,0.23410955128312141,21,469.0,0.1065273864333821,14,604.0,0.18898787568987338,3,405.0,0.4438506446967882,7,211.0,0.26046672276094884,2,16.0,0.4856460612431966,13,1608.0,0.23122303580303466,30,1941.0,0.01448332101456655,211,11595.0
3110.0,231,2257.0,4.111111111111111,3.5151437780737402,16,846.0,0.17287672471103943,14,307.0,0.16433467560789897,12,1083.0,0.37225293981158086,14,321.0,0.42856521199772124,35,1587.0,0.14607910189456708,17,1181.0,0.06780431083993416,9,345.0,0.09210016530317805,3,30.0,0.5112276456552988,8,377.0,0.23200404711309777,25,594.0,0.12241519830680299,10,496.0,0.2983411780654236,4,336.0,0.3234393377949484,14,249.0,0.24346486634711478,7,41.0,0.2834828274495074,23,1699.0,0.06612315302657683,20,1455.0,0.07142747514336976,231,10947.0
3115.0,232,2258.0,4.12043795620438,2.957887532651931,17,801.0,0.1325465069637466,12,361.0,0.19629932838060715,10,925.0,0.25704477695696754,14,391.0,0.3323510909305225,33,1590.0,0.0828738301448832,15,908.0,0.09752677868912436,8,228.0,0.3411198544586584,2,28.0,0.3707553176702806,5,305.0,0.21642206651650647,26,722.0,0.20081071923034685,11,467.0,0.24893258907123972,7,327.0,0.2407124378431038,16,269.0,0.09475593812739422,10,94.0,0.28740648913741335,34,1844.0,0.014080196758563942,12,1418.0,0.13085712726896623,232,10678.0
3120.0,213,1965.0,3.638888888888889,2.9610427685654073,17,634.0,0.14339369564252613,11,402.0,0.26313651726560344,10,973.0,0.15938023004018245,14,378.0,0.09856567039430247,29,1429.0,0.06556801308833021,8,957.0,0.18679297142576798,4,97.0,0.431028268625309,6,36.0,0.5133735584311139,5,245.0,0.24914026153077015,25,746.0,0.12312177250045114,10,509.0,0.14044099479995534,12,354.0,0.277866609421965,16,247.0,0.08987591171105098,4,96.0,0.4454461788521095,34,2002.0,0.037317491329195325,8,1470.0,0.24381987755404255,213,10575.0
3125.0,200,1747.0,3.1937842778793417,3.4576323767481014,16,702.0,0.15208346380923657,12,376.0,0.18067914024151957,14,1035.0,0.12955323713651454,11,282.0,0.13035351784648155,18,1525.0,0.19531409974309644,9,974.0,0.10951445638880589,0,82.0,0.456935560159483,10,75.0,0.28764628927152863,4,252.0,0.27589314584893754,21,621.0,0.1556192683494067,10,548.0,0.16420631004648265,13,331.0,0.2263583622413518,10,279.0,0.14211153848646935,3,57.0,0.46709580534202855,36,2149.0,0.1275589987846849,13,1521.0,0.2618054718272684,200,10809.0
3130.0,189,1498.0,2.689407540394973,3.461408678421251,13,765.0,0.1897736335217869,8,315.0,0.21961492683256306,14,914.0,0.2083065062398475,1,263.0,0.22482150104966167,14,1572.0,0.19865196015305736,15,1037.0,0.11570851946377554,7,81.0,0.2068642629329083,9,100.0,0.07622116460292026,10,273.0,0.3112040789809639,14,698.0,0.20209882743762297,14,516.0,0.17457681245122217,12,280.0,0.13476593409529347,9,301.0,0.23184671411926736,2,49.0,0.22531567204464914,33,2062.0,0.1453030405034672,14,1349.0,0.14972129517651908,189,10575.0
3135.0,183,1209.0,2.226519337016575,3.5625359570190267,10,680.0,0.1884499783539312,7,324.0,0.2229002558165831,11,673.0,0.30905183205675046,7,266.0,0.4031937447430471,12,1466.0,0.13234352124388626,16,972.0,0.07856586962409969,13,141.0,0.12005924716105942,6,92.0,0.33212311925733934,20,349.0,0.14950809588411773,10,755.0,0.1864902358189955,12,421.0,0.20486179770778465,4,304.0,0.23771528860118407,9,290.0,0.2501649748125965,8,77.0,0.34822846802446406,24,1722.0,0.09566922749845012,14,1032.0,0.1462049771025026,183,9564.0
3140.0,169,1022.0,1.9138576779026217,3.268794854586896,8,411.0,0.20672151302627403,9,359.0,0.27074533678516904,11,673.0,0.13074587777389482,13,317.0,0.28243410342070563,12,1206.0,0.1286185757079994,12,758.0,0.18984807475893692,11,154.0,0.2975328053470864,2,84.0,0.40121327651115724,20,385.0,0.11722558455773867,15,814.0,0.1973690217618916,13,425.0,0.09842246615285877,8,318.0,0.2696297358841703,6,201.0,0.15588358847022515,3,70.0,0.5473435643333782,16,1574.0,0.12982748075229936,10,1079.0,0.21759575186670763,169,8828.0
3145.0,152,792.0,1.4776119402985075,3.4852389197684666,4,424.0,0.20966528978439664,15,422.0,0.22348901998187978,7,723.0,0.13507363855904633,12,304.0,0.05610314895232163,8,1175.0,0.23162283156339475,12,765.0,0.24025294189688598,2,115.0,0.4347799198259477,8,97.0,0.40403050503730265,16,458.0,0.14864301163575538,15,781.0,0.1584879430264282,12,446.0,0.13693455742237318,14,365.0,0.23985869169932317,4,207.0,0.16393179390065757,2,32.0,0.4742932956775554,10,1622.0,0.2540945184971326,11,1115.0,0.27969833256685883,152,9051.0
3150.0,175,940.0,1.7537313432835822,3.633821056215458,10,464.0,0.17870089758822089,22,519.0,0.1314089934411411,14,783.0,0.2319567741354096,9,191.0,0.12538336844793116,12,1206.0,0.2583147400371584,9,813.0,0.2635472859506646,1,92.0,0.3496599722830607,11,149.0,0.24873376869558594,15,512.0,0.14629925255663104,14,651.0,0.1743259465049881,9,410.0,0.21635460108434462,17,374.0,0.20449094656674233,6,233.0,0.30076776947202893,4,41.0,0.19130922037906314,11,1669.0,0.26293621471377243,11,968.0,0.15510330598337174,175,9075.0
3155.0,197,1265.0,2.3339483394833946,3.4689731633103116,9,390.0,0.21908662852013286,28,647.0,0.11655040264207556,20,872.0,0.21506045831703138,3,203.0,0.3492120796799191,12,1260.0,0.1591743802758581,8,707.0,0.16567544191147987,9,125.0,0.12638835352289857,16,221.0,0.05004908829004654,11,490.0,0.16455229013190892,8,654.0,0.23422600387847428,12,314.0,0.23481974303113007,15,314.0,0.2582052391388174,14,292.0,0.303942566255875,11,76.0,0.1041344222441462,11,1486.0,0.1597752143032246,10,718.0,0.10364180631010798,197,8769.0
3160.0,209,1573.0,2.9022140221402215,3.0274711733200834,9,315.0,0.20889124623055447,29,796.0,0.15532366829388852,26,987.0,0.13036104564023943,8,223.0,0.32930711581475175,14,1158.0,0.08031266804311653,9,517.0,0.16214499546253466,9,135.0,0.41092314103662375,12,240.0,0.20638079825436143,12,398.0,0.19605268277887372,9,688.0,0.24194243099347007,7,272.0,0.1407716202053395,11,362.0,0.18518177100249386,20,377.0,0.08611624868950052,12,135.0,0.27814208645750704,14,1126.0,0.09413966348023102,8,686.0,0.1623904805910328,209,8415.0
3165.0,190,1680.0,3.151969981238274,3.222281074006585,7,335.0,0.16154561334941786,27,833.0,0.09923040029112522,32,1142.0,0.15562494257678,15,278.0,0.11565026654348955,14,899.0,0.11673120888304239,4,439.0,0.31921301555667986,1,82.0,0.47835177936353207,3,185.0,0.5655498944906108,3,397.0,0.23327609505020935,10,637.0,0.20761621301500138,11,287.0,0.17056165054534325,10,392.0,0.18669081433009127,28,500.0,0.001506615561493127,6,142.0,0.3956729864751929,11,1178.0,0.1978440076423515,8,692.0,0.24899808589975445,190,8418.0
3170.0,197,1810.0,3.3518518518518516,3.6057161717872974,9,360.0,0.1759036392515413,22,760.0,0.17630706929730194,29,1127.0,0.08893253395176262,15,357.0,0.058019416726647614,11,902.0,0.22871285705455255,7,452.0,0.33920186976351746,1,25.0,0.37600175578206557,3,164.0,0.4717959100044164,8,404.0,0.32339067908728997,8,496.0,0.2072620843415594,9,283.0,0.14555007739067508,16,447.0,0.1147901834849374,29,648.0,0.11765906152674341,2,83.0,0.27695780401197806,14,1225.0,0.25166635406015686,14,734.0,0.29273557327376803,197,8467.0
3175.0,215,2072.0,3.774134790528233,3.7408398258884414,15,397.0,0.20457364207687947,15,594.0,0.24494916548145257,24,892.0,0.07049686677326414,9,342.0,0.32145041124322815,12,964.0,0.24098233185491014,14,507.0,0.27677985138783484,4,18.0,0.42601276564375873,9,192.0,0.30725999733936,14,460.0,0.22803163800960108,5,476.0,0.20950275869798868,9,238.0,0.24866800790797852,22,547.0,0.09803659880684701,29,793.0,0.19179886833377421,2,78.0,0.10616843634369033,11,1080.0,0.14282930469861596,21,829.0,0.2553612277563061,215,8407.0
3180.0,229,2484.0,4.532846715328467,3.379501775698754,21,487.0,0.13651999336624232,10,505.0,0.3062711400097078,14,907.0,0.2011944630492456,2,197.0,0.48811984963111144,7,852.0,0.16414029983155368,20,602.0,0.24226799427226553,0,16.0,0.1504811172094078,15,252.0,0.12793224420754884,20,545.0,0.13949257468491494,8,504.0,0.21623039866831764,9,221.0,0.2994229725228099,30,682.0,0.017045857129990568,29,934.0,0.21595124410512023,5,94.0,0.4357621788857827,12,795.0,0.09842483488299998,27,952.0,0.17303404128797806,229,8545.0
3185.0,239,2652.0,4.875,2.90474322903071,22,527.0,0.1265863731498897,9,524.0,0.31679362275305795,7,928.0,0.257256087656908,2,170.0,0.4328150294175511,9,577.0,0.1194063076457502,26,724.0,0.23713237309087631,5,23.0,0.4394548215414055,20,340.0,0.015433761804870395,26,662.0,0.11099473921236724,10,454.0,0.18086366125578737,7,232.0,0.19493109495548994,35,850.0,0.0007803407656845527,24,960.0,0.13345329738271158,0,66.0,0.59324546729707,8,840.0,0.11649092506505612,29,938.0,0.027707101493763108,239,8815.0
3190.0,252,2783.0,5.115808823529412,3.0679533677918402,21,487.0,0.15579668513422845,9,534.0,0.2783780474677603,13,982.0,0.1632070769723768,6,186.0,0.13863386164731817,5,596.0,0.21756332290468636,32,871.0,0.10102682768558624,0,23.0,0.7574318782859786,27,466.0,0.1360195922218798,32,813.0,0.10026642607379155,10,303.0,0.25697811995314784,12,249.0,0.16351028642553814,30,899.0,0.04195607849612713,19,875.0,0.1658582022176497,1,8.0,0.5689233429734846,11,864.0,0.20129138921346654,24,808.0,0.060092547012665656,252,8964.0
3195.0,234,2556.0,4.707182320441989,3.1229004311675608,18,457.0,0.22161009343361113,13,534.0,0.24343634625285276,18,917.0,0.09575785789998469,13,243.0,0.09278232332816985,8,610.0,0.24565206256565475,28,885.0,0.025071393581165686,2,8.0,0.35595674634703817,29,609.0,0.17520694751026486,30,862.0,0.09918809019476141,3,317.0,0.27572686867336377,19,326.0,0.12382221362255463,20,762.0,0.20441510703787735,7,833.0,0.19245010351316377,0,13.0,0.6224363044192553,12,848.0,0.28858339470622074,14,882.0,0.09624821407269132,234,9106.0
3200.0,222,2417.0,4.4511970534069984,3.385146415363293,7,437.0,0.27090409666346216,18,594.0,0.16696006235171515,12,725.0,0.21084801550579715,9,226.0,0.4298699938994055,14,661.0,0.14047057579391214,21,755.0,0.184395316894095,1,15.0,0.44247498515675804,33,767.0,0.07559800417562322,22,732.0,0.1616690185416261,10,332.0,0.35477405314313787,24,437.0,0.06315311932356439,13,800.0,0.33680368536230604,8,840.0,0.16432732041308823,1,9.0,0.5056125754939291,17,919.0,0.22276521174623606,12,921.0,0.08217476689491421,222,9170.0
3205.0,226,2488.0,4.548446069469835,3.206063482874949,6,447.0,0.28206447262219153,26,708.0,0.1220233475220584,10,764.0,0.31732554753238046,1,114.0,0.4474046857099129,18,622.0,0.076148183890996,14,826.0,0.23042416297980658,0,8.0,0.7072672547068449,34,937.0,1.9834214243690253e-06,14,807.0,0.18760112640018792,14,392.0,0.19435099505262254,32,581.0,0.1298935135965758,11,816.0,0.2639763232199792,13,883.0,0.14128040544026932,2,15.0,0.5748125443064468,22,1013.0,0.07798925915459218,9,835.0,0.10525306080912837,226,9768.0
3210.0,226,2371.0,4.303085299455535,3.016962077478822,7,410.0,0.24095408025115553,34,869.0,0.0868568188492903,9,808.0,0.2489177657398146,2,117.0,0.26473966668680515,16,699.0,0.15117194095634354,11,877.0,0.14024370989446786,2,9.0,0.6177967874905076,28,976.0,0.08288370721634797,12,869.0,0.19485213677485194,15,378.0,0.15938712034473534,30,655.0,0.17389785772084657,11,864.0,0.14306452120304722,13,836.0,0.20522479979582506,2,12.0,0.4581926012728734,28,1140.0,0.06001134802030286,6,745.0,0.09229284224136801,226,10264.0
3215.0,232,2306.0,4.192727272727272,3.098086518981724,6,355.0,0.24863096526968306,32,1024.0,0.1083971076211141,15,868.0,0.13196990131063996,10,155.0,0.07294467131191298,17,761.0,0.16452906327266,9,809.0,0.1011831922487578,6,30.0,0.5491975643013005,20,874.0,0.21646008947171613,14,930.0,0.20283443742253238,10,275.0,0.2314217664066316,25,789.0,0.09788049844923988,18,936.0,0.11094338226537857,11,616.0,0.2675069495042405,2,18.0,0.41786965696748735,26,1096.0,0.08456034751135638,11,794.0,0.21384605143884314,232,10330.0
3220.0,227,2295.0,4.187956204379562,3.2681915501909797,6,376.0,0.18349928287484363,36,1185.0,0.1189499873389827,15,821.0,0.0882181107814998,9,153.0,0.32810660290848653,23,866.0,0.0881273675585849,5,638.0,0.12071698337423012,4,39.0,0.5204825664612408,16,954.0,0.17610612314653395,16,882.0,0.14236606197272164,2,250.0,0.2959690539514959,23,905.0,0.02403098521438222,26,1049.0,0.16617109488695367,9,666.0,0.21059086133132038,1,12.0,0.6528201356547185,24,937.0,0.1944540958293536,12,847.0,0.3059533887012379,227,10580.0
3225.0,211,2115.0,3.8950276243093924,3.490218388637523,12,415.0,0.14251117615374867,31,1215.0,0.09336280978083897,12,664.0,0.2762124279566367,0,96.0,0.6132990528313715,22,970.0,0.0320472043759914,6,660.0,0.20666004296371698,4,55.0,0.47538867805245943,12,1018.0,0.1313915398855632,16,748.0,0.20649943797956677,7,277.0,0.3677689749680584,15,903.0,0.15716360902639975,29,1189.0,0.19132463365806668,7,700.0,0.15879386969059267,1,9.0,0.48510947212539185,18,959.0,0.15153658516290328,19,924.0,0.21282356637364985,211,10802.0
3230.0,195,1999.0,3.6813996316758746,3.5986715424815157,16,489.0,0.15421083587089407,23,1096.0,0.1447218948333562,7,433.0,0.3283952204001701,2,79.0,0.4900302733997622,23,937.0,0.13968125533824066,8,698.0,0.2712475475046969,6,77.0,0.14938549096249124,15,1084.0,0.11104595128625935,8,744.0,0.26521633078272616,8,241.0,0.25431634279439486,7,765.0,0.23601992134863867,29,1330.0,0.12115689361949283,9,626.0,0.060335604372178823,3,22.0,0.6232573169491723,12,1001.0,0.126026203310081,19,873.0,0.1499358465313313,195,10495.0
3235.0,203,1982.0,3.6771799628942485,3.3635392412316962,25,596.0,0.09943756003486182,18,1069.0,0.16742765911355242,3,438.0,0.24746596013308853,8,111.0,0.2171733049519948,21,755.0,0.2725364685381805,9,644.0,0.20019415991804473,5,73.0,0.17889597594897558,21,1185.0,0.2005805663250077,9,781.0,0.2228154770503165,5,171.0,0.2414966819069889,7,760.0,0.17630413041167853,34,1490.0,0.001734565940390287,3,446.0,0.301106679514388,1,18.0,0.4662659965187537,14,1049.0,0.18692638408010193,20,714.0,0.2164899915013755,203,10300.0
3240.0,211,2182.0,4.1169811320754715,3.196046258360731,35,752.0,0.08233075183096679,11,1116.0,0.19014017037482364,8,463.0,0.2188155884576661,9,110.0,0.2547821415152452,16,556.0,0.2743993831758494,11,512.0,0.12971846673093387,1,29.0,0.6762274321053355,27,1310.0,0.1491475843382557,8,715.0,0.18839150378744374,3,171.0,0.28101785176242094,11,810.0,0.09382636594800883,36,1673.0,0.024138531190644984,4,455.0,0.34692778893571996,0,7.0,0.6992794985753936,18,976.0,0.19353331740459648,13,743.0,0.18050981259518387,211,10398.0
3245.0,212,2368.0,4.4763705103969755,3.1330120520220586,36,907.0,0.08397175591633835,12,1137.0,0.23661732646118827,15,519.0,0.20557228493902982,3,79.0,0.43018593296282265,6,594.0,0.17528890006807532,8,550.0,0.21112381726898574,4,31.0,0.6957218999542027,35,1468.0,0.02622889359022727,8,524.0,0.19125903595934926,7,195.0,0.3724185285597142,14,876.0,0.11452778472284317,30,1680.0,0.1393158811999206,9,487.0,0.1686349934199976,1,7.0,0.547269365036411,15,928.0,0.1004686594327748,9,772.0,0.1497762382277695,212,10754.0
3250.0,235,2597.0,4.827137546468402,3.282948391588787,36,1064.0,0.12524406392809087,19,1216.0,0.14771343180599614,21,611.0,0.21683136732927505,2,68.0,0.3053864644446992,8,627.0,0.25092292689085877,10,577.0,0.20777199847091138,6,52.0,0.26392462490314783,30,1483.0,0.057075907698702286,4,535.0,0.23179448897987914,8,184.0,0.20953020251254598,22,970.0,0.17392199275039769,20,1495.0,0.2831982373434293,15,557.0,0.23101089767892155,3,21.0,0.5815108044742026,19,1011.0,0.05090728440548958,12,715.0,0.11012372861210079,235,11186.0
3255.0,251,2757.0,5.105555555555555,3.3379650597438424,33,1115.0,0.08334939793873901,20,1149.0,0.1473908629004003,25,726.0,0.2088132079002971,8,95.0,0.04478907829571522,11,599.0,0.24286209075543794,14,637.0,0.14866576761804504,10,98.0,0.1582900500990564,22,1326.0,0.23320968790589025,8,555.0,0.26390825046661365,8,142.0,0.23765402499222715,29,1096.0,0.130312278935681,14,1148.0,0.2331278622737128,19,643.0,0.2819895905624103,0,11.0,0.15903272637177593,18,1075.0,0.09219838710852063,12,576.0,0.11495535638276498,251,10991.0
3260.0,224,2416.0,4.532833020637899,3.1558670161723605,26,1042.0,0.13709383221080446,16,952.0,0.2289236783321686,25,719.0,0.029467328619803595,7,104.0,0.34853131642090346,9,498.0,0.29605733286932484,21,731.0,0.0707160173759961,10,148.0,0.21834621564455986,16,1411.0,0.20677121958903075,10,516.0,0.2387768286668249,2,113.0,0.3126234571260577,35,1253.0,0.06721606757521965,6,1187.0,0.18058408355064204,17,600.0,0.20202090931439262,0,6.0,0.43197004209285145,19,1154.0,0.11512845587717815,5,525.0,0.16451523392764777,224,10959.0
3265.0,214,2089.0,3.9639468690702087,3.2469782521205075,21,1060.0,0.17081163617997352,13,1002.0,0.17853006951606362,21,594.0,0.08102797524500202,0,68.0,0.6938957461846166,8,516.0,0.17263540402120472,22,727.0,0.14894411355188608,10,198.0,0.12876152733271293,14,1480.0,0.1323224518200953,10,356.0,0.2051330831293848,7,130.0,0.40924739920611053,32,1288.0,0.018712001882290625,7,1209.0,0.25574146912409906,13,423.0,0.12249431615419788,3,14.0,0.6542497047039816,26,1267.0,0.09569048213200325,7,518.0,0.31595590424293274,214,10850.0
3270.0,196,1754.0,3.340952380952381,3.276682728936383,14,1120.0,0.16377954669462094,11,1058.0,0.18453558274009832,14,659.0,0.11702086074970432,3,71.0,0.4021249001666877,10,532.0,0.1505733832053778,19,621.0,0.23889039140260274,10,254.0,0.28887416176401826,10,1393.0,0.14445956535856927,5,377.0,0.21533965984953016,14,186.0,0.2242008142490903,25,1187.0,0.07851958707298633,9,1108.0,0.25770415023762633,5,409.0,0.15662213582763765,3,29.0,0.7143363423913439,32,1412.0,0.0526383308449191,12,555.0,0.2694177760115061,196,10971.0
3275.0,199,1774.0,3.359848484848485,3.379905448209588,13,1143.0,0.21804283380895428,9,965.0,0.20640345127216345,11,701.0,0.22110110130421254,9,109.0,0.06285722170253687,16,596.0,0.131988353336807,14,699.0,0.24359571344455536,10,302.0,0.358362966604477,8,1159.0,0.2622453767405264,9,401.0,0.25504207672579515,21,273.0,0.11384429821105012,15,1267.0,0.19990504959546834,8,875.0,0.24564792175639874,8,439.0,0.3053433216842293,1,17.0,0.3508412422182293,28,1392.0,0.040032627924947536,19,637.0,0.10699178780005612,199,10975.0
3280.0,235,2138.0,4.0263653483992465,3.2706574262231607,19,1212.0,0.1770742433700884,9,746.0,0.21024847365408164,16,767.0,0.19323954991148473,7,116.0,0.32715512765469235,30,719.0,0.037690206834782844,12,761.0,0.24240888359737728,14,362.0,0.18816167532711,7,1185.0,0.23239169812676086,10,358.0,0.3123821539733443,23,388.0,0.16185976625103857,14,1335.0,0.26544009379125577,10,650.0,0.16610202450934936,14,497.0,0.27725061180981386,5,19.0,0.32688115319714833,23,1210.0,0.14966339649957333,22,746.0,0.15888324256868555,235,11071.0
3285.0,220,2361.0,4.480075901328274,3.0121551812909684,21,1185.0,0.10981537432781394,5,769.0,0.2030509297112716,22,865.0,0.1762893234003974,0,58.0,0.6161827013872834,32,862.0,0.03473828928322544,7,693.0,0.1860983360404172,16,442.0,0.17510102771549452,9,1225.0,0.14160516256957614,7,226.0,0.20728057963748747,23,503.0,0.22834359498917015,15,1402.0,0.2254124419260115,7,665.0,0.17710018497993749,21,584.0,0.1328971341200676,2,23.0,0.2439240649116756,15,1152.0,0.23318311494073665,18,727.0,0.04983442081039605,220,11381.0
3290.0,245,2692.0,5.0411985018726595,3.15859514409281,19,1032.0,0.16083791798278677,8,797.0,0.24276921644800248,22,832.0,0.27696851484521223,2,49.0,0.30433969440291353,35,986.0,0.1260272220817969,9,528.0,0.10631812892878045,16,522.0,0.3595384048381786,15,1287.0,0.07072690928487634,5,237.0,0.2616634366056959,26,625.0,0.12818976808431312,18,1351.0,0.0817486405886554,9,668.0,0.2771588742132406,28,709.0,0.031916961895131005,7,28.0,0.21673529924475715,12,1211.0,0.2105390119186661,14,527.0,0.20672764755948897,245,11389.0
3295.0,240,2506.0,4.7105263157894735,3.1636509438393174,18,888.0,0.18885673522561922,11,723.0,0.18667104065532386,17,713.0,0.19018508563058942,6,78.0,0.4188156029534375,32,1023.0,0.0901696135726163,6,512.0,0.14482152843595744,11,482.0,0.21777368819582044,21,1384.0,0.22234143399885647,9,261.0,0.27996598771053766,24,669.0,0.13088150135840085,21,1181.0,0.0767745764736214,15,716.0,0.31918692348626276,31,859.0,0.13283770413274051,3,40.0,0.1760001652144034,7,1123.0,0.19950899395453287,8,581.0,0.358923644660552,240,11233.0
3300.0,205,2022.0,3.8735632183908044,3.0689511371617493,10,931.0,0.2047558549185487,12,552.0,0.1916132206273236,12,779.0,0.08783927280335768,0,57.0,0.6076176851431258,27,940.0,0.07035093137339588,9,533.0,0.20909569524180038,9,332.0,0.12881440633800706,24,1501.0,0.23974534969599215,9,238.0,0.31564763259834916,16,609.0,0.20886115743527864,16,1202.0,0.11001438252074507,17,647.0,0.09006713413406535,32,1019.0,0.1837176068072517,0,13.0,0.393278917103176,5,860.0,0.17059831812565202,7,607.0,0.26036082281679906,205,10820.0
3305.0,183,1870.0,3.5349716446124764,3.2313492534558055,9,946.0,0.25325199231890794,8,586.0,0.19217155866640326,10,835.0,0.19878366657525878,0,8.0,0.6274153589581433,18,971.0,0.1017778380966208,15,594.0,0.24249209442725422,3,309.0,0.35319366721619916,22,1438.0,0.03504255774416587,6,162.0,0.24815031104880084,10,615.0,0.24274480732577944,13,1248.0,0.2227047175352622,17,600.0,0.06487662067963122,32,1179.0,0.09534423141225914,4,28.0,0.14134834335648766,2,867.0,0.2565150844235046,14,662.0,0.1381358008970561,183,11048.0
3310.0,202,1850.0,3.490566037735849,3.3567503894704855,12,870.0,0.22225165935404986,10,627.0,0.23196251814213195,16,900.0,0.16407914350680428,2,8.0,0.18210200183452227,15,1019.0,0.195844020857372,20,681.0,0.22225758076291363,7,323.0,0.3631832936571322,20,1196.0,0.1120678132830944,6,186.0,0.24366416262901716,12,658.0,0.22209257035720495,9,1155.0,0.26439330651193127,9,659.0,0.23773400631983677,31,1179.0,0.02999067940067972,5,55.0,0.4745482306708429,8,883.0,0.24528445686547698,20,751.0,0.05274525494831516,202,11150.0
3315.0,212,1861.0,3.4981203007518795,3.503184683336174,11,709.0,0.17053035419165843,10,552.0,0.17660549855600685,22,998.0,0.036634640196374704,6,39.0,0.10595257242660375,9,946.0,0.29026788784741436,28,809.0,0.12815168282816125,13,375.0,0.2827253491460221,10,1249.0,0.24636981253051204,10,230.0,0.24461644199850544,9,617.0,0.229410037920688,7,923.0,0.18433599062351202,12,684.0,0.30592768029397144,24,1073.0,0.16908006301673817,0,35.0,0.7083058938182066,14,936.0,0.16136280270222986,27,874.0,0.1490190126161822,212,11049.0
3320.0,214,2192.0,4.066790352504638,3.281973741762491,11,670.0,0.17256999040458346,12,373.0,0.19083159977500083,28,1129.0,0.00015515555469337102,0,35.0,0.565177790274298,6,759.0,0.21611244883598088,30,955.0,0.04478056531992655,16,452.0,0.18887640451196885,8,1280.0,0.2379010558947931,9,231.0,0.2860887218567781,4,481.0,0.2315598138813724,7,952.0,0.1147168497082951,20,765.0,0.0853810026948983,16,844.0,0.23643877557075488,0,2.0,0.734602213683153,17,880.0,0.0836621890536089,30,1023.0,0.16164239094055197,214,10831.0
3325.0,194,1987.0,3.6728280961182995,3.057927285232466,8,696.0,0.18095083242770543,6,340.0,0.2012828750579856,22,1114.0,0.09158858645171433,0,8.0,0.8412194679556826,4,770.0,0.12857248898764237,29,965.0,0.016715472646555478,16,536.0,0.17695095007864406,11,1142.0,0.07041652837763691,8,191.0,0.23913463023287526,3,460.0,0.28263701944091446,11,998.0,0.09295774896591714,31,901.0,0.012179973316083953,5,869.0,0.189790061874572,1,7.0,0.5636463002346377,14,707.0,0.20352044125140176,25,998.0,0.08851842186366862,194,10702.0
3330.0,195,1805.0,3.3864915572232643,3.5077250709267167,9,697.0,0.2093059963039329,10,367.0,0.20161285804204152,12,867.0,0.2873660489616794,0,4.0,0.815387446068518,10,799.0,0.12167605491109669,20,855.0,0.07538104668353188,11,467.0,0.2667876050551748,10,845.0,0.17998387937708024,5,192.0,0.2552617060385703,8,491.0,0.1843923886321568,15,1066.0,0.20609263061010333,30,1049.0,0.14396149260418437,8,877.0,0.25251096324458744,6,23.0,0.3409489719961735,15,778.0,0.20448955764040253,26,859.0,0.0908725072892923,195,10236.0
3335.0,181,1570.0,2.945590994371482,3.674969070173182,14,634.0,0.1630404055195961,8,303.0,0.22136773834004483,12,864.0,0.2850900822634743,0,4.0,0.8394622236683756,16,867.0,0.08991471347924618,12,668.0,0.18179823463065548,3,307.0,0.3122684179897992,3,782.0,0.396946957079116,7,214.0,0.2553734553271657,14,548.0,0.19624264900202368,16,992.0,0.20794355528576677,29,1174.0,0.18632271556425517,8,811.0,0.2760183427276465,11,72.0,0.3461521545456861,13,827.0,0.1163895048331657,15,943.0,0.21342492921026132,181,10010.0
3340.0,179,1416.0,2.636871508379888,3.428073381305763,15,484.0,0.16076230060943977,8,231.0,0.22807839780164688,9,914.0,0.23276872926629197,2,3.0,0.45746606911097,25,975.0,0.14636429034339754,5,705.0,0.3425025944204377,4,307.0,0.2170524989289495,7,795.0,0.2993396137059547,8,207.0,0.32725681156377406,14,530.0,0.1778651240783815,13,772.0,0.14045575374479405,24,1116.0,0.1370785746766802,5,639.0,0.36036022493342995,12,129.0,0.3653684819914665,15,891.0,0.11000638114383189,13,993.0,0.23919934791731956,179,9691.0
3345.0,193,1391.0,2.575925925925926,3.092922590701182,14,537.0,0.14621386304937975,7,255.0,0.18141098075498924,8,836.0,0.1561237661750134,4,26.0,0.4957500945277318,29,1096.0,0.1544403003627361,8,731.0,0.3610311605953357,10,344.0,0.19730787370753455,14,852.0,0.12335232670853603,5,148.0,0.2542186565453721,15,420.0,0.20113859494840758,14,765.0,0.10877680592680933,23,907.0,0.08887978730819891,2,598.0,0.3691753960882487,12,189.0,0.1709282549094807,18,831.0,0.0629570043427234,10,915.0,0.1436388490819153,193,9450.0
3350.0,204,1556.0,2.865561694290976,3.1223409379081937,12,569.0,0.18715221369788215,9,283.0,0.2019708921521439,10,646.0,0.3196060655739278,5,47.0,0.5050347335157602,36,1256.0,0.06392857996773499,10,674.0,0.1404027911944008,10,301.0,0.10522801147862419,19,938.0,0.026361618222042048,5,162.0,0.2508305975964965,12,473.0,0.1848433166337276,14,831.0,0.21525566392032006,14,916.0,0.2148845513430107,7,624.0,0.19114293892592946,16,268.0,0.046879565786952876,14,650.0,0.19951187926805128,11,683.0,0.1324264191138806,204,9321.0
3355.0,205,1697.0,3.1425925925925924,3.1524751714107206,13,501.0,0.18260494833259683,11,276.0,0.20348018138507074,4,612.0,0.27589440851251384,3,44.0,0.45156001398202733,31,1268.0,0.019459223576445403,11,549.0,0.14673018916073152,8,163.0,0.2897870149244594,24,1056.0,0.15579588616176865,10,203.0,0.2489168306532198,10,523.0,0.19203487448099657,14,893.0,0.239994553884653,11,955.0,0.2496107332973948,12,679.0,0.2160636370752768,19,361.0,0.20216294887397201,17,728.0,0.20853890422784316,7,712.0,0.2374656428488825,205,9523.0
3360.0,180,1454.0,2.697588126159555,2.977835310856439,13,356.0,0.1570154798523548,10,206.0,0.2198907035054726,9,624.0,0.22813707377149217,2,18.0,0.2923581443108709,26,1114.0,0.09014317405570099,3,521.0,0.3596914521741173,3,175.0,0.30227918243072754,22,966.0,0.16468287491680647,10,202.0,0.29580797371130013,10,470.0,0.19219491075091977,14,800.0,0.10198135046981824,9,850.0,0.1650707465777861,13,630.0,0.232650424730026,13,383.0,0.31415204342110026,15,783.0,0.1257052422853974,8,730.0,0.26824784310127747,180,8828.0
3365.0,174,1100.0,2.010968921389397,3.430429827563401,16,395.0,0.15622689982743138,5,195.0,0.20761867613908952,16,682.0,0.11925282481445909,3,22.0,0.07430544913382178,18,1139.0,0.22509592906928436,7,517.0,0.34745741020426957,8,203.0,0.36072840453156474,15,718.0,0.26636655298390877,8,161.0,0.24675341867826148,7,347.0,0.2430238317771233,17,624.0,0.07984037384512681,9,675.0,0.15105833631304874,10,438.0,0.2626509669364823,5,268.0,0.3362070197372685,15,846.0,0.10786694977638273,15,787.0,0.19842197792280622,174,8017.0
3370.0,179,1107.0,1.9662522202486679,3.3293385407862233,14,443.0,0.16850168615112457,7,212.0,0.229834512053548,20,779.0,0.053497652005768045,4,37.0,0.17631068692290955,13,1203.0,0.28325284922128136,15,567.0,0.21537783810295705,13,255.0,0.28469681443248496,10,775.0,0.1712217986739149,8,185.0,0.2304876814321922,4,295.0,0.24225642200477945,17,602.0,0.09495333205443167,5,649.0,0.23382051377472238,6,465.0,0.14930542824568746,4,281.0,0.19994045002254113,22,939.0,0.03312224489460981,17,742.0,0.05687564250259757,179,8429.0
3375.0,187,1133.0,2.052536231884058,3.611742396341862,14,461.0,0.19733605682557076,10,212.0,0.2131766731650371,20,747.0,0.24578349154680934,0,28.0,0.6197518170971229,15,1268.0,0.20002118168691416,16,532.0,0.08838214259836595,14,247.0,0.1969091827779196,10,831.0,0.13575877055388152,8,224.0,0.2355217006543873,7,318.0,0.21182469955665323,11,666.0,0.19950511823349978,7,672.0,0.2399876381284495,9,500.0,0.26262421889056625,9,308.0,0.30573367636695886,22,905.0,0.036037476573034834,15,615.0,0.2162623585449268,187,8534.0
3380.0,186,1078.0,1.9926062846580406,3.524138567189493,20,468.0,0.13349319146356156,9,163.0,0.2053589831564645,14,574.0,0.26187304617863205,0,8.0,0.8694872768406348,16,1210.0,0.08602069044379425,13,427.0,0.16970558204171302,11,192.0,0.23077143314065646,16,899.0,0.21043567047463524,11,227.0,0.2610465856301831,6,282.0,0.26124930341119945,11,667.0,0.2216956347062924,8,612.0,0.1601098553116414,9,442.0,0.2714760211724789,15,370.0,0.23673392491513373,19,758.0,0.1629608408046143,8,658.0,0.2755696226054417,186,7957.0
3385.0,163,901.0,1.6716141001855287,3.1814904672730733,20,426.0,0.14839182380594867,4,181.0,0.27755278956913326,9,512.0,0.21202699385555587,1,9.0,0.6352066992631988,17,968.0,0.08969561745999881,3,412.0,0.39031561256111963,4,219.0,0.18657551760384544,22,998.0,0.12730185195862537,11,197.0,0.2297073197462603,4,211.0,0.2865200558547745,12,608.0,0.10906346995381262,9,464.0,0.1322678646223397,6,272.0,0.2791649327716154,14,361.0,0.23133935486020898,18,849.0,0.19855584903045623,9,689.0,0.17772938282547418,163,7376.0
3390.0,152,736.0,1.3504587155963304,3.1474570664258437,15,455.0,0.15289033657199988,8,190.0,0.23225031564284823,7,553.0,0.18157223395060365,6,26.0,0.2773225497735627,9,958.0,0.17637628471492817,8,428.0,0.3168525537077184,8,224.0,0.3138266900276555,24,936.0,0.028940392275478052,8,229.0,0.19648758815004821,4,207.0,0.19318049744283952,13,487.0,0.10420554448416966,4,433.0,0.2689441895932337,6,261.0,0.1583032597199522,10,265.0,0.1660256073478008,13,920.0,0.11098089308464625,9,629.0,0.10026477937597057,152,7201.0
3395.0,157,726.0,1.3176043557168784,3.714948577044679,12,469.0,0.18890559437259066,8,194.0,0.22277895187076274,13,609.0,0.26109737020398915,5,39.0,0.07703486784611945,10,999.0,0.21267697709415667,11,386.0,0.1369870445532006,9,225.0,0.20057455750630127,18,732.0,0.1504777616155029,9,263.0,0.2333296762943339,7,230.0,0.2242361272238047,13,529.0,0.20635146411027394,8,447.0,0.2795507514636532,8,293.0,0.26457885346508575,7,158.0,0.3386184847428668,11,848.0,0.10726834530735183,8,477.0,0.24478115766673883,157,6898.0
3400.0,140,623.0,1.141025641025641,3.827845703589123,13,507.0,0.2130446322185336,9,164.0,0.21797381722198195,14,559.0,0.22706132530240872,3,32.0,0.27964112985675715,7,902.0,0.16604906066117753,11,246.0,0.1149765124843153,12,234.0,0.17739679795139815,9,671.0,0.25351266541638606,11,267.0,0.24392729038842376,8,222.0,0.2515374486113924,13,548.0,0.2907496742869548,8,390.0,0.1882393748749216,9,250.0,0.28037743805367427,2,156.0,0.40728212789850704,7,665.0,0.23670355600259244,4,407.0,0.3413082403307468,140,6220.0
3405.0,140,558.0,1.0391061452513966,3.6087160844822184,17,503.0,0.137558692653708,8,127.0,0.28430665004493855,12,412.0,0.14530679829139564,1,25.0,0.7393516750479696,7,680.0,0.1615080637499077,5,274.0,0.31436802247895307,10,263.0,0.08907146191069712,9,719.0,0.28311164377439296,9,201.0,0.20089250865790387,7,173.0,0.2768168996015602,15,605.0,0.23006042235314084,9,273.0,0.09604221867832843,8,183.0,0.27870646456396303,7,137.0,0.3214209220837586,7,646.0,0.31484225318878994,9,438.0,0.16568282657971709,140,5659.0
3410.0,148,716.0,1.3065693430656935,3.6297752553029916,17,432.0,0.15896174302811675,2,128.0,0.3562800217034696,13,291.0,0.16642186162871728,1,21.0,0.8154881752890258,4,635.0,0.2344090855884892,8,274.0,0.32215628953177217,13,283.0,0.08676853662025827,12,763.0,0.1677698458207422,6,224.0,0.20416091762983843,5,173.0,0.21534045239311037,17,590.0,0.07438331884645856,8,163.0,0.18091735387145763,6,190.0,0.18037228637419517,14,188.0,0.15656502397035102,9,676.0,0.26216544576491313,13,489.0,0.10411569878619245,148,5520.0
3415.0,171,959.0,1.7310469314079422,3.7426920971918527,13,491.0,0.18063623892759317,7,124.0,0.3167825702569857,3,310.0,0.36143262032278695,1,6.0,0.6038221387723531,8,661.0,0.3010413743829948,13,319.0,0.22371917531780458,19,357.0,0.03911213360407847,19,846.0,0.055713328760856724,8,254.0,0.21752546486817897,10,205.0,0.23438702422070687,19,471.0,0.08309146573171985,3,168.0,0.3717950786246216,8,214.0,0.23345855327939777,13,202.0,0.22521492487240694,14,735.0,0.14184856087600614,13,455.0,0.060025062065259156,171,5818.0
3420.0,197,1205.0,2.198905109489051,3.8017273244800975,13,536.0,0.2068603287683548,14,181.0,0.15472589237258,8,319.0,0.35851575285284526,5,18.0,0.3205447376700472,15,720.0,0.24483060916811478,15,301.0,0.04647748846922595,19,378.0,0.1987045153447877,26,966.0,0.1812640542722267,7,250.0,0.21022270444906085,9,203.0,0.2278723889936694,13,509.0,0.2194829047990643,7,149.0,0.38825373795058254,14,268.0,0.2569575923288964,5,158.0,0.385694001286641,16,715.0,0.08584041340813846,11,336.0,0.26658602825026423,197,6007.0
3425.0,193,1392.0,2.5682656826568264,3.7086291511564884,9,518.0,0.19890924108864078,21,272.0,0.15111349471534363,14,375.0,0.2592778894215365,6,32.0,0.1745344041836802,15,661.0,0.10152552845325635,14,253.0,0.10643662649227266,9,316.0,0.4234142842244395,28,1108.0,0.2307396277792372,9,201.0,0.22086205945602014,5,126.0,0.2836944802148408,11,538.0,0.23982815613597816,12,186.0,0.2810212868394834,20,353.0,0.07439827497923317,2,150.0,0.3397631583609318,13,595.0,0.19885543066107403,5,336.0,0.38278307883592,193,6020.0
3430.0,203,1730.0,3.151183970856102,3.3405044936406485,9,432.0,0.18945447449431843,23,387.0,0.2543074969048661,21,464.0,0.20166320099076201,4,36.0,0.4785034566388102,18,536.0,0.07394735980938981,4,285.0,0.3281620877872229,4,283.0,0.3099243434705184,34,1260.0,0.07534773748657603,5,187.0,0.2764361958286098,4,144.0,0.2535682674008166,11,506.0,0.1512512099616431,15,202.0,0.1579723135175679,27,479.0,0.04272222070404229,7,177.0,0.0942891722146257,11,480.0,0.2903646265287732,6,354.0,0.26553662152609564,203,6212.0
3435.0,213,2049.0,3.73224043715847,3.035339003246917,6,449.0,0.17977799281934811,21,431.0,0.12855825159048997,26,586.0,0.11995732312307798,3,34.0,0.3740031756738232,15,607.0,0.08657207460174217,8,297.0,0.2641398595869203,7,309.0,0.2563691740137774,36,1441.0,0.022707349307876584,6,210.0,0.26399080572181177,9,175.0,0.21965894330067393,10,418.0,0.1436012248903272,15,189.0,0.24229304584189848,23,528.0,0.19401060713404128,7,171.0,0.3190499834933548,9,446.0,0.1751285301852117,12,402.0,0.18159706788926283,213,6693.0
3440.0,199,1959.0,3.561818181818182,3.2378412011975897,8,472.0,0.1954355844476422,14,398.0,0.21174305921709957,27,725.0,0.027227760664462728,5,44.0,0.30625685814473136,14,657.0,0.0910606327430358,8,274.0,0.1888616173018129,14,363.0,0.24833637863523036,30,1434.0,0.13670809455827151,13,266.0,0.2747381918473801,8,173.0,0.2166119590730289,4,366.0,0.24104737598565767,10,234.0,0.09781664968208612,19,484.0,0.2642707536813292,0,110.0,0.6539535425190197,9,451.0,0.15184412372044762,16,386.0,0.07977241602208172,199,6837.0
3445.0,192,1887.0,3.4061371841155235,3.7279457349459624,12,459.0,0.18182150434478303,7,442.0,0.25921822556248203,27,860.0,0.14248505202358844,2,37.0,0.08117544881621308,9,609.0,0.2192768793244492,10,216.0,0.16556714262714078,19,446.0,0.25585928343062925,20,1242.0,0.23362185879646846,19,353.0,0.143761711010578,9,132.0,0.21452290576859248,8,355.0,0.23800715304012945,8,246.0,0.1381981086618579,13,527.0,0.20332497060925903,2,32.0,0.5023384557036943,12,485.0,0.25315752839470906,15,335.0,0.19522705983971478,192,6776.0
3450.0,199,1991.0,3.5873873873873876,3.7788569284630267,12,386.0,0.17649736942292174,8,475.0,0.23860750190422908,31,1005.0,0.17481857959230823,5,26.0,0.08287625820637981,7,446.0,0.2998286183687015,3,228.0,0.26922004915043485,24,558.0,0.0965125267939493,14,933.0,0.16972074034089676,20,389.0,0.13707801476747167,4,151.0,0.2556854811611642,15,395.0,0.1660309983649225,15,296.0,0.19173054635285913,10,582.0,0.16692859185340847,2,34.0,0.26855663557192605,18,555.0,0.27253834288918866,11,351.0,0.3145105907295653,199,6810.0
3455.0,219,2337.0,4.249090909090909,3.4806683016418725,10,324.0,0.22297956219511986,14,533.0,0.16107561927283437,34,1173.0,0.15122676219942813,0,26.0,0.6555334605122501,4,278.0,0.24304603637400735,8,243.0,0.28550660240546877,31,700.0,0.0008328426965340351,3,969.0,0.19966023116645135,13,349.0,0.22163361040527502,8,176.0,0.3363952920743451,21,485.0,0.07221429356919072,22,390.0,0.22641904382852204,15,641.0,0.1153952545827968,7,53.0,0.35324673979556637,21,551.0,0.18855196822782283,8,378.0,0.28277555888337463,219,7269.0
3460.0,233,2657.0,4.8574040219378425,3.1331718151054044,7,310.0,0.22062188791818063,15,532.0,0.17888875299100937,34,1343.0,0.044007813757641324,0,4.0,0.9439585882219372,6,216.0,0.18427648876397337,14,299.0,0.2854189799875521,24,691.0,0.16247756302302852,7,984.0,0.2951249296189344,5,384.0,0.26174030601658127,9,181.0,0.21372149818831146,28,609.0,0.017142242520066176,27,515.0,0.12304841838021292,16,637.0,0.04815284916480446,3,50.0,0.48043265639500843,24,481.0,0.11023984671596977,14,434.0,0.2422865457002433,233,7670.0
3465.0,220,2504.0,4.637037037037037,3.1852349258550596,9,298.0,0.25619452015440913,10,407.0,0.1896646385459478,29,1363.0,0.04006981450227763,1,9.0,0.22239306476907186,6,236.0,0.22012721548436145,20,384.0,0.20722044938596001,15,770.0,0.22545309999764687,6,890.0,0.27732910645657555,7,409.0,0.29634810121051147,8,153.0,0.21211415629369623,29,658.0,0.11698609559175804,27,654.0,0.0319546884710252,13,551.0,0.26201369005580466,3,28.0,0.5061926881693254,23,583.0,0.060407888254174154,14,429.0,0.21682881009423055,220,7822.0
3470.0,201,2087.0,3.8153564899451555,3.644744712330772,15,348.0,0.21291705422179028,13,312.0,0.2315973820152317,22,1215.0,0.06601196041842593,5,34.0,0.47724236775722556,9,252.0,0.2990445030803617,28,509.0,0.08566194587754619,12,839.0,0.12918257409472886,3,667.0,0.12749526562943497,9,388.0,0.21464971161392898,3,157.0,0.28370673418425557,22,602.0,0.2594960990457632,21,689.0,0.11137717691895885,5,393.0,0.41795258088202153,2,26.0,0.5565859523079906,13,636.0,0.11396342101672033,19,511.0,0.12624390603943916,201,7578.0
3475.0,178,1679.0,3.0197841726618706,3.679030265173569,15,351.0,0.16321011625551435,2,334.0,0.3240457717882185,16,1288.0,0.1141950723414161,5,59.0,0.6360645305285905,11,244.0,0.2869597319307505,33,672.0,0.047763260531979324,16,911.0,0.06414387919235633,3,621.0,0.14899990915436448,8,309.0,0.22186558081528296,8,180.0,0.3482247131185334,15,574.0,0.24403028999559365,15,584.0,0.10446238165523551,2,383.0,0.3976897541094619,4,29.0,0.5422644607298628,9,590.0,0.10779909201747047,16,581.0,0.058584801827674296,178,7710.0
3480.0,183,1379.0,2.5349264705882355,3.0960209971160793,13,292.0,0.157402830439599,8,350.0,0.2899281984460626,12,1356.0,0.2356406576790048,0,40.0,0.5383248303047303,13,282.0,0.0974573834883497,29,733.0,0.15018215453789466,23,1015.0,0.10347476481234559,8,649.0,0.1318515872236911,8,301.0,0.20578685274826164,8,184.0,0.20514507040051205,12,635.0,0.16091353531571845,12,481.0,0.29093806682267637,8,413.0,0.25418808465324527,4,31.0,0.336232326287059,11,528.0,0.10133634405083503,14,646.0,0.07881473577142009,183,7936.0
3485.0,179,1204.0,2.22550831792976,3.242323794885682,15,350.0,0.15891298522367903,9,324.0,0.24433721918910065,15,1421.0,0.2339204937716248,4,14.0,0.292885012697787,16,336.0,0.07660671407342728,20,679.0,0.2905030104573609,21,1004.0,0.14569448665990595,8,583.0,0.2719086825602613,8,339.0,0.23972322489948486,7,153.0,0.19150053512153484,11,681.0,0.1779732921299546,6,516.0,0.36810349422467864,11,392.0,0.2686879891285026,1,29.0,0.24731709787038175,6,553.0,0.1952209897812351,21,734.0,0.020186956170288154,179,8108.0
3490.0,168,1115.0,2.042124542124542,3.6072856291013733,15,412.0,0.18128269509981781,5,227.0,0.2306881723003236,23,1524.0,0.09134788636468784,3,23.0,0.1750150489408381,16,371.0,0.1680432855745991,14,595.0,0.2236196432251586,18,861.0,0.19929371945297877,4,390.0,0.5273524792167028,7,313.0,0.2619462293584594,2,157.0,0.2647627075378653,15,669.0,0.18427188219094404,7,541.0,0.30446388206350095,5,294.0,0.3044171979818629,2,27.0,0.3744108199898008,11,557.0,0.19167377433582705,21,739.0,0.10234607286497915,168,7700.0
3495.0,171,1025.0,1.8772893772893773,3.538998846667031,10,396.0,0.16207061103264273,1,207.0,0.2596247801010309,24,1478.0,0.08599061931004602,4,36.0,0.5177528433928601,23,462.0,0.16357459448196632,13,662.0,0.11067387046022868,16,881.0,0.2258014111962041,3,355.0,0.27130003303291267,4,222.0,0.2156624901879362,8,170.0,0.332688776725533,14,583.0,0.21699531476757178,8,505.0,0.1612147514177537,2,239.0,0.23828455399157009,7,45.0,0.5213651306973681,16,592.0,0.10627468915313698,18,653.0,0.19391794811064203,171,7486.0
3500.0,179,1080.0,1.9708029197080292,3.2943477553892953,9,316.0,0.18110186214994173,7,219.0,0.3230943211014403,20,1195.0,0.1909111603014835,0,23.0,0.743061938560629,23,500.0,0.07453497935168671,15,717.0,0.16331876667090586,12,946.0,0.17191265485336107,7,388.0,0.15070941707008342,3,184.0,0.2382186992632941,7,173.0,0.20768349908801087,14,446.0,0.12981825764106242,6,397.0,0.2549317937486878,6,259.0,0.24274168957207423,11,89.0,0.31916857410843436,24,693.0,0.03420867222087428,15,730.0,0.1606190175789454,179,7275.0
3505.0,179,1150.0,2.1062271062271063,3.2962759763166054,10,247.0,0.22068304108507567,10,199.0,0.23582095186236504,14,1269.0,0.24539660021258225,0,4.0,0.8276265026971179,24,481.0,0.08118631891384072,16,765.0,0.2268886882903863,9,873.0,0.1295126868850962,8,338.0,0.267414437398085,5,211.0,0.26683262440653677,7,134.0,0.23600239953406477,11,481.0,0.16382950244648736,4,404.0,0.23135068589073393,12,310.0,0.2316659505090773,15,154.0,0.10181727642775545,22,783.0,0.042108488318465316,12,799.0,0.11803765251997099,179,7452.0
3510.0,184,1277.0,2.3431192660550457,3.459662655040268,7,264.0,0.22173865769758713,9,147.0,0.21491590423517498,13,1327.0,0.19143832556973334,2,2.0,0.5370271962410096,16,566.0,0.20486504945784723,21,766.0,0.09074737642564024,6,686.0,0.2416497944510491,3,197.0,0.4923661761111126,12,258.0,0.20492274220534443,6,152.0,0.2511508253624426,7,470.0,0.22578566260099084,12,435.0,0.12997008214361516,12,291.0,0.2647248663668457,15,237.0,0.10009273824826509,27,875.0,0.1292305586216631,16,865.0,0.18482748038217697,184,7538.0
3515.0,192,1482.0,2.724264705882353,3.435223526296045,10,263.0,0.2596880714473119,3,144.0,0.20773543640152628,10,1221.0,0.1239995921381418,6,26.0,0.13134420874959338,15,627.0,0.2269255811413001,20,740.0,0.05701673010204148,6,594.0,0.29197881466965825,0,125.0,0.30069971813500734,13,257.0,0.18802781776128827,10,186.0,0.24116738052856837,15,504.0,0.2569699699544864,12,409.0,0.10025608705931664,9,135.0,0.22267604684160489,15,312.0,0.37842484938152376,31,1013.0,0.2049889587067118,17,837.0,0.205866635278487,192,7393.0
3520.0,190,1661.0,3.0090579710144927,3.5959463230188717,16,318.0,0.2104326616557691,7,162.0,0.2623550757657452,7,985.0,0.14486046697565366,5,44.0,0.37552156950580406,11,603.0,0.22859782983923213,14,808.0,0.13948359824395962,9,620.0,0.2357486399048708,6,145.0,0.17562594633050793,12,208.0,0.20949833057286302,10,194.0,0.28040940412873455,13,496.0,0.2762445305897894,9,273.0,0.24067326602867403,5,159.0,0.2402596735148979,16,388.0,0.2875200303525538,34,1171.0,0.14546669177872362,16,910.0,0.1030264880163196,190,7484.0
3525.0,194,1913.0,3.4655797101449277,3.411158498472574,17,343.0,0.14878971872149432,15,222.0,0.19331796451829764,6,1002.0,0.25885431069049714,0,22.0,0.7194229010573724,10,510.0,0.22921010378923107,10,825.0,0.2297788289052165,12,678.0,0.13826218782834102,6,126.0,0.25399143823296866,10,233.0,0.21558494963010874,9,160.0,0.2131584810571543,12,413.0,0.22920147138359326,5,245.0,0.35148673391394913,8,186.0,0.17380717775277105,22,480.0,0.10618432531148028,37,1350.0,0.02090253447856395,15,992.0,0.038751287080565015,194,7787.0
3530.0,199,2139.0,3.875,3.3424028794388874,15,316.0,0.17375850944860216,22,319.0,0.20936174033736824,9,1032.0,0.29231963982057774,2,10.0,0.5743763809691023,6,540.0,0.2120556341938635,18,894.0,0.17394635829093183,13,635.0,0.13873020484794438,2,70.0,0.44770513279068663,8,276.0,0.2405609674166947,7,187.0,0.21678766444107164,12,462.0,0.10242998288906194,7,271.0,0.32185512584500614,7,184.0,0.2665316244069868,23,601.0,0.060262500060570844,32,1382.0,0.02852902758871507,16,1072.0,0.1328200224088348,199,8251.0
3535.0,202,1952.0,3.542649727767695,3.4881952526069533,16,377.0,0.176475271523569,23,377.0,0.13024269160229718,13,940.0,0.12537313337800485,1,13.0,0.37494528106624286,10,568.0,0.13021265546762364,24,1001.0,0.066083425273074,9,479.0,0.21915443771183885,0,49.0,0.5384313385729601,8,270.0,0.2562227733420106,9,217.0,0.24480107942006807,14,532.0,0.1396796989677674,14,328.0,0.2088537987547583,4,139.0,0.33208187248823967,17,616.0,0.3049603846037514,23,1252.0,0.1848059895872062,17,1019.0,0.24587219555192913,202,8177.0
3540.0,199,1686.0,3.099264705882353,3.587334331248543,14,448.0,0.17461942534958183,19,372.0,0.1815421489489193,13,658.0,0.2256051032510805,5,22.0,0.4462314174264422,14,630.0,0.12094753319796975,29,1140.0,0.0016226078489054666,5,466.0,0.14838304919295708,6,69.0,0.25870107757760474,7,219.0,0.3252761813416395,10,221.0,0.28594838172629333,11,505.0,0.19414057847233215,20,420.0,0.06990850739284461,5,159.0,0.19383839909728107,11,507.0,0.2719761916823807,16,1226.0,0.24148401261329483,14,790.0,0.2533238742158895,199,7852.0
3545.0,185,1474.0,2.6946983546617918,3.46504283169038,12,446.0,0.18410170767335515,7,376.0,0.25687726057088056,8,698.0,0.25955806724548386,1,26.0,0.6010660091386061,16,623.0,0.08362291533155393,33,1306.0,0.02636061784844528,8,501.0,0.15612943751540256,12,119.0,0.048686015257913565,6,155.0,0.28748647955070655,9,178.0,0.25622556563904253,11,400.0,0.20450905366129649,21,439.0,0.11814525467817871,9,194.0,0.09716632269383424,5,502.0,0.17580263627517254,13,1277.0,0.15905225957988825,14,848.0,0.23748524370129703,185,8088.0
3550.0,183,1329.0,2.470260223048327,3.2310774456485016,10,382.0,0.1950010361412827,9,403.0,0.27186886104633495,7,703.0,0.20646305151712369,2,12.0,0.5489909191432024,16,675.0,0.1904911313833878,28,1319.0,0.15759264700380074,14,558.0,0.2223676876412894,19,201.0,0.20318838120236918,2,159.0,0.31637554010786884,6,195.0,0.20096206010309073,14,384.0,0.09629448351152803,16,388.0,0.20688069920690633,9,196.0,0.24009336586374588,7,539.0,0.17085154561262442,12,1331.0,0.1065540505784466,12,912.0,0.18063700062761914,183,8357.0
3555.0,196,1403.0,2.647169811320755,3.1804809611332434,10,419.0,0.16540603403918808,9,391.0,0.2059649727731583,14,748.0,0.13110801804392602,1,12.0,0.379495341753945,17,747.0,0.1528789957702981,20,1172.0,0.3114613146726527,13,509.0,0.4358376605893316,19,298.0,0.22982118007881167,8,182.0,0.3289200801588592,10,225.0,0.2296954005086471,16,436.0,0.11249103595922504,14,467.0,0.21250230036870832,4,139.0,0.31270652829474743,15,596.0,0.282507624809891,12,1263.0,0.09841946342117103,14,976.0,0.10901341779169402,196,8580.0
3560.0,187,1324.0,2.4609665427509295,3.293640626009386,11,456.0,0.18299116738828242,8,334.0,0.20178881676098245,21,844.0,0.035106679484106854,4,22.0,0.005513233044486145,20,840.0,0.0991299526263676,13,1116.0,0.30611937719839594,8,376.0,0.3221901462776075,13,320.0,0.2699462856368398,10,184.0,0.28622508541448116,14,281.0,0.21711055012073668,14,447.0,0.23995455918295025,10,524.0,0.12787099988486042,1,130.0,0.370749568204744,15,565.0,0.24925189172298504,10,1056.0,0.2141061979025476,15,928.0,0.17220757914815268,187,8423.0
3565.0,188,1222.0,2.2218181818181817,3.490667890825359,9,440.0,0.1900399343466126,8,271.0,0.29550959445924324,25,965.0,0.16639482487466734,1,25.0,0.14198145147156196,21,937.0,0.03334957941828801,9,1171.0,0.20729768246974115,11,240.0,0.18800223260155424,10,268.0,0.25958429008226436,8,152.0,0.2686726611863859,16,302.0,0.20109650414827693,20,490.0,0.1817619906628616,10,491.0,0.10462580608454432,6,148.0,0.2980576001166952,12,429.0,0.17144586463461525,11,1033.0,0.2942844982151722,11,751.0,0.20859323498512003,188,8113.0
3570.0,184,1231.0,2.2381818181818183,3.250044928367078,9,369.0,0.18577118149903485,8,232.0,0.3471511093478847,23,918.0,0.16363650694765247,0,13.0,0.46997896822199536,22,932.0,0.027516586586282237,8,1078.0,0.1783620895233035,9,242.0,0.19392422482828886,5,290.0,0.24976888924902643,8,145.0,0.23178266559320632,15,260.0,0.16454400256893081,25,597.0,0.06777890776916118,7,399.0,0.11164332517918735,13,201.0,0.20306844829462498,7,389.0,0.16053295870042097,15,1091.0,0.2583139706334091,10,681.0,0.1977946713136079,184,7837.0
3575.0,173,1055.0,1.9251824817518248,3.4386147303126653,9,294.0,0.20373386342353092,5,228.0,0.2973506576490641,17,704.0,0.2513197059445333,0,8.0,0.8765091001693489,19,822.0,0.07737067425045575,6,848.0,0.2781444929018538,8,255.0,0.2751861087206616,10,322.0,0.26882962241444547,7,155.0,0.21260350441185283,11,293.0,0.2018648356818235,29,620.0,0.01907868386146599,6,408.0,0.1659466237805768,14,226.0,0.11927754729560759,7,420.0,0.21259888397505206,14,1149.0,0.1578022714829167,11,735.0,0.1154806238261643,173,7487.0
3580.0,172,1092.0,2.014760147601476,3.557522560490255,8,298.0,0.2344569774627558,8,201.0,0.3113210091872441,11,717.0,0.18935335633069184,0,8.0,0.9255606680146065,17,909.0,0.19485555690444545,2,851.0,0.2183668485733184,10,234.0,0.16955749681961152,17,394.0,0.15609783748135597,11,172.0,0.25384808682701937,11,336.0,0.258561886399396,23,547.0,0.06733152513150567,9,443.0,0.2774509335585176,9,194.0,0.3095752835170756,10,379.0,0.3120061920935741,19,1228.0,0.10456036188104043,7,660.0,0.16626811167254768,172,7571.0
3585.0,181,1274.0,2.376865671641791,3.4522776980407883,8,304.0,0.2314818101376664,15,251.0,0.18341848720006365,9,761.0,0.1070990924985907,1,3.0,0.3909432028490099,13,982.0,0.28403956368113203,10,878.0,0.1484239836414069,11,181.0,0.28779431931322913,23,495.0,0.13558530337595992,18,247.0,0.15123153202109854,13,390.0,0.21461844008896167,15,541.0,0.17180958035813493,7,422.0,0.34352004866168284,1,178.0,0.4713829155911505,6,270.0,0.3362036962636343,25,1344.0,0.09625861604095265,6,581.0,0.11059159711309409,181,7828.0
3590.0,212,1651.0,3.0238095238095237,3.2518379276235776,9,285.0,0.2334259127121952,22,344.0,0.12494779066252783,14,819.0,0.1905383657006408,5,27.0,0.12474026218365979,14,1045.0,0.2328584096832253,15,945.0,0.1001378224160048,5,155.0,0.25717843372241095,27,622.0,0.04661065755762243,24,357.0,0.12543953078639294,14,396.0,0.16833010341139784,8,581.0,0.27556079367078334,6,309.0,0.27044473797295077,8,202.0,0.43507954827845086,3,235.0,0.25277567441778304,29,1329.0,0.033741596675190555,9,622.0,0.09840148460833742,212,8273.0
3595.0,248,2233.0,4.067395264116575,2.9276440454063013,12,271.0,0.18480097814924154,27,471.0,0.13384760362517728,21,910.0,0.16251773463868646,0,24.0,0.6325544732610245,16,1002.0,0.0896536144710749,22,1044.0,0.06633074741668094,7,134.0,0.15475549919679057,33,779.0,0.01146427806039999,27,492.0,0.12272215164007692,12,321.0,0.21209310412567745,10,625.0,0.3198197488907132,4,323.0,0.18971060812420165,9,196.0,0.21424485057670084,9,271.0,0.20758015405479388,27,1174.0,0.08619124703132795,12,679.0,0.15682513508340643,248,8716.0
3600.0,254,2679.0,4.915596330275229,3.0234707037136763,12,230.0,0.1672919543698206,21,509.0,0.22798505534371755,28,1040.0,0.060144447072581965,0,4.0,0.8539746760843083,18,862.0,0.08161632452283187,22,997.0,0.1168300159637104,14,157.0,0.2880691045444496,33,946.0,0.11835192894216391,27,631.0,0.1490049223395784,8,264.0,0.31409913442571424,11,600.0,0.14078639687476646,9,352.0,0.21633813863212117,10,161.0,0.18765950576628446,9,248.0,0.165714420049461,19,927.0,0.1583812566421889,13,623.0,0.20941700046761683,254,8551.0
