step,system_total_stopped,system_total_waiting_time,system_mean_waiting_time,system_mean_speed,0_stopped,0_accumulated_waiting_time,0_average_speed,1_stopped,1_accumulated_waiting_time,1_average_speed,10_stopped,10_accumulated_waiting_time,10_average_speed,11_stopped,11_accumulated_waiting_time,11_average_speed,12_stopped,12_accumulated_waiting_time,12_average_speed,13_stopped,13_accumulated_waiting_time,13_average_speed,14_stopped,14_accumulated_waiting_time,14_average_speed,15_stopped,15_accumulated_waiting_time,15_average_speed,2_stopped,2_accumulated_waiting_time,2_average_speed,3_stopped,3_accumulated_waiting_time,3_average_speed,4_stopped,4_accumulated_waiting_time,4_average_speed,5_stopped,5_accumulated_waiting_time,5_average_speed,6_stopped,6_accumulated_waiting_time,6_average_speed,7_stopped,7_accumulated_waiting_time,7_average_speed,8_stopped,8_accumulated_waiting_time,8_average_speed,9_stopped,9_accumulated_waiting_time,9_average_speed,agents_total_stopped,agents_total_accumulated_waiting_time
5.0,0,0.0,0.0,13.392941491126772,0,0.0,0.9629677539178735,0,0.0,0.9636673459507578,0,0.0,1.0,0,0.0,1.0,0,0.0,0.9625786079714489,0,0.0,1.0,0,0.0,1.0,0,0.0,1.0,0,0.0,0.9650690397148656,0,0.0,0.9614607621347406,0,0.0,0.9625841899640317,0,0.0,1.0,0,0.0,1.0,0,0.0,1.0,0,0.0,0.9626521072709062,0,0.0,1.0,0,0.0
10.0,0,0.0,0.0,12.930523758838266,0,0.0,0.9438341220696342,0,0.0,0.9465562760859552,0,0.0,1.0,0,0.0,1.0,0,0.0,0.9463468768449889,0,0.0,1.0,0,0.0,1.0,0,0.0,1.0,0,0.0,0.9468742944817181,0,0.0,0.9450950529556518,0,0.0,0.9439857745005534,0,0.0,1.0,0,0.0,1.0,0,0.0,1.0,0,0.0,0.9415523998613962,0,0.0,1.0,0,0.0
15.0,4,7.0,0.175,10.879523467527983,1,2.0,0.7399003946608324,0,0.0,0.9628057277557508,0,0.0,1.0,0,0.0,1.0,1,2.0,0.6081176780765408,0,0.0,1.0,0,0.0,1.0,0,0.0,1.0,0,0.0,0.9432880861687569,0,0.0,0.952038317138391,1,1.0,0.6775942310389788,0,0.0,0.9804050345722489,0,0.0,0.9633051566450972,0,0.0,0.9607772508094046,1,2.0,0.6235782074430783,0,0.0,1.0,4,7.0
20.0,3,12.0,0.21428571428571427,10.804759918966836,3,12.0,0.6891203260417798,0,0.0,0.9495221106528275,0,0.0,1.0,0,0.0,1.0,0,0.0,0.7483491677854718,0,3.0,0.46941373946863424,0,0.0,1.0,0,0.0,1.0,0,0.0,0.9526581844123558,0,0.0,0.9499748769030707,0,0.0,0.81397558697333,0,1.0,0.8126115304179158,0,0.0,0.9563241094772548,0,0.0,0.9590591762497923,0,0.0,0.7576683013395181,0,3.0,0.4686498446174493,3,19.0
25.0,4,29.0,0.4027777777777778,11.74722778883702,4,29.0,0.5785578322458554,0,0.0,0.9560868405307814,0,0.0,0.9633051566450972,0,0.0,0.949195512486435,0,0.0,0.9415518775469456,0,3.0,0.8687199538219096,0,0.0,1.0,0,0.0,1.0,0,0.0,0.965853704639275,0,0.0,0.9944781678179007,0,0.0,0.7971617230282964,0,3.0,0.9398649617106413,0,0.0,0.9292614460547024,0,0.0,0.9390341176755752,0,0.0,0.9623825560728446,0,3.0,0.9110538296275456,4,38.0
30.0,9,63.0,0.7875,11.204910265430406,7,58.0,0.4166325716286,0,0.0,0.9677767452703177,0,0.0,0.9378548289252212,0,0.0,0.9290149080199823,1,2.0,0.7555997696539007,0,3.0,0.9564300629583844,0,0.0,1.0,0,0.0,1.0,0,0.0,0.9695172737016222,0,0.0,0.9543030110998063,1,3.0,0.8371913680761899,0,3.0,0.9454577651378718,0,0.0,0.9540657536916088,0,0.0,0.9817346105144248,0,2.0,0.6577621335990128,0,3.0,0.9469950316143191,9,74.0
35.0,17,124.0,1.2916666666666667,8.94180406839362,8,96.0,0.3924033598767516,0,0.0,0.933396708202906,0,0.0,0.9460960048794158,0,0.0,0.9440167250083874,2,8.0,0.5347612023851165,1,3.0,0.22443858140928805,0,0.0,0.9645770206673789,0,0.0,0.9155639486574677,0,0.0,0.9788300758849402,0,0.0,0.9818887859177683,2,10.0,0.6471011773818773,1,4.0,0.46793472953778986,0,0.0,0.9504431952499847,0,0.0,0.9603243636730481,2,9.0,0.6110448929890534,1,3.0,0.579806457884953,17,133.0
40.0,31,257.0,2.294642857142857,8.557733752667474,10,142.0,0.3852890714431348,0,0.0,0.9518303341419424,0,0.0,0.9661138730780077,0,0.0,0.9261119783579012,4,24.0,0.4509077334069417,4,19.0,0.40785853731579075,0,0.0,0.9759946659158926,0,0.0,0.953784194621558,0,0.0,0.975064160825203,0,0.0,0.958452226068961,4,28.0,0.5560259960971073,0,6.0,0.5202872811065707,0,4.0,0.8173505665995933,0,0.0,0.9150082366829707,5,29.0,0.5672180041831207,4,21.0,0.3210260401191547,31,273.0
45.0,33,241.0,2.0083333333333333,7.4700849138895355,7,130.0,0.35163535051382433,2,7.0,0.5967733353305182,0,0.0,0.642935152214646,0,0.0,0.9468983881393245,6,51.0,0.4243275745026314,4,39.0,0.5295807854851305,1,1.0,0.6416550138075102,0,0.0,0.960410332955147,0,0.0,0.9533407634693778,0,0.0,0.9644547298208556,1,21.0,0.46697221206657263,2,7.0,0.2324921707300916,0,4.0,0.7405652251627598,0,0.0,0.9546095734862455,6,54.0,0.4560377752932827,4,41.0,0.0,33,355.0
50.0,29,212.0,1.5588235294117647,8.069252354465204,2,54.0,0.44173291076187277,0,5.0,0.7715301760174511,1,9.0,0.25889125166697136,0,0.0,0.9682594487691647,8,89.0,0.38644432291205194,4,59.0,0.3074435414181593,1,1.0,0.726170863883458,0,2.0,0.8275900715867412,0,0.0,0.9462861712437332,0,0.0,0.9728485642856184,3,8.0,0.5251149281209033,4,30.0,0.50493863166672,4,17.0,0.5897703569063826,0,0.0,0.961363343901658,2,48.0,0.49828805977444623,0,28.0,0.3664868716000158,29,350.0
55.0,24,240.0,1.5894039735099337,8.625292248641937,2,52.0,0.5035766614998672,0,4.0,0.8972299278936117,1,16.0,0.6831773905000306,0,0.0,0.9497910418798045,10,134.0,0.20565543331612907,4,79.0,0.0,2,7.0,0.4943358262708263,0,2.0,0.9697853939405834,0,0.0,0.9531558620918299,0,0.0,0.9834363188035148,1,9.0,0.5591450032911612,0,19.0,0.7888294346271676,1,16.0,0.34875552647642055,0,0.0,0.9651844854800458,3,16.0,0.4180288058127182,0,6.0,0.8285417268947899,24,360.0
60.0,32,266.0,1.705128205128205,8.274689633790903,7,72.0,0.33642044690334244,2,7.0,0.47608060739621794,1,23.0,0.7837295493203906,0,0.0,0.9534644426096763,12,192.0,0.18533080552685857,0,43.0,0.266804850191851,0,2.0,0.422993916394911,0,2.0,0.9373867535712112,0,0.0,0.9278947967430579,0,0.0,0.9418217025282235,3,15.0,0.672555108986275,1,8.0,0.6454638917462956,4,18.0,0.44728077740294975,0,0.0,0.9682649052999173,2,14.0,0.4987364254285202,0,6.0,0.9183807137056701,32,402.0
65.0,54,488.0,2.9575757575757575,7.380783859267685,11,123.0,0.301275663500365,7,29.0,0.34668727186506226,2,29.0,0.5833522886311825,0,0.0,0.783633158348545,14,257.0,0.2943178292617981,0,0.0,1.0,0,4.0,0.8844024618249446,1,4.0,0.775052025948465,0,0.0,0.9459374881579901,0,0.0,0.9306370255348865,4,34.0,0.6559638661234493,6,23.0,0.36999027087998326,4,38.0,0.3974380946910779,0,0.0,0.705869532830437,4,25.0,0.5080845135784349,1,7.0,0.5706038468720083,54,573.0
70.0,70,626.0,3.4972067039106145,7.102701509130874,13,185.0,0.31967897404649703,7,64.0,0.35457014578368273,5,47.0,0.4916734032894355,2,6.0,0.6061412861152493,10,246.0,0.41141371572776547,0,4.0,0.7544190120881555,0,4.0,0.8780951291012257,1,9.0,0.6544556937435678,0,0.0,0.971541209556897,0,0.0,0.9561691423058402,7,58.0,0.5129058003698663,8,61.0,0.3064068710536835,4,58.0,0.41079715237912656,1,5.0,0.755356365298605,6,49.0,0.49348512259624794,6,20.0,0.3816926539619555,70,816.0
75.0,61,642.0,3.546961325966851,6.488768375600032,15,256.0,0.22069887287520665,2,58.0,0.3862320190241263,5,72.0,0.35888924195914873,0,0.0,0.6435258501831701,4,156.0,0.3086976300329457,0,4.0,0.9141357608607583,2,6.0,0.6047717467658755,0,2.0,0.44333039145968234,0,4.0,0.791830112164333,0,0.0,0.9509213884410928,8,97.0,0.3325522258272384,8,101.0,0.1932152667521883,0,31.0,0.7111769174025121,0,4.0,0.752642230946802,9,89.0,0.47867291163989817,8,58.0,0.43090895750403074,61,938.0
80.0,70,946.0,4.851282051282051,6.772552237279227,17,337.0,0.22846838147826362,3,13.0,0.5176145563460229,5,97.0,0.15792382056014515,0,0.0,0.9629349793138146,1,129.0,0.35910986506524406,0,4.0,0.9076670960959999,4,25.0,0.6200340295883704,0,4.0,0.8778953511271453,2,8.0,0.7267959823378677,0,0.0,0.9589747715743693,10,145.0,0.3844644603157492,8,141.0,0.0,1,2.0,0.41691372740894234,1,7.0,0.7130026033585131,10,137.0,0.41649733204672124,8,98.0,0.415748416689185,70,1147.0
85.0,66,1002.0,4.794258373205742,6.541321358951105,18,424.0,0.22809168630654358,0,4.0,0.5768255721353533,5,126.0,0.14553771056297185,0,3.0,0.4897646282624347,7,149.0,0.3298429716564752,1,6.0,0.5748926150139918,4,45.0,0.5308247361219539,0,2.0,0.9565594678217924,3,20.0,0.6571071507663688,0,0.0,0.9572877616254639,6,135.0,0.3816402921765383,2,131.0,0.21820310216351368,0,7.0,0.5013784783929257,0,4.0,0.6993903678188478,12,191.0,0.3564163719444351,8,138.0,0.2601940070106275,66,1385.0
90.0,70,1084.0,5.065420560747664,6.812968829000085,21,523.0,0.16219189379240556,0,0.0,0.953669394008976,0,73.0,0.6198546244995009,0,7.0,0.7999783203043415,13,202.0,0.32155657854687897,5,24.0,0.5072143010713476,4,65.0,0.3294969113447223,0,0.0,0.908184228842836,2,17.0,0.39388284468752044,0,0.0,0.9684956429855492,2,68.0,0.4665266868819308,0,48.0,0.8386212347437121,0,8.0,0.7438596947437027,1,6.0,0.5134697527548961,14,258.0,0.16575306575459978,8,178.0,0.10536382849581777,70,1477.0
95.0,89,1480.0,6.757990867579909,6.763918574241383,22,631.0,0.1820842796987428,0,0.0,0.9463608604680873,0,4.0,0.8582208347943237,0,7.0,0.9053917754018614,17,281.0,0.2664462914920479,7,59.0,0.36722851971790743,4,85.0,0.0,2,2.0,0.0009754174714091349,7,32.0,0.3627740648962608,0,0.0,0.957404322472345,2,35.0,0.5007746043309205,0,8.0,0.9321398839740359,0,6.0,0.8597780329360558,4,25.0,0.42014876996126294,16,336.0,0.13516106439461592,8,218.0,0.0,89,1729.0
100.0,95,1759.0,7.817777777777778,6.097129064521377,24,748.0,0.1783435274214108,0,0.0,0.9698634311312235,0,4.0,0.6495857454425704,0,4.0,0.7821360721036935,19,371.0,0.21956269062723907,7,94.0,0.11846900425490396,4,105.0,0.317823297661525,2,12.0,0.3495218817821184,7,67.0,0.3454380681526696,0,0.0,0.9656122130189575,6,53.0,0.4073419806065526,1,5.0,0.5583169135272665,1,8.0,0.653506406666685,4,45.0,0.41333747869389653,18,422.0,0.26860286383363097,2,183.0,0.433804506204247,95,2121.0
105.0,96,1950.0,8.74439461883408,5.7477154614030965,26,875.0,0.12371513644917988,0,0.0,0.9583542210573874,0,4.0,0.8820486950851532,3,8.0,0.3606359801200242,20,470.0,0.05414408697859126,1,77.0,0.18535578725901947,4,129.0,0.485884532071243,0,0.0,0.8854238823792412,1,58.0,0.48505899388767765,0,4.0,0.7339869888973787,10,99.0,0.3579420698885512,6,25.0,0.35981994161111786,6,23.0,0.30434539860737403,0,25.0,0.6485979362882792,19,517.0,0.3006213081837568,0,59.0,0.8016783527824286,96,2373.0
110.0,109,2291.0,9.832618025751072,6.1450760884910345,27,1009.0,0.11809241520406004,0,0.0,0.9614830494754112,0,4.0,0.935677222608897,5,29.0,0.00022916932615787465,17,468.0,0.21779451391889784,1,23.0,0.45427209068891267,4,149.0,0.6386661327985871,0,0.0,0.8860923751446768,2,15.0,0.5089443684259906,0,4.0,0.9146256158111552,12,156.0,0.27133318515482846,8,64.0,0.3471681650188094,8,62.0,1.9138194559508195e-05,2,5.0,0.584666643039545,21,616.0,0.2268223386759287,2,66.0,0.681189037729116,109,2670.0
115.0,94,2159.0,8.921487603305785,6.050006658404832,30,1154.0,0.14128442982964942,0,0.0,0.9621586969652688,1,1.0,0.6466649068527421,5,58.0,0.3718861436339137,8,361.0,0.3489309700594157,1,6.0,0.8113452469862751,4,169.0,0.5379937182111881,0,0.0,0.8410586994079559,0,2.0,0.5407065111500049,0,4.0,0.9200542896064284,15,225.0,0.2609850514839564,3,64.0,0.35533699921564593,8,106.0,0.08646286202925589,0,1.0,0.5886012397172369,17,606.0,0.2184013572247437,2,78.0,0.46639856725524576,94,2835.0
120.0,89,2017.0,8.300411522633745,5.6995079514830636,32,1308.0,0.08769495015318578,0,0.0,0.9590379265190371,1,6.0,0.13066616816104512,5,83.0,0.6066230343260828,6,393.0,0.21648455616222817,1,11.0,0.846130852411325,7,196.0,0.06908032708429043,1,1.0,0.4149488265598229,0,0.0,0.9431891844432132,1,5.0,0.518978293421208,16,302.0,0.17599674181037073,4,33.0,0.3181910985073334,2,101.0,0.6152150957023541,0,4.0,0.7605117845970208,11,475.0,0.2691824838068289,2,90.0,0.5949031462689984,89,3008.0
125.0,93,2253.0,8.94047619047619,5.446853846267228,33,1470.0,0.10756183360584079,0,0.0,0.8750060472635051,1,6.0,0.28060474672999247,6,110.0,0.4380125478819508,9,433.0,0.15807636051610383,2,18.0,0.2917962702929221,10,240.0,0.27168344641005054,2,9.0,0.00020322465728276633,0,0.0,0.9623298698927615,2,10.0,0.4312987376478624,18,388.0,0.20032275865442947,2,28.0,0.24092324401728754,0,22.0,0.8446941667728874,1,5.0,0.7937706077933337,5,452.0,0.2786213874696854,2,104.0,0.6418345966031791,93,3295.0
130.0,114,2749.0,10.73828125,5.120000475010205,35,1643.0,0.09805286621230104,1,3.0,0.6017517026561664,1,11.0,0.6484034948525156,10,150.0,0.15479048484439115,15,496.0,0.2370999074711013,7,46.0,0.0004647617063217578,10,290.0,0.4399541444904029,0,0.0,0.9523035793289112,0,0.0,0.970838221416142,2,11.0,0.49110346541549554,19,483.0,0.21904840171577192,1,19.0,0.44293008354961594,0,4.0,0.5672406062109809,2,13.0,0.6601487659282971,7,480.0,0.2668722279665152,4,117.0,0.4072127152776281,114,3766.0
135.0,140,3367.0,13.101167315175097,4.500796797164651,36,1823.0,0.0726205992577417,0,3.0,0.5375721046665903,1,16.0,0.7503110742893543,10,201.0,0.03252562475810072,21,590.0,0.25776339110489205,7,81.0,6.067806337298379e-06,10,338.0,0.3407094651059389,0,0.0,0.9498631997338473,0,0.0,0.9576393927116348,1,10.0,0.40479962361354,21,587.0,0.2118137737814163,1,24.0,0.3246876807216434,7,23.0,0.2948675925264189,2,9.0,0.37868371873442586,15,537.0,0.1547876613207377,8,153.0,0.41364434887580587,140,4395.0
140.0,134,3006.0,11.300751879699249,4.737926450123823,31,1803.0,0.0983270322091345,0,2.0,0.8064001345583242,1,21.0,0.7999241221401786,4,170.0,0.32964016418152436,26,711.0,0.16434830142676607,1,67.0,0.3979818385978894,4,248.0,0.1466022904073336,0,4.0,0.7200059116653019,0,0.0,0.9596135000739472,1,5.0,0.6699626988248307,24,700.0,0.1227908473662611,0,2.0,0.8528050288648146,7,57.0,0.21203300401559927,6,30.0,0.3806120071470888,20,628.0,0.16769674779550478,9,194.0,0.3032511093898784,134,4642.0
145.0,132,2741.0,10.114391143911439,5.541433960720229,24,1590.0,0.1475680223603535,0,4.0,0.8988944719161831,1,26.0,0.7470076736959896,0,61.0,0.6590409611725404,28,850.0,0.09359798553508376,0,14.0,0.8035097047399767,4,99.0,0.6003941516731444,1,5.0,0.6461001702104424,0,0.0,0.9838029046388694,1,1.0,0.6307370428809902,25,823.0,0.055348409903130384,0,2.0,0.9169390649391093,7,94.0,0.3466098279116979,7,65.0,0.4377085522817912,25,744.0,0.18296826547693437,9,239.0,9.169130636704153e-07,132,4617.0
150.0,132,2744.0,10.200743494423792,4.985304730645719,16,1682.0,0.15752606855540674,0,4.0,0.9002434857160448,1,33.0,0.5675633778732274,2,50.0,0.46779015831804405,31,998.0,0.06935693532861327,1,18.0,0.7573278962328138,3,102.0,0.6507548076893076,2,15.0,0.6932458692005721,0,0.0,0.9278835578478812,3,11.0,0.45752649473548246,27,956.0,0.03452422015454997,0,0.0,0.7365746869969343,7,129.0,0.40667421666557757,7,96.0,0.25466074749415907,29,882.0,0.099005303757489,3,132.0,0.2254348956172897,132,5108.0
155.0,137,2953.0,10.816849816849818,4.710445464747755,16,1761.0,0.16838936505582133,2,8.0,0.4835042575463751,1,7.0,0.7727453972051498,3,67.0,0.5788309130377823,32,1154.0,0.1332450050353992,1,23.0,0.6236484779283658,6,111.0,0.3352533485433449,2,4.0,0.6032829342952908,0,0.0,0.9429112953061257,0,6.0,0.5286712947497163,29,1099.0,0.15514375610476888,0,0.0,0.9189443330109089,8,166.0,0.31520961683281074,7,135.0,0.10307861346175966,30,1029.0,0.027241690988064865,0,52.0,0.7345874510668355,137,5622.0
160.0,149,3504.0,12.425531914893616,4.856579103490609,14,1826.0,0.17502552969870433,0,3.0,0.4757813558446825,1,12.0,0.8210832868802048,3,82.0,0.6291847405706379,34,1322.0,0.10121496347840779,1,28.0,0.0,10,155.0,0.16527416690891325,5,23.0,0.16678646801535846,0,2.0,0.8733212553391372,0,0.0,0.8923875024537297,31,1249.0,0.20864475759083814,1,1.0,0.4936658717819757,8,206.0,0.25815541719059437,7,170.0,0.40782876903968796,32,1184.0,0.022019069127716142,2,55.0,0.6195845046483155,149,6318.0
165.0,161,4081.0,14.47163120567376,4.139179823547496,20,1917.0,0.13040383381972853,3,12.0,0.4260260386020834,2,7.0,0.4897624832815296,3,95.0,0.25496160626226,36,1499.0,5.806099272647323e-05,0,0.0,0.9570671246935006,10,209.0,0.09213527939763896,5,48.0,0.4690486181878165,1,5.0,0.68598141393189,1,3.0,0.6948094782386597,32,1405.0,0.10936479505102853,2,8.0,0.23445051767060324,2,166.0,0.2977429072572369,7,203.0,0.45572334330759123,34,1349.0,0.0796989812144836,3,70.0,0.42513731622570927,161,6996.0
170.0,174,4848.0,17.314285714285713,3.969528448671082,27,2038.0,0.08445962332760092,0,8.0,0.5595938078671836,6,30.0,0.09560607385870103,4,111.0,0.45749171796571403,36,1679.0,0.0,0,0.0,0.9169452596405023,10,259.0,0.3692315970776357,5,73.0,0.5310992525080241,3,14.0,0.7115645501873321,2,10.0,0.5147511797304486,35,1574.0,0.10214411412256896,0,6.0,0.3988531537069653,1,46.0,0.4307878018785777,7,240.0,0.49920904744036404,35,1523.0,0.13296291163968188,3,89.0,0.15239307147174475,174,7700.0
175.0,165,5300.0,18.928571428571427,3.9153911393848464,32,2190.0,0.09787115790533171,0,0.0,0.8734763895333886,1,32.0,0.18988990593926805,4,133.0,0.5780910778088338,30,1669.0,0.06440457652314147,0,2.0,0.7322742736675023,10,309.0,0.35492914813691184,5,98.0,0.3509337025150001,0,4.0,0.5986893501555269,0,3.0,0.6390611893340825,36,1752.0,0.09558198999392907,0,4.0,0.835204747643277,1,19.0,0.12872164014159354,7,277.0,0.4094887592648148,36,1703.0,0.14909063168632433,3,104.0,0.468094177147238,165,8299.0
180.0,158,5190.0,18.469750889679716,4.4432061281108375,36,2369.0,0.09617507737469727,0,0.0,0.8950550240728301,1,7.0,0.7308550268301959,4,155.0,0.5730731108191545,22,1476.0,0.1856427429256582,0,4.0,0.81699615256048,6,246.0,0.1528254622650005,5,127.0,0.39668639388939725,4,11.0,0.43102822000776264,0,0.0,0.7860047789926271,36,1932.0,0.07198976860907846,0,4.0,0.9130108859541177,1,27.0,0.7364940165693762,4,219.0,0.33988509676364764,36,1883.0,0.09378070866785429,3,117.0,0.38664481950225094,158,8577.0
185.0,141,5089.0,17.793706293706293,4.971808291087525,32,2307.0,0.1128485064715389,2,7.0,0.5855065615186688,0,6.0,0.7440133987592508,4,175.0,0.49766493580610227,16,1569.0,0.21172210280150996,0,4.0,0.9000429448640748,5,93.0,0.1826978094670255,5,152.0,0.6550450934325878,4,31.0,0.47341000807360073,1,1.0,0.6978657712122501,36,2112.0,0.049117867738681605,0,0.0,0.8827725159516729,0,4.0,0.8856163902217945,0,55.0,0.5377554752584958,36,2063.0,0.11512647014981842,0,40.0,0.7451360565930466,141,8619.0
190.0,121,3911.0,13.486206896551725,4.357787600574368,24,1994.0,0.14294805482119816,0,4.0,0.7056404826280344,0,4.0,0.9617589981448914,0,77.0,0.24113348143806035,15,1646.0,0.15026819967054442,2,8.0,0.26721278113872454,1,96.0,0.344590117476897,5,177.0,0.6250677499422818,1,20.0,0.5184450150819381,3,14.0,0.47923758539812045,31,2075.0,0.04176409732201974,2,12.0,0.30662218631440114,2,8.0,0.4415839998604351,1,57.0,0.35521966568578756,33,2024.0,0.08230163133906943,1,7.0,0.6947082672186347,121,8223.0
195.0,104,2437.0,8.550877192982457,4.600998863649991,16,2084.0,0.14369476610011245,0,4.0,0.9219088103755357,0,6.0,0.8140051198754462,0,0.0,0.6986637893041133,17,1719.0,0.0713568664950334,0,5.0,0.12082814311942233,4,102.0,0.44548134676300677,3,118.0,0.14644014803571087,3,11.0,0.4274623430267221,0,12.0,0.6655666480013486,24,1838.0,0.078645964146118,2,22.0,0.7267486800248241,0,3.0,0.11178634814103146,7,82.0,0.13494588226932583,26,1777.0,0.07474100680683878,2,13.0,0.6141360332259126,104,7796.0
200.0,82,1472.0,5.146853146853147,5.3489540508939815,14,2157.0,0.17294187397274596,2,7.0,0.56039396699364,0,4.0,0.8563416600852,4,6.0,0.589116808736189,16,1629.0,0.06443996932439483,1,7.0,0.3016526571781859,1,47.0,0.5942989581663107,3,22.0,0.3543786013271715,0,7.0,0.525086605416749,0,4.0,0.9013163981590218,17,1929.0,0.18975255482457787,0,8.0,0.8496910855435243,0,4.0,0.46711019764617623,8,121.0,0.36349511257379624,16,1687.0,0.1366861860455626,0,10.0,0.63904660167454,82,7649.0
205.0,81,689.0,2.426056338028169,5.657219208720063,15,2223.0,0.19723837842551903,1,6.0,0.41887549510858174,0,2.0,0.9322194410289656,4,26.0,0.45898821259153627,15,1364.0,0.18664246754190372,1,16.0,0.7709589664318865,2,15.0,0.6505751261018893,2,19.0,0.566999925640524,0,2.0,0.8650703983155039,2,7.0,0.523042480741676,15,2004.0,0.23981473397277328,2,9.0,0.6335202303162452,2,8.0,0.6304208523742557,8,161.0,0.4709516503992673,11,1738.0,0.1664903764534062,1,10.0,0.5679755582881398,81,7610.0
210.0,99,708.0,2.501766784452297,5.05797082991226,19,2313.0,0.13798367783521762,2,11.0,0.49044761469596904,0,0.0,0.9828991216813094,5,48.0,0.24007845651515922,14,1432.0,0.1941670576590566,0,7.0,0.9311964976435231,1,7.0,0.4689013904798185,5,38.0,0.5884849811454659,1,6.0,0.7764408481648779,0,5.0,0.5552273928472043,15,2065.0,0.17707779745379434,6,29.0,0.22013081908136908,2,18.0,0.6430362325399555,8,197.0,0.3250694061498537,15,1795.0,0.225211987042162,6,29.0,0.4412436634155707,99,8000.0
215.0,115,915.0,3.0912162162162162,4.04805933367822,28,2434.0,0.08383064903140437,0,4.0,0.5527148177172047,0,0.0,0.05423342990974843,1,41.0,0.4484459350488006,14,1501.0,0.1486860616032206,0,4.0,0.5191242214863596,5,20.0,0.3577017549037785,3,38.0,0.1762898806978982,2,13.0,0.6631213196007627,3,10.0,0.5382099028814167,21,2159.0,0.17110344326744142,6,61.0,0.05051376230517415,0,5.0,0.2027555511872286,4,141.0,0.08143145089757634,20,1879.0,0.19974090600692757,8,64.0,0.4222771555503589,115,8374.0
220.0,123,1240.0,4.119601328903655,4.567350653109518,34,2590.0,0.07492893244538322,0,0.0,0.9002753838125965,2,18.0,0.5661255430930019,0,3.0,0.7603791497708307,15,1564.0,0.16928975645366465,5,22.0,0.3115112237675517,0,17.0,0.2843935956179942,5,21.0,0.16870658490669474,1,11.0,0.4615469740216071,0,6.0,0.5939467644914631,28,2285.0,0.12138538990974383,0,48.0,0.5770890820290004,0,4.0,0.3963001895621617,5,68.0,0.20287132717535755,26,1997.0,0.15187949694842703,2,62.0,0.3808900194555162,123,8716.0
225.0,152,1819.0,6.104026845637584,4.660084332699943,36,2769.0,0.09282274546878448,2,4.0,0.47576328283490216,2,28.0,0.7706479094685407,1,10.0,0.2962872007365672,22,1660.0,0.166089520632745,0,23.0,0.24871041993878865,3,9.0,0.1258673317381072,4,35.0,0.4417221283281687,6,25.0,0.3592019181153835,0,0.0,0.8237724178575606,36,2447.0,0.052010427530809505,0,4.0,0.8514358857079936,0,8.0,0.8697939227215533,2,69.0,0.5015798028089212,33,2145.0,0.13528521876580518,5,32.0,0.11494815342840818,152,9268.0
230.0,147,2276.0,7.821305841924398,4.58111512276166,32,2658.0,0.11001305373346526,3,21.0,0.40897664457996935,0,8.0,0.618944908231812,1,15.0,0.7200943319938954,27,1785.0,0.11949181045757766,2,11.0,0.22688931979601504,0,13.0,0.6779741019522323,4,40.0,0.5933601229497019,0,24.0,0.5619065894676779,1,6.0,0.5241544537817978,36,2627.0,1.7550152696604235e-05,0,0.0,0.5068384612301587,0,8.0,0.9056473153005212,2,59.0,0.678337839532807,36,2319.0,0.13347548808921714,3,48.0,0.21276838606173218,147,9642.0
235.0,139,2263.0,7.75,4.657402799150241,25,2278.0,0.15253914651246922,0,17.0,0.6432686487894248,1,5.0,0.48133921327202356,1,20.0,0.8190273106740784,34,1943.0,0.07289488660364012,0,7.0,0.7319886374823589,0,8.0,0.8770538389547485,6,65.0,0.2852801681533514,2,4.0,0.5870387219380669,3,18.0,0.6659342213029803,30,2546.0,0.016629575494494012,0,6.0,0.42382903732991317,2,6.0,0.5521080429757441,2,65.0,0.4212506967899564,31,2254.0,0.08575184913693727,2,40.0,0.624636277905134,139,9282.0
240.0,122,1979.0,6.824137931034483,4.873450415270715,16,2245.0,0.1739912012952608,0,4.0,0.848976266607306,6,24.0,0.5006192643191578,1,21.0,0.7648581264991359,36,2122.0,0.025937326510674458,0,4.0,0.8948677293725215,1,10.0,0.6152933421103233,5,63.0,0.25660781444632147,0,2.0,0.5775831392960895,0,11.0,0.6772211038528605,22,2200.0,0.08706427040472935,0,8.0,0.8268506440016764,5,25.0,0.062443804055798295,2,79.0,0.1903558979602395,26,1957.0,0.062306459477706244,2,49.0,0.7347418681349601,122,8824.0
245.0,104,1568.0,5.333333333333333,5.385648162342443,13,2307.0,0.1988529197569655,1,6.0,0.5807666572376733,6,54.0,0.4059458613733057,1,26.0,0.685499122576179,30,2067.0,0.05396908452806704,0,4.0,0.7946491528061849,6,28.0,0.47862659106611666,4,34.0,0.5543341283036811,0,0.0,0.9530275597635142,1,5.0,0.47475455431241775,17,2294.0,0.20442591981387664,0,8.0,0.91718000128421,6,57.0,0.4136135854513234,0,4.0,0.8145996109066272,17,2050.0,0.09376943155789229,2,59.0,0.6499196236546267,104,9003.0
250.0,88,1146.0,3.8716216216216215,5.412192109928227,14,2374.0,0.19012502607453208,0,4.0,0.4324578977972173,6,86.0,0.17388234550768897,1,31.0,0.0,23,1784.0,0.18451172715574568,0,4.0,0.8483234975138093,6,58.0,0.45729683452749825,1,22.0,0.5330496379550442,0,4.0,0.6256809667100349,2,9.0,0.36348938342845505,15,2376.0,0.2690600847958402,0,0.0,0.6816373353125231,6,87.0,0.5279820603606311,0,4.0,0.9244028757615238,14,2107.0,0.08171248971323931,0,4.0,0.44664746855741544,88,8954.0
255.0,100,1071.0,3.57,5.523631291699836,20,2460.0,0.11997746579621978,2,5.0,0.568257765745816,6,118.0,0.501112497122065,1,36.0,0.5512241590722164,17,1875.0,0.19940127878527458,0,4.0,0.6349627082380721,6,88.0,0.47418517275310795,2,17.0,0.42484750297856966,2,10.0,0.7384953536773727,4,19.0,0.3502880106893892,15,2447.0,0.22780965289505473,4,10.0,0.32288463871775663,6,113.0,0.35207460297351356,0,0.0,0.847498536595676,15,2174.0,0.15490906069709776,0,0.0,0.8451539186531962,100,9376.0
260.0,104,1119.0,3.7176079734219267,5.089573570851685,27,2584.0,0.0891160647230554,1,4.0,0.5240891094250003,6,148.0,0.5711443534498968,0,0.0,0.9368079489638244,13,1945.0,0.10443512348465896,4,10.0,0.3213556767508679,0,66.0,0.5199884503840594,2,27.0,0.3559585561234998,0,4.0,0.7487512980374027,0,14.0,0.46547251677533347,21,2541.0,0.16875808162908323,1,12.0,0.19564393862163773,8,153.0,0.11777209629769264,0,2.0,0.43615154938237166,20,2266.0,0.19120744326057282,1,2.0,0.7948427435707498,104,9778.0
265.0,120,1297.0,4.381756756756757,4.910886658463638,28,2442.0,0.10782528872932484,1,9.0,0.6440966233559031,9,185.0,0.3171082428420368,0,0.0,0.6306099059921534,15,2009.0,0.12625720605103052,1,14.0,0.6044782218661957,2,8.0,0.4231565032174676,2,41.0,0.6052560156769538,3,10.0,0.49754826944342634,0,0.0,0.76681090090816,29,2672.0,0.10030834747664012,1,10.0,0.686474327682237,2,123.0,0.6103939652791436,0,6.0,0.697916270516832,26,2386.0,0.15308954233561883,1,7.0,0.5784012380942062,120,9922.0
270.0,147,1722.0,5.979166666666667,4.8860952254496635,24,1917.0,0.145824017458248,1,14.0,0.7834568230214185,13,247.0,0.09031557259413317,4,9.0,0.103790211967474,23,2106.0,0.17040792699665314,1,6.0,0.7687242389225079,0,11.0,0.631521545573685,2,51.0,0.6748193998479743,6,34.0,0.322920752118004,0,0.0,0.9472126296294072,35,2832.0,0.0007054274637647673,0,4.0,0.8603910605042789,0,22.0,0.7669944841703048,0,6.0,0.8693745966465979,36,2547.0,0.1520993986168977,2,5.0,0.13027914247893746,147,9811.0
275.0,147,2232.0,7.72318339100346,4.490289115670593,17,2009.0,0.1753563586815833,1,19.0,0.8135492248510481,13,312.0,0.12107093891752542,0,15.0,0.3392366741080839,30,2237.0,0.14093025571333176,1,11.0,0.5601557614428468,3,6.0,0.49776488438829447,0,4.0,0.1822397351901203,6,64.0,0.32167237106962987,0,0.0,0.9494045308309014,36,3014.0,0.010275618155251052,0,0.0,0.8543783181804618,2,15.0,0.40619740233852686,0,4.0,0.7919794549230906,36,2726.0,0.0920036993868773,2,15.0,0.5666894716404215,147,10451.0
280.0,138,2308.0,7.797297297297297,4.78541677375911,14,2081.0,0.19653543408586685,2,26.0,0.4470660408645422,13,377.0,0.2963290825046301,0,0.0,0.9153183496869377,36,2408.0,0.09524354008632611,2,4.0,0.12821150726644032,5,32.0,0.3584029904594927,0,4.0,0.7468207821694495,0,49.0,0.5010261464543668,0,2.0,0.8521202501036452,30,2889.0,0.14522460457992312,0,4.0,0.7519454428148544,5,38.0,0.34489088135267143,1,6.0,0.577553707716068,30,2626.0,0.02941456773371238,0,6.0,0.7892114496387,138,10552.0
285.0,126,2160.0,7.397260273972603,5.171262342957843,10,1874.0,0.1922839355347089,8,59.0,0.2893846881456504,14,446.0,0.29798223524799433,0,0.0,0.7418796736498596,36,2588.0,0.026261435966030852,2,16.0,0.6181948783566443,1,28.0,0.2788490201686932,0,8.0,0.844501725430646,1,3.0,0.49842779684379274,0,4.0,0.8969444231345726,22,2336.0,0.1933025470226987,0,4.0,0.8737614411304303,0,25.0,0.45172842807187086,6,29.0,0.363369801044303,26,2153.0,0.06292921294869865,0,4.0,0.9019369414803955,126,9577.0
290.0,111,1972.0,6.684745762711865,5.311985836834527,9,1436.0,0.24200812426681861,8,99.0,0.5031983151207106,14,516.0,0.14477864654739359,3,10.0,0.348169145899994,31,2503.0,0.03964974664804053,0,6.0,0.8527697494353708,4,20.0,0.5271819890584726,0,4.0,0.8437110588205184,3,16.0,0.43905652445201737,0,4.0,0.9098836370358342,15,2284.0,0.1471390500286437,0,4.0,0.8429938313909852,1,3.0,0.01009759224057529,7,65.0,0.5167572942552875,16,2238.0,0.13336509223123663,0,4.0,0.8572704652614206,111,9212.0
295.0,84,1518.0,5.145762711864407,5.142749170200789,3,1222.0,0.24923798812414247,8,139.0,0.4627059257960167,14,588.0,0.036772537596119516,3,21.0,0.2086674250129766,23,2143.0,0.15495170292602597,0,4.0,0.846274576159918,0,15.0,0.5541703487604429,0,8.0,0.7199984285885133,0,11.0,0.5385925624089604,1,7.0,0.5262502487052645,10,2347.0,0.12598145420135304,2,5.0,0.5715164379347203,0,2.0,0.8453883265077538,7,100.0,0.4854560241304972,12,2294.0,0.21792174813867615,1,5.0,0.399242599724378,84,8911.0
300.0,79,991.0,3.359322033898305,5.296367288902225,6,1248.0,0.20704087320329023,12,189.0,0.1644701874677551,8,519.0,0.17535331180389857,0,11.0,0.44731616352048076,14,1647.0,0.22380371605622093,0,4.0,0.8794793041805354,1,6.0,0.5990048937803586,0,4.0,0.7564845908502578,0,0.0,0.853670120766352,1,8.0,0.4067835168281135,13,2404.0,0.24281500397140812,0,6.0,0.49054085752944865,0,4.0,0.876701762873561,4,91.0,0.17816364412762697,15,2359.0,0.19832019192958622,5,27.0,0.1116913559262982,79,8527.0
305.0,93,889.0,2.914754098360656,5.598225339328232,14,1298.0,0.2119308043542914,16,262.0,0.19370052496946238,0,286.0,0.3854001870069569,1,11.0,0.4987159282204183,6,1569.0,0.3011075655026475,0,4.0,0.5357841337954582,1,11.0,0.39269955498550785,0,4.0,0.89510968897082,0,0.0,0.9546186468904888,2,11.0,0.5334960804894208,20,2493.0,0.2140322698447297,2,10.0,0.671137896279368,1,5.0,0.6697762400731648,3,46.0,0.25922761756837565,20,2449.0,0.06292662233253171,7,60.0,0.3556505359347622,93,8519.0
310.0,126,1270.0,4.110032362459547,4.740123740179451,20,1381.0,0.15004903441204834,16,342.0,0.192018394020671,2,288.0,0.3279756609966868,6,36.0,0.45996723515698906,7,1593.0,0.2965380017961411,6,23.0,0.06810768900865226,1,16.0,0.5431168771318465,0,0.0,0.5584696300699828,0,0.0,0.9570216289522825,0,3.0,0.6210136614503988,26,2607.0,0.1583588894911645,1,2.0,0.5183202102877329,6,24.0,0.5250206373738892,1,29.0,0.1863985739429114,27,2570.0,0.08384345945768275,7,95.0,0.41714647429723617,126,9009.0
315.0,153,1580.0,5.231788079470198,4.405083776859061,27,1501.0,0.08878525242913042,11,325.0,0.21366043563459708,8,316.0,0.4368667023023397,1,33.0,0.4764055025470796,14,1648.0,0.22677233554122805,12,71.0,0.23459848829527494,0,0.0,0.9365518209139513,0,4.0,0.4019016487520166,0,2.0,0.8060053545478211,0,0.0,0.898451746918454,32,2762.0,0.09943096754767625,3,12.0,0.2735374402829058,6,54.0,0.4194707448603419,4,36.0,0.5140022168882072,28,2427.0,0.1676343074181215,7,128.0,0.1480677681293147,153,9319.0
320.0,146,1714.0,5.771043771043771,4.257018811818409,27,1397.0,0.0977892292190381,3,223.0,0.3629927511294168,8,356.0,0.4058587462112211,5,20.0,0.4188794186368745,20,1734.0,0.0773123562945048,12,131.0,0.3139391359296613,0,0.0,0.811948836799998,0,6.0,0.8428443118891991,0,4.0,0.7797351154412261,0,0.0,0.9194192955790434,36,2941.0,0.050642149606760306,0,10.0,0.1309076373795241,1,49.0,0.33358157361509233,4,58.0,0.5837476277690179,23,2007.0,0.214166451739331,7,169.0,0.39868639726121086,146,9105.0
325.0,138,1856.0,6.125412541254126,4.54721447034163,24,1002.0,0.16427500751626473,3,193.0,0.5084945434483713,8,396.0,0.19026629099795384,1,19.0,0.5799767144962131,26,1856.0,0.04158140125289356,12,191.0,0.1899784503633795,0,0.0,0.9425293805563995,0,6.0,0.9064555524041227,3,9.0,0.723207700712655,0,0.0,0.952571382992867,31,2795.0,0.026320181060160933,0,8.0,0.4411190202413482,2,15.0,0.42370823262592955,4,76.0,0.6646972109309799,17,2102.0,0.1524033157437885,7,204.0,0.5002304312010635,138,8872.0
330.0,131,1791.0,5.930463576158941,4.3514582936160515,14,993.0,0.2035297098582489,8,215.0,0.39393481303759936,8,438.0,0.04927835840831481,4,17.0,0.3841700066447148,32,2006.0,0.1343792529420115,12,251.0,0.0,0,0.0,0.9266560264879405,1,3.0,0.4246046832431516,1,7.0,0.4569520774073339,0,0.0,0.9393605428183186,24,2335.0,0.08716360577282993,0,8.0,0.8503601755872033,2,11.0,0.17788516915481595,1,43.0,0.6674036396469035,14,2177.0,0.1091266363853947,10,245.0,0.29286010270195184,131,8749.0
335.0,124,1698.0,5.47741935483871,4.648710569415175,12,1054.0,0.20555421841851254,13,270.0,0.1881516845773113,2,340.0,0.41302918240874786,1,21.0,0.17190801480188847,30,1904.0,0.1920446476237419,12,315.0,0.20791194788276107,0,0.0,0.7632474774571749,1,8.0,0.0,5,19.0,0.3819942869059991,0,0.0,0.7712604096701416,16,2140.0,0.23185366862952847,0,8.0,0.927991894254709,2,23.0,0.6443678247212022,2,10.0,0.44855707425507535,15,2246.0,0.08011549888759845,13,306.0,0.0633253725330579,124,8664.0
340.0,111,1421.0,4.55448717948718,4.907136175620762,9,924.0,0.23699231207740132,17,353.0,0.22738351637594373,0,105.0,0.7460880272664271,0,10.0,0.6118818460085091,24,1543.0,0.15883796982192175,6,296.0,0.49875577864219084,3,9.0,0.13837200852145173,0,4.0,0.8343297863832321,0,20.0,0.5007922399326901,1,5.0,0.7677637943867985,13,2208.0,0.262386272009746,1,3.0,0.6435947309125442,0,4.0,0.9195240585786781,1,11.0,0.39575704898725655,23,2346.0,0.08307547177518171,13,371.0,0.11242669394031776,111,8212.0
345.0,106,1107.0,3.6176470588235294,4.643375285233413,5,657.0,0.23134239116843494,17,438.0,0.3235963999149909,2,108.0,0.23201176750065608,0,8.0,0.8992719817516422,19,1638.0,0.09162362232786499,0,178.0,0.45369152466256146,0,16.0,0.5687669031139585,0,2.0,0.7807347168889873,2,7.0,0.4243232331602144,1,14.0,0.7788699159069293,14,2265.0,0.17285306227459563,5,15.0,0.3451414799122735,1,6.0,0.26920405408388987,2,15.0,0.6212805887200097,31,2484.0,0.12099920240979295,7,326.0,0.39763669077397656,106,8177.0
350.0,108,1209.0,3.8380952380952382,4.694061632314635,6,674.0,0.19437282198021288,18,524.0,0.21350359222354143,2,122.0,0.6153636537067595,1,10.0,0.5386258474097362,12,1705.0,0.1534246643615257,3,156.0,0.19476296775901017,0,2.0,0.8534336652216585,0,0.0,0.7868743394612537,0,5.0,0.5422626755486217,1,19.0,0.8644164706858576,20,2352.0,0.09091581538289661,7,47.0,0.40617816285953484,0,9.0,0.22921959698710595,2,9.0,0.6059173579136892,36,2647.0,0.15027546648269613,0,109.0,0.560417041406388,108,8390.0
355.0,128,1470.0,4.468085106382978,4.52176479864687,11,718.0,0.17422841713835505,23,627.0,0.16942423603419912,2,132.0,0.7330653429377046,0,9.0,0.15908356755531847,14,1770.0,0.1517812115684157,10,191.0,0.07284855316703563,1,3.0,0.49763445198993495,0,0.0,0.6851717010214778,0,0.0,0.9456697290811007,0,2.0,0.6126306611548807,26,2469.0,0.14662020916155616,2,47.0,0.3788760042862272,1,12.0,0.6707889574335647,4,21.0,0.33608264322913356,31,2494.0,0.11265138120715143,3,117.0,0.20675611700136565,128,8612.0
360.0,156,1832.0,5.585365853658536,4.272698391808652,15,781.0,0.1573115687664383,23,742.0,0.11065727773119685,3,143.0,0.5112421432443895,6,24.0,0.000811398764698534,15,1608.0,0.0685445860323982,11,250.0,0.3107907577084425,5,17.0,0.008979108080073895,2,2.0,0.007555820870372948,0,0.0,0.6762074976357996,2,7.0,0.5359086568569839,32,2617.0,0.15201690373055993,5,23.0,0.43523886948437135,1,17.0,0.8228387750302695,6,45.0,0.007550345594056409,24,1879.0,0.06825952221688775,6,141.0,0.4536579628870233,156,8296.0
365.0,156,2200.0,6.918238993710692,4.095615254848577,22,877.0,0.13329664361796523,23,857.0,0.11086947414204683,8,170.0,0.2947384289292245,6,56.0,0.07328624877376612,13,1290.0,0.10870684106128178,11,305.0,0.4979317072919518,7,50.0,0.347644447336492,3,17.0,3.56063842973277e-05,3,8.0,0.5491328947644418,0,3.0,0.5799276065299525,36,2786.0,0.11089855174734628,0,15.0,0.6017132162605098,1,18.0,0.8079103875360197,1,40.0,0.18724649474489483,16,1973.0,0.15974691265566415,6,175.0,0.3905637055376549,156,8640.0
370.0,138,2023.0,6.381703470031546,4.1490306763525355,28,1009.0,0.1025106354101774,17,818.0,0.1709484598503493,9,215.0,0.4014931281948659,0,48.0,0.575523709249012,14,1251.0,0.2195393923418681,12,361.0,0.335202333188221,7,85.0,0.4311502128311248,0,12.0,0.33154827860046543,0,8.0,0.5959457591408174,0,0.0,0.9069753246848717,34,2623.0,0.09747456043158705,0,2.0,0.7199572050605682,1,27.0,0.29802625066453825,0,8.0,0.8119841222645346,13,2031.0,0.18654519310673043,3,131.0,0.3591924240663511,138,8629.0
375.0,132,1656.0,5.273885350318471,4.655017944431285,35,1170.0,0.09911852665566848,9,579.0,0.22248213453376608,3,94.0,0.5420087170301467,0,6.0,0.8191713316351587,14,1319.0,0.27204383811277905,16,434.0,0.005180288507693403,3,77.0,0.2572064520683914,0,8.0,0.7456673897805686,0,4.0,0.874967745125278,1,2.0,0.5994433006282659,26,2134.0,0.13187883002877035,2,6.0,0.6148293577705332,7,50.0,0.38361576748529164,0,4.0,0.880676478081062,16,2101.0,0.11311730667798538,0,20.0,0.6135326764875088,132,8008.0
380.0,136,1766.0,5.46749226006192,4.7787327788094105,36,1350.0,0.09549919834238857,3,590.0,0.31052699339964496,5,39.0,0.4376487605055604,0,2.0,0.8864508161931695,13,1375.0,0.23012844745274103,18,524.0,0.07658440915036904,6,36.0,0.07029824386113857,0,8.0,0.8831836440812525,0,4.0,0.9019128600665312,2,11.0,0.44797069483443336,16,1921.0,0.15378068154934013,3,21.0,0.6609881395440947,8,89.0,0.49449683935489797,0,0.0,0.8497039257034482,22,2200.0,0.06981697227172926,4,22.0,0.34004998933021424,136,8192.0
385.0,139,1906.0,5.846625766871166,4.279255185304843,36,1530.0,0.09605524003673703,7,589.0,0.2968324132045649,3,37.0,0.393500082382287,0,2.0,0.8373189697949665,19,1457.0,0.10186161385839235,12,475.0,0.30398236524565403,0,31.0,0.2696787782400318,2,11.0,0.6686402864292035,4,13.0,0.47440746366735026,0,4.0,0.5905191982435261,11,1965.0,0.22125510728005324,0,12.0,0.6360789161053013,8,125.0,0.39723046862429684,2,2.0,0.027315781437362394,28,2330.0,0.12585434260635817,7,56.0,0.0520961098456766,139,8639.0
390.0,154,2076.0,6.290909090909091,4.279888695140245,30,1506.0,0.08882323542595927,13,647.0,0.16571532225611227,6,47.0,0.5122225485967763,1,4.0,0.5920941131983775,26,1575.0,0.018474527227371446,2,284.0,0.45476381737208643,0,8.0,0.8660111740892296,0,7.0,0.43441103707685474,7,41.0,0.2795957665387254,0,0.0,0.9562603142010078,13,2021.0,0.18723933362686598,4,17.0,0.5095354807381588,8,165.0,0.2065345077471793,3,19.0,0.5213814038754337,34,2491.0,0.17932661644916975,7,93.0,0.25268997649017144,154,8925.0
395.0,166,2305.0,6.819526627218935,4.291518145272684,25,1310.0,0.1502879577618132,10,588.0,0.37176190450673124,7,78.0,0.4248886413256291,5,24.0,0.10393350554206778,34,1730.0,0.07212327941797836,1,256.0,0.30036009328155133,0,8.0,0.8810714791058384,5,13.0,0.36974329168427833,7,78.0,0.3499659305040055,0,0.0,0.6330287717744906,19,2105.0,0.1084851827157847,7,47.0,0.3286204768413445,3,130.0,0.3996178631227586,0,14.0,0.6923186341356047,36,2666.0,0.13364760252862834,7,128.0,0.4727978875642516,166,9175.0
400.0,152,2209.0,6.478005865102639,4.348988007819033,17,1326.0,0.19491190615255838,3,388.0,0.3478164136554962,7,117.0,0.17181550327772935,2,37.0,0.4861531225360231,36,1908.0,0.11220592204919057,7,282.0,0.1560615063720768,2,8.0,0.6934368973049527,6,43.0,0.5250812728373775,2,70.0,0.5477834701999627,3,13.0,0.4587385212305418,25,2221.0,0.04267681134853787,7,82.0,0.19023653757766806,1,46.0,0.5287089009023418,0,4.0,0.8083075339925913,33,2493.0,0.09769799872056892,1,103.0,0.4701662130894011,152,9141.0
405.0,137,1980.0,5.7894736842105265,4.5650411917316704,13,1388.0,0.1890847379978466,2,393.0,0.3050104247698626,7,154.0,0.3926535690852902,0,13.0,0.8260364132233413,31,1828.0,0.10022538962605904,11,336.0,0.17338388347162545,1,6.0,0.3161864812224501,2,41.0,0.45222130416269174,2,26.0,0.5937340304382491,0,12.0,0.6402730958066752,31,2366.0,0.1254067248896183,7,121.0,0.09905978884230218,1,5.0,0.3415423984683823,0,6.0,0.8597778072523204,26,2083.0,0.11831427565033863,3,31.0,0.5755279717935439,137,8809.0
410.0,125,1777.0,5.211143695014663,4.652163886817966,10,1295.0,0.20086511290638376,8,422.0,0.24453378437792853,7,190.0,0.43817465312039156,2,13.0,0.4521872283481439,25,1502.0,0.08988117886029756,11,395.0,0.29780864001801277,3,16.0,0.1957417872396544,4,15.0,0.3949827713047062,1,21.0,0.3339265019116355,0,4.0,0.8810491581262194,36,2539.0,0.15126894523525217,1,101.0,0.5532984301253757,1,16.0,0.35533907751154126,1,9.0,0.5679486528460969,14,1919.0,0.10641392230951904,1,19.0,0.6190371866953897,125,8476.0
415.0,130,1805.0,5.293255131964809,4.848995593118508,8,1077.0,0.23247551824975404,15,483.0,0.33868112167439035,11,232.0,0.22617909111904538,2,23.0,0.29076470703092666,16,1597.0,0.2039346699953066,11,452.0,0.3367244600133703,3,31.0,0.3459193632017089,0,12.0,0.6016309262033213,6,36.0,0.3755772883476789,2,5.0,0.5630612214743176,36,2715.0,0.07069462317168775,0,24.0,0.8416146705786991,1,23.0,0.7733768057804201,6,29.0,0.3915963771554783,11,1968.0,0.20900513496734666,2,13.0,0.25728959561582365,130,8720.0
420.0,132,1914.0,5.679525222551929,4.820983173107884,5,1032.0,0.2202445617692134,17,568.0,0.17341489704043134,13,292.0,1.031969126386912e-05,0,0.0,0.9609647346287277,13,1661.0,0.24143001050263066,9,397.0,0.34243949501774523,3,50.0,0.4474414824574255,2,9.0,0.6515806864698233,2,32.0,0.44514360606999226,4,26.0,0.4286638764939529,36,2897.0,0.013538181677497253,1,24.0,0.7036712573205319,0,8.0,0.8918046606885872,8,64.0,0.1795654608117891,12,2017.0,0.2674174983831157,7,39.0,0.1456313395192403,132,9116.0
425.0,138,1822.0,5.3274853801169595,4.690977215877629,9,1063.0,0.19029925846747112,23,670.0,0.13561004996331968,7,255.0,0.06827677154372656,0,4.0,0.7486009477078578,16,1726.0,0.2263231493295146,4,238.0,0.28282778161365896,3,65.0,0.6712991469100746,2,19.0,0.47902232694604246,3,14.0,0.42494873419843804,0,18.0,0.5934797628303015,32,2715.0,0.12948646270158376,1,31.0,0.6306988545905795,2,8.0,0.4094494701746225,8,110.0,0.2772222465257277,19,2100.0,0.13664854983196345,9,84.0,0.41288534597478704,138,9120.0
430.0,131,1819.0,5.35,4.655699530996488,13,1122.0,0.19158152348864835,24,790.0,0.13801734936828433,0,82.0,0.3641919289227578,0,4.0,0.8744237957275828,21,1821.0,0.1539505697496448,7,250.0,0.11928103948913416,3,80.0,0.6122639459744369,1,3.0,0.024925762749318535,1,8.0,0.47458201103889935,0,2.0,0.8232012354261541,22,2094.0,0.23330486040545426,0,4.0,0.8004029211215049,3,15.0,0.200697436259958,8,150.0,0.48560755548961876,25,2214.0,0.04184720081868433,3,84.0,0.46214404062489756,131,8723.0
435.0,162,2177.0,6.517964071856287,4.276450253079579,22,1213.0,0.12089511365052534,24,910.0,0.10550386786194411,2,91.0,0.5711928553468076,0,4.0,0.8051848438889466,29,1949.0,0.07993005190561783,10,269.0,0.08150571878318386,5,100.0,0.0379011256566397,2,12.0,0.6491588404317777,1,8.0,0.6954202735891055,2,5.0,0.46879150379410656,15,2176.0,0.1966344106953451,2,11.0,0.7722466122324316,2,20.0,0.6063714513475451,9,194.0,0.39657929524046137,34,2364.0,0.02850526940171717,3,41.0,0.32474506800293335,162,9367.0
440.0,185,2619.0,7.841317365269461,4.040877024824148,27,1342.0,0.10844502596454267,24,1030.0,0.10789749634944065,6,113.0,0.6383946188302946,2,8.0,0.5402560259713954,35,2113.0,0.07220707427565172,11,322.0,6.05573630210613e-05,3,64.0,0.09187871381779703,0,4.0,0.788307044277288,0,0.0,0.7972737406251879,6,28.0,0.435140272393091,12,2244.0,0.1654565111019071,1,6.0,0.44723627438269997,2,29.0,0.7229795040901282,13,250.0,0.2862228233694378,36,2544.0,0.15504026713188612,7,39.0,0.08143686735660714,185,10136.0
445.0,186,2806.0,8.376119402985074,3.6821000901766667,29,1324.0,0.11155980146480901,19,964.0,0.17562166261951545,8,144.0,0.22394070553356438,7,30.0,0.4722719677462797,36,2293.0,1.2540003562527128e-05,11,379.0,0.03709051186362452,0,12.0,0.7327171557082427,0,4.0,0.8234687921891803,2,8.0,0.6140997904433649,6,58.0,0.4351270008135091,14,2308.0,0.19029420894476917,6,24.0,0.2853602530960086,2,8.0,0.1560487536262205,13,317.0,0.27528120543711543,31,2397.0,0.16084831777361197,2,51.0,0.4485894995674177,186,10321.0
450.0,159,2226.0,6.585798816568047,4.193192335482021,24,1061.0,0.14445968237080253,10,715.0,0.36747857748590707,15,206.0,0.0005543159288599013,7,65.0,0.3508164244833343,30,2194.0,0.019718337825941595,5,308.0,0.38255710231553663,1,9.0,0.7322732336803048,0,2.0,0.8570456876302724,0,4.0,0.7289835682365502,0,51.0,0.5442429851563539,21,2398.0,0.10273791237890419,7,59.0,0.20421276440906105,7,30.0,0.10819727930076113,7,293.0,0.362742090306131,25,1983.0,0.13843835218477846,0,20.0,0.7738242680135357,159,9398.0
455.0,117,1564.0,4.6,4.753296256226406,17,1151.0,0.18864666834912905,5,591.0,0.24943489014393797,15,285.0,0.05324216604986236,7,100.0,0.0,22,1857.0,0.0984162805048932,0,120.0,0.7512614475236266,1,14.0,0.7976462337750981,0,2.0,0.5893158029573597,0,4.0,0.8939811762280768,1,3.0,0.591469758973526,27,2525.0,0.03656053661999491,1,55.0,0.15874182303413972,1,35.0,0.4924499949145185,2,167.0,0.28717781424788585,18,1957.0,0.15931185491173427,0,4.0,0.9017152857836691,117,8870.0
460.0,115,1393.0,4.0376811594202895,5.204515660857989,14,1222.0,0.19942505423737064,6,616.0,0.27265574992889896,9,271.0,0.2732529810253047,7,139.0,0.10964380792127655,16,1838.0,0.23460738470042033,3,100.0,0.7004072115605722,1,19.0,0.736130910075411,5,18.0,0.4100521815372716,1,6.0,0.5793898811137879,0,0.0,0.7968431491783975,34,2682.0,0.13025089520213004,1,19.0,0.7013292550819268,0,14.0,0.8285613582016429,1,135.0,0.21937146719162565,14,2017.0,0.18623340642784234,3,8.0,0.2504202884292182,115,9104.0
465.0,133,1354.0,4.005917159763314,4.790851524396931,14,1288.0,0.1683409693419474,12,668.0,0.16210868337463033,0,151.0,0.5704673304441921,7,178.0,0.5139250135685817,12,1906.0,0.30691864544878583,6,123.0,0.39476925101272603,3,27.0,0.10126618047082217,8,55.0,0.22700916822385356,6,28.0,0.32375984165662036,0,0.0,0.9234319290054219,36,2858.0,0.14931145444908459,1,17.0,0.7639099059382352,0,4.0,0.8572198649647237,7,154.0,0.3493664137540808,14,2077.0,0.09658955716254647,7,36.0,0.05500322206814056,133,9570.0
470.0,157,1903.0,5.597058823529411,4.265268976183053,21,1382.0,0.14704950526365437,19,750.0,0.1428191907391098,3,156.0,0.37938995183621893,7,213.0,0.5168533183090709,14,1966.0,0.25272440864738316,11,168.0,0.18153557522391836,2,18.0,0.3469497216450197,8,99.0,0.09775498696377138,8,67.0,0.31427894415310365,1,2.0,0.7407849147643594,36,3035.0,0.1164150525914931,1,5.0,0.7789141682565874,3,5.0,0.5129610103817227,3,121.0,0.5175670591587086,19,2165.0,0.1370567126032683,1,38.0,0.46502400611379396,157,10190.0
475.0,179,2298.0,6.584527220630372,4.100740084535895,29,1513.0,0.12321325844433781,23,860.0,0.14157052977361573,9,189.0,0.3922000401253854,3,170.0,0.17085418848648376,21,2056.0,0.12348189129728411,11,223.0,5.444510507366578e-06,0,2.0,0.8201458342659292,8,139.0,0.35574073042607296,8,107.0,0.36714923783627434,2,9.0,0.49027413982815954,31,2867.0,0.10677160385255698,1,3.0,0.5536455972856074,6,30.0,0.28143657347939904,1,28.0,0.6650056939177931,26,2284.0,0.13933146977083105,0,2.0,0.8907970874725518,179,10482.0
480.0,176,2491.0,7.220289855072464,3.962217780289857,35,1674.0,0.09545233179469964,23,975.0,0.1360350335854038,9,236.0,0.2519495573928594,5,66.0,0.2181334775742995,27,2179.0,0.03892681147490765,5,179.0,0.23089925399585945,0,4.0,0.80757674688037,8,179.0,0.3194574998934554,8,147.0,0.25075983051472395,0,2.0,0.5849429191331137,24,2388.0,0.13755578503117427,3,16.0,0.6224668556244641,1,33.0,0.4316685284958027,0,10.0,0.4444706803273922,28,2140.0,0.07727848138398509,0,4.0,0.7099389139685942,176,10232.0
485.0,173,2770.0,8.12316715542522,4.1090105309271205,36,1853.0,0.07085989719702082,23,1090.0,0.13774293241926655,13,296.0,0.2175426304308737,2,43.0,0.3966519910765822,33,2331.0,0.02824036792874488,0,69.0,0.6773710862792505,0,4.0,0.9171148004717408,12,234.0,0.0715509536957428,8,187.0,0.3179990889376435,0,0.0,0.9600736482203482,18,2485.0,0.17960189050055725,0,12.0,0.6104027926223057,0,5.0,0.6643395685834356,3,20.0,0.39997237576549466,25,1784.0,0.09453056684403353,0,6.0,0.7514270218138562,173,10419.0
490.0,174,2869.0,8.538690476190476,4.219087622753128,36,2033.0,0.09537405114664368,17,1014.0,0.20903061746822119,16,374.0,0.3393631554092215,6,48.0,0.43863989090339267,36,2514.0,0.02223241559107487,2,59.0,0.5503979045724273,2,7.0,0.6355170721656714,16,309.0,0.23686882548876376,3,158.0,0.4023773053044654,0,4.0,0.6260303770767707,14,2561.0,0.17461448783375796,3,9.0,0.399040398782833,1,4.0,0.639124172226777,7,46.0,0.3797057876738457,15,1643.0,0.23319294581179315,0,8.0,0.830970870386037,174,10791.0
495.0,154,2591.0,7.7807807807807805,4.262710577164603,30,1970.0,0.08814096266715468,10,747.0,0.25953055125015245,16,450.0,0.3429288723096997,6,76.0,0.3960378774030753,30,2436.0,0.12664390711325374,4,80.0,0.26292467536483,3,17.0,0.6672264453599679,16,389.0,0.35861211653752645,2,62.0,0.667813996014212,2,11.0,0.6572398596333606,16,2635.0,0.164385168109264,6,31.0,0.1333016995438596,1,9.0,0.0,2,42.0,0.13441987824998172,10,1694.0,0.25111335029332715,0,4.0,0.7992994576854897,154,10653.0
500.0,124,2016.0,5.894736842105263,4.497480893425548,23,1700.0,0.17371445736680735,2,692.0,0.4163301734378092,12,424.0,0.30715707472110854,1,61.0,0.18283193118676164,22,2090.0,0.26330594183758527,4,102.0,0.47826573304884024,1,10.0,0.5040480687482419,16,465.0,0.2996714820960029,1,7.0,0.6689722227281516,0,7.0,0.7450337425917312,24,2741.0,0.08715437994210325,0,31.0,0.2631031250442758,0,8.0,0.4212884468084535,5,31.0,0.21569470835698357,12,1743.0,0.22368104142477574,1,6.0,0.380345547671913,124,10118.0
505.0,136,1811.0,5.15954415954416,4.650534593468146,17,1255.0,0.24232463041599855,7,707.0,0.31353306904059525,10,255.0,0.13513184512063672,4,26.0,0.49609401576624407,16,1508.0,0.2703503147639708,4,122.0,0.5611646797225044,2,11.0,0.5591958710263666,19,554.0,0.08952272442351747,2,11.0,0.4695483582752199,2,7.0,0.5406859554773318,25,2553.0,0.025562522265964855,1,13.0,0.6591082541620646,0,8.0,0.8764939947149241,0,25.0,0.6852627638356555,21,1831.0,0.13969056173084443,6,27.0,0.014480323761551407,136,8913.0
510.0,113,1509.0,4.286931818181818,4.620868353142425,8,1292.0,0.27969075416304495,13,762.0,0.1828255826494775,6,277.0,0.14268137398563682,0,22.0,0.7952475428398432,7,1552.0,0.2549295542742971,0,68.0,0.4416930696664424,1,5.0,0.26078527075761343,21,665.0,0.07686234135006555,7,35.0,0.24138692549487303,1,9.0,0.3473034614286782,21,1956.0,0.09336972346858093,0,8.0,0.8704284938896149,0,8.0,0.8409876431616815,0,6.0,0.9250324543798603,26,1950.0,0.04444022372918917,2,35.0,0.14432103648687583,113,8650.0
515.0,126,1546.0,4.455331412103747,4.983942173909484,8,1319.0,0.2870972793002447,19,845.0,0.13425428889600188,9,284.0,0.21081763945110954,1,7.0,0.5825889314701322,8,1578.0,0.2931323994930452,0,4.0,0.5236342634850113,2,18.0,0.7718345288556393,21,770.0,0.18433198933274259,9,79.0,0.23311081657126134,3,11.0,0.54610547386345,15,1905.0,0.24122792266702944,0,4.0,0.861735851145289,2,7.0,0.5404795602438986,0,2.0,0.6561927413251265,29,1834.0,0.022946697682753224,0,10.0,0.7282582663976448,126,8677.0
520.0,142,1798.0,5.050561797752809,4.728655339566363,15,1380.0,0.20791224048265158,25,961.0,0.1241789945030176,15,332.0,0.14554707895988278,6,24.0,0.4555273004685621,13,1633.0,0.18846629609196042,3,12.0,0.47795970402073223,0,8.0,0.9355164001607975,23,878.0,0.22331609582195017,3,80.0,0.3839390370447468,0,8.0,0.5674991671448151,11,1963.0,0.25255075281522726,2,8.0,0.5291244697042871,2,10.0,0.2495646184922533,1,13.0,0.29241216230413514,23,1378.0,0.09532853971110472,0,6.0,0.8754255818926797,142,8694.0
525.0,164,2311.0,6.437325905292479,4.5805778570201445,21,1471.0,0.1628761059353326,27,1095.0,0.09475500092606357,17,416.0,0.09791401741690985,7,59.0,0.4089707096978096,20,1725.0,0.08119528025744627,9,42.0,0.3238702460905713,1,5.0,0.6446502467286837,23,989.0,0.20137401899981805,1,25.0,0.49373189559324576,0,4.0,0.8892095884663324,13,2022.0,0.24854196939874912,3,13.0,0.3878311150690879,6,32.0,0.05066292867823155,1,20.0,0.7889750287190029,15,1369.0,0.20868315279984292,0,4.0,0.8770366921762568,164,9291.0
530.0,169,2801.0,7.611413043478261,3.9801796377500374,22,1375.0,0.11429335486985763,27,1230.0,0.1223933657978151,17,505.0,0.10680023594007437,2,57.0,0.10976870082350641,27,1848.0,0.08834819915769132,10,92.0,0.25855128350223805,1,7.0,0.33132373251970076,23,1108.0,0.09512017972476823,1,15.0,0.5568052672710758,1,3.0,0.7605204780273699,20,2105.0,0.09845455636700297,3,16.0,0.3362143949073533,2,44.0,0.437486580308248,1,25.0,0.7900899548137417,12,1432.0,0.2157858361516917,0,0.0,0.5921581350166977,169,9862.0
535.0,182,3216.0,8.73913043478261,4.0548011581198615,22,1138.0,0.16885106410077247,27,1369.0,0.18045342247213644,17,590.0,0.3342119126004566,6,36.0,0.1771584326296357,35,2007.0,0.09773626990810805,4,100.0,0.311622903502115,4,23.0,0.29611008368387276,23,1223.0,0.187791840873794,1,17.0,0.7748518303434953,3,11.0,0.6001154909436077,21,1936.0,0.06181753295446451,2,25.0,0.3904643685401261,0,14.0,0.8246270202453031,1,4.0,0.24726598433125735,14,1494.0,0.21085982199788522,2,7.0,0.1018315690328158,182,9994.0
540.0,174,3397.0,9.306849315068494,3.6620188939829537,17,1159.0,0.15117376832631485,25,1297.0,0.12851265736719097,18,677.0,0.21568207015483534,0,26.0,0.17151973946508647,36,2184.0,0.025152720550301634,2,52.0,0.2566795978445656,0,22.0,0.511466746881087,26,1346.0,0.031671793117771706,1,5.0,0.5696363219938336,2,11.0,0.37171483844222974,20,1540.0,0.1018362419628907,2,23.0,0.7260879941936543,1,10.0,0.640166754503173,5,22.0,0.23333115458766013,15,1345.0,0.13053596910975468,4,31.0,0.4780501021792883,174,9750.0
545.0,163,3343.0,9.133879781420765,4.368293480944319,15,1232.0,0.20594509901680497,19,930.0,0.18044234961477382,24,787.0,0.08393415097731158,0,4.0,0.43007583071798067,31,2103.0,0.04310496476786392,3,51.0,0.20992562416048202,0,4.0,0.9122884771895705,29,1490.0,0.1416906204561181,2,14.0,0.7005091905980579,4,20.0,0.5553814922140929,16,1500.0,0.22058958862974667,1,6.0,0.6381145427450109,3,25.0,0.16114598205340494,0,23.0,0.752750418417925,12,1026.0,0.09391394375072276,4,53.0,0.6410360301416466,163,9268.0
550.0,136,3099.0,8.584487534626039,4.41059743361724,10,1133.0,0.21477577563746908,10,906.0,0.2705495546853285,25,914.0,0.014000048801407265,1,6.0,0.7396388703416342,23,1752.0,0.09984433199433894,3,62.0,0.5379984997342745,2,6.0,0.5524967942313894,29,1633.0,0.1570199608513607,0,7.0,0.7098089492184968,4,40.0,0.4945184172558177,13,1573.0,0.23665580474679354,4,23.0,0.42305554387401956,1,26.0,0.5055216753496327,0,4.0,0.853758173718828,11,1077.0,0.14216704270584932,0,33.0,0.4698713910727129,136,9195.0
555.0,139,3174.0,8.743801652892563,4.197471214701666,13,1186.0,0.14195694170849865,8,950.0,0.20043181539719312,25,1041.0,0.15571905159440866,1,11.0,0.7467707912971797,17,1729.0,0.19896528954151274,3,79.0,0.6770606767346173,6,28.0,0.3861799426550292,29,1776.0,0.08400658250717428,2,8.0,0.5194463541752967,0,26.0,0.45296611957923527,15,1634.0,0.15187815178507894,1,20.0,0.5765253759536726,0,9.0,0.8553746076174712,3,6.0,0.4092969882418551,15,1130.0,0.19099897034524774,1,4.0,0.2986626387498217,139,9637.0
560.0,157,3614.0,9.820652173913043,3.8001435497847083,13,1237.0,0.13650434530318323,12,1003.0,0.22547921658261907,25,1166.0,0.20800394802511674,0,2.0,0.6477487778454405,13,1801.0,0.24307560513763726,4,97.0,0.47639258664105455,7,63.0,0.11611998125489698,29,1921.0,0.015011038705740352,1,8.0,0.39848507348343887,2,12.0,0.48921637513990046,20,1729.0,0.07019793063636244,2,13.0,0.6726992488376504,2,12.0,0.6242456535027114,6,33.0,0.1317310788162577,15,1196.0,0.21804361257047888,6,28.0,0.3273083460079679,157,10321.0
565.0,184,4305.0,11.299212598425196,3.8678582302089013,18,1303.0,0.13580800055489584,19,1086.0,0.16227086897089363,25,1287.0,0.15694987869569116,0,0.0,0.8886246497672565,15,1863.0,0.17601274512884482,9,130.0,0.36406309832556993,7,98.0,0.3452436675555421,29,2068.0,0.15798385218329944,1,5.0,0.5574710720855283,0,7.0,0.7324016869168438,27,1850.0,0.1304118849581235,2,21.0,0.6469452053061129,0,5.0,0.2397337412097836,6,67.0,0.11590760793582089,20,1288.0,0.15702929600756088,6,58.0,0.5112944203385671,184,11136.0
570.0,214,4283.0,11.360742705570292,3.5622246412281333,24,1412.0,0.11574391055827651,26,1207.0,0.12198039888484205,21,1220.0,0.08299294092089118,1,3.0,0.29227206457981336,21,1955.0,0.2010424153138038,10,180.0,0.3309974788220896,7,133.0,0.3503374603389247,23,1977.0,0.18896071749131446,1,5.0,0.5320097854770517,0,4.0,0.8590246425904855,35,2013.0,0.14731979660980196,1,2.0,0.6332996371266991,4,18.0,0.23743277687630715,6,101.0,0.5810628634707489,28,1411.0,0.006425755171074729,6,84.0,0.4252849651385817,214,11725.0
575.0,218,3772.0,9.9002624671916,3.676607211947175,32,1555.0,0.07983552636044043,28,1346.0,0.09317304349031981,13,970.0,0.12480514071075031,6,23.0,0.35578545442414816,26,2077.0,0.13449619318211856,10,230.0,0.2742404446030444,7,168.0,0.11787168533419845,15,1625.0,0.11940729788749059,1,9.0,0.7417625638714803,1,5.0,0.5893678612875755,36,2187.0,0.1314261465217093,2,12.0,0.5488268230124053,1,22.0,0.6534608235632667,6,131.0,0.6071748731847089,34,1571.0,0.0702889671810898,0,67.0,0.4215349042187052,218,11998.0
580.0,205,3391.0,8.87696335078534,3.6024049662488102,36,1732.0,0.1172033911423802,28,1486.0,0.1194623302528719,4,994.0,0.33551070912753744,2,35.0,0.5976165777889988,35,2234.0,0.06047874980030456,4,175.0,0.25024431916372447,1,135.0,0.22410462541425094,10,1685.0,0.15293991553001715,0,0.0,0.9537735330263445,6,24.0,0.4109015134571185,32,2071.0,0.09312699047464501,0,6.0,0.43861615470523535,1,16.0,0.8398531403965427,8,162.0,0.2956144887539867,36,1750.0,0.09001512433769215,2,9.0,0.1740620466058135,205,12514.0
585.0,191,3156.0,8.393617021276595,3.6488014507073236,30,1689.0,0.09179253594842683,28,1628.0,0.12711200865105574,9,1015.0,0.31678362227558154,2,17.0,0.4928163051853676,36,2414.0,2.2715667061958617e-05,2,80.0,0.32367856314705423,0,33.0,0.8386194248141045,9,1714.0,0.28370913084372346,2,2.0,0.5462209116922022,7,58.0,0.3921035594294005,26,1689.0,0.09091246059008493,0,4.0,0.8213736480529814,1,17.0,0.4679691427626909,8,149.0,0.22765882525274092,31,1688.0,0.04603535909776431,0,12.0,0.6859328916778089,191,12209.0
590.0,182,3041.0,8.023746701846965,4.281323531331121,24,1426.0,0.1585625853631889,28,1770.0,0.17130462770411037,15,1076.0,0.24986083379065496,6,30.0,0.2905061607718878,31,2290.0,0.016231540458781318,2,67.0,0.47632062840693157,0,8.0,0.8793760056349261,14,1772.0,0.26198481128576806,0,0.0,0.7421438179469835,7,93.0,0.35420607380384156,21,1171.0,0.12142463847961003,2,7.0,0.807767815554379,3,36.0,0.1944002429445116,3,56.0,0.4563762334488293,26,1420.0,0.06135074292784299,0,8.0,0.8483010651038485,182,11230.0
595.0,170,2801.0,7.429708222811671,4.492615322306331,19,1334.0,0.17693074558368518,33,1925.0,0.09760528503087956,22,1173.0,0.12871623950041713,6,62.0,0.06455269136902317,22,1886.0,0.07628182845549737,3,79.0,0.7112126405805892,1,5.0,0.7115068274917763,22,1863.0,0.20727960308977822,0,0.0,0.9359923254687683,8,131.0,0.31691121628570496,9,1215.0,0.18247147597305366,4,16.0,0.6736219084342822,3,51.0,0.69622412057997,1,40.0,0.32751168972657463,17,1035.0,0.14463126412377691,0,4.0,0.8835239734899699,170,10819.0
600.0,158,2698.0,7.213903743315508,4.424254762637416,12,1392.0,0.1882101099425161,36,2102.0,0.09448210864383086,25,1293.0,0.060490751457797635,0,50.0,0.5513251798726223,18,1986.0,0.1019240664292216,3,90.0,0.6535331190078625,5,19.0,0.5151135333412152,30,1994.0,0.1276736092468138,0,0.0,0.7462096796825695,8,171.0,0.2563281146342163,6,1205.0,0.2382500112581596,0,9.0,0.5301202397094589,3,66.0,0.6874800005303857,5,54.0,0.48622674884803935,6,1067.0,0.31440804549789975,1,3.0,0.5924622941006631,158,11501.0
605.0,177,3057.0,8.108753315649867,4.245562016621615,11,1429.0,0.23606399055240906,36,2282.0,0.09682602179945979,25,1418.0,0.15606670386589214,0,4.0,0.9004541114990554,15,2068.0,0.17045206697841575,6,111.0,0.2611733419698394,7,52.0,0.42726594979173094,30,2144.0,0.030472819555290697,2,3.0,0.5214258512943785,8,211.0,0.3125301018930379,13,1248.0,0.2545935723345033,5,16.0,0.3813418253730116,4,81.0,0.3080629506686034,5,79.0,0.402831829742959,7,1077.0,0.35444627882968094,3,19.0,0.6498469395328367,177,12242.0
610.0,181,2974.0,7.684754521963824,3.684447039523779,17,1505.0,0.17015578756856567,30,2200.0,0.1219795040224138,31,1559.0,0.13781517305479735,0,0.0,0.8103433401253023,15,2138.0,0.2210372547437258,9,150.0,6.009734820159872e-05,1,47.0,0.17087157934253067,24,2009.0,0.10555442872533641,4,22.0,0.4357223902428974,3,172.0,0.4140008315635742,14,1126.0,0.2769136037852394,7,53.0,0.35546970892593266,8,115.0,4.069580780818195e-05,2,55.0,0.22485092859127573,13,1124.0,0.21689297012758713,3,34.0,0.6021849284846617,181,12309.0
615.0,177,2681.0,6.856777493606138,3.6319602902944346,26,1617.0,0.08913905331403199,21,1852.0,0.17879193563005655,36,1730.0,0.10833667975980513,0,0.0,0.7571866345658987,21,2230.0,0.17357097641519834,9,199.0,0.08318888277094898,5,25.0,0.2113135279293929,14,1624.0,0.30557249074907367,1,22.0,0.6015162588488414,3,58.0,0.4445822901252833,14,800.0,0.1927219202915596,2,56.0,0.5143684877095661,2,80.0,0.18766510754110088,3,18.0,0.12821884115167742,19,1206.0,0.04966322633185733,1,22.0,0.2763587346017045,177,11539.0
620.0,168,2522.0,6.450127877237851,4.024412244958195,34,1773.0,0.09772904147339466,15,1815.0,0.19819326063995968,36,1910.0,0.021557457909816845,0,2.0,0.46243962562524976,28,2357.0,0.15592156921963102,3,138.0,0.43349123675340956,1,24.0,0.5734456043659537,12,1463.0,0.29037698350536734,0,4.0,0.8260245244637989,1,28.0,0.4737224081232466,14,858.0,0.10804247469230557,3,28.0,0.5422041389765515,0,23.0,0.810722262425719,0,17.0,0.6170191223694016,20,1141.0,0.06546046001629244,1,14.0,0.40101659219725216,168,11595.0
625.0,161,2394.0,6.154241645244216,4.546992506277538,36,1944.0,0.10289087466836942,10,1871.0,0.19923217693230016,36,2090.0,0.0,0,2.0,0.8941116129117803,30,2215.0,0.07630718007592006,0,49.0,0.7854600323385651,1,13.0,0.7927574815263986,10,1516.0,0.19962677541527726,2,4.0,0.5460905572005754,1,27.0,0.7625553835658696,14,918.0,0.165352954719222,2,31.0,0.4680881270096547,2,24.0,0.7654504063535637,0,8.0,0.864960670580762,16,923.0,0.19529331419261814,1,21.0,0.6935337624930944,161,11656.0
630.0,173,2467.0,6.458115183246074,4.445847796731918,36,2122.0,0.11274256837059476,14,1928.0,0.17467619679953947,30,2007.0,0.09251713796586895,0,4.0,0.8105744461275218,28,1860.0,0.06370138689124528,2,53.0,0.6760175326384564,1,5.0,0.8335733048751437,12,1563.0,0.11789721119197737,6,27.0,0.28758710121170916,1,32.0,0.7823785429774702,14,979.0,0.2017863011716749,8,52.0,0.459049918825469,4,36.0,0.5435271647249897,0,4.0,0.8313052118453723,16,997.0,0.2709765758700892,1,28.0,0.7572889614413036,173,11697.0
635.0,168,2295.0,5.930232558139535,4.039549582734905,31,2044.0,0.1009097858168707,20,2020.0,0.11836197256793994,20,1589.0,0.24050098042370283,0,2.0,0.7935351200517434,18,1959.0,0.1482544094275773,3,68.0,0.6553147914469857,4,12.0,0.22751335010844911,19,1648.0,0.1596645143841752,7,61.0,0.3474457286330501,0,0.0,0.7096608101542983,14,906.0,0.19838672577358019,8,89.0,0.3941194448847773,7,66.0,0.32105285316503,1,6.0,0.4295701252981396,13,1068.0,0.19886042409893942,3,36.0,0.5945644293123955,168,11574.0
640.0,171,2084.0,5.371134020618556,3.8530570882206345,25,1719.0,0.14508306895087947,28,2146.0,0.15129961739207165,12,1661.0,0.30211973275465714,0,5.0,0.814382104200567,15,2016.0,0.22566060324590587,5,86.0,0.29249416359186825,5,37.0,0.10149675141663732,26,1764.0,0.11283719065641787,7,96.0,0.3496750330163016,2,5.0,0.5675684803995801,13,717.0,0.16452131826584884,3,82.0,0.4666499806235238,8,110.0,0.33453740894431944,1,4.0,0.27140345838966157,15,1131.0,0.13682125855960606,6,54.0,0.37529763054464454,171,11633.0
645.0,155,1682.0,4.357512953367876,3.5843248651981754,16,1805.0,0.15695061499194024,34,2301.0,0.07489221267092198,10,1717.0,0.2429244176390467,0,5.0,0.6947269509605472,10,1821.0,0.20512061269275692,9,125.0,0.3343651790323463,0,29.0,0.6410659494263655,32,1914.0,0.05081857112396305,2,84.0,0.4271168189960914,0,4.0,0.5260708576307825,14,779.0,0.0966751001764216,4,44.0,0.5474422284181496,3,85.0,0.507284366022137,0,9.0,0.46739878389115497,14,1050.0,0.06037838559450894,7,91.0,0.3344322882376228,155,11863.0
650.0,150,1605.0,4.115384615384615,4.443824231352412,14,1877.0,0.17003795261797866,30,2228.0,0.1186967582637861,15,1775.0,0.10659211445957473,0,3.0,0.8695880142009971,9,1424.0,0.1999562689351513,3,92.0,0.5837157754938747,0,4.0,0.8103139121077518,35,2088.0,6.738360790821314e-05,2,29.0,0.4805442501191943,0,4.0,0.9143503717834427,15,854.0,0.20443509885228708,2,32.0,0.32717025034971664,2,36.0,0.5838605553441237,3,19.0,0.6866693418128212,13,824.0,0.20058334002219622,7,130.0,0.36989207144562314,150,11419.0
655.0,138,1644.0,4.1938775510204085,4.5446796599680095,12,1836.0,0.18467203755264902,21,1898.0,0.17942617629183466,21,1869.0,0.04658419020229489,0,0.0,0.6715783213504876,6,1350.0,0.13022180649452572,2,33.0,0.5859152439075497,0,4.0,0.8687388503261687,35,2263.0,0.049876181469159425,1,27.0,0.7032914497579138,0,2.0,0.9226708628148943,8,778.0,0.23867767542400095,6,43.0,0.18931141597330983,2,15.0,0.26958095746924127,3,34.0,0.7221078971158853,14,820.0,0.23706724768308277,7,167.0,0.47718209697436353,138,11139.0
660.0,145,1727.0,4.405612244897959,3.9144798387631914,17,1910.0,0.1304177961586504,15,1866.0,0.20388664508679327,28,1994.0,0.08764321241501406,0,4.0,0.4674417865268772,8,1382.0,0.2027374464568645,3,44.0,0.15029612447285934,0,4.0,0.842205760058007,29,2124.0,0.15013099648514094,1,28.0,0.8070084162379434,2,4.0,0.620667706918569,7,560.0,0.14663718014825838,7,80.0,0.3865142686912522,6,29.0,0.4226720607198319,1,16.0,0.33712311111736004,11,879.0,0.18136224609031423,10,209.0,0.32711283261506946,145,11133.0
665.0,155,1810.0,4.547738693467337,4.023755935984952,19,1993.0,0.12430485054566284,11,1923.0,0.20780602987522878,29,2139.0,0.09043223652916124,0,4.0,0.8787378155266766,13,1438.0,0.2317401978813601,10,74.0,0.28719986866447134,2,7.0,0.1832070049025448,19,1702.0,0.21529771637045694,0,2.0,0.6465952060637701,2,6.0,0.5121563641087705,6,539.0,0.13651966827203696,7,117.0,0.5364892178908378,7,63.0,0.4677760335568013,7,24.0,0.2104090748305746,9,806.0,0.1311635998402949,14,275.0,0.2157896820887323,155,11112.0
670.0,158,2042.0,4.992665036674817,4.252920810649834,25,2103.0,0.11651338047603559,13,1977.0,0.19247450853748646,29,2280.0,0.11385311922056766,0,4.0,0.8625457293123967,14,1319.0,0.1358901575353651,4,79.0,0.42464820024136746,6,32.0,0.3373856268382021,10,1641.0,0.1323838151873432,1,1.0,0.7007146820824031,2,16.0,0.8009652922158618,9,568.0,0.23597202874186127,10,158.0,0.35830760069715945,7,94.0,0.3081870673145563,7,59.0,0.3688923992183272,7,612.0,0.25439882265001845,14,345.0,0.24324243459554312,158,11288.0
675.0,168,2414.0,6.080604534005038,3.9652293817051474,31,2245.0,0.07976851192631022,21,2063.0,0.13257908170495875,29,2425.0,0.18503811718156618,0,0.0,0.7614438071554135,14,942.0,0.09108071668030052,2,41.0,0.5931543451329564,6,62.0,0.5245498416862193,9,1687.0,0.14521765676803577,0,0.0,0.7215931508837851,2,26.0,0.7438724172954198,15,629.0,0.24042263231752903,13,215.0,0.24549812236187238,7,131.0,0.04849113208963727,1,57.0,0.5873629464326097,4,558.0,0.23914072977622947,14,415.0,0.23919246265524785,168,11496.0
680.0,194,3132.0,7.791044776119403,3.6818056287173913,34,2406.0,0.09684408402974268,26,2184.0,0.11874434660680673,29,2570.0,0.1519956378850697,0,0.0,0.6841405747965498,11,909.0,0.2299626169490172,7,33.0,0.4349024303826239,6,92.0,0.5565582157162999,13,1744.0,0.24546859403447838,0,0.0,0.9580132447381882,1,5.0,0.3969371600175589,20,716.0,0.18082062803166327,14,283.0,0.21287311487889946,7,166.0,0.3697921518196448,1,18.0,0.37223137258262007,7,573.0,0.21362966198633807,18,496.0,0.23435565845822373,194,12195.0
685.0,213,3844.0,9.444717444717444,3.657772870021451,37,2584.0,0.09445350713935456,29,2324.0,0.11480735031893324,29,2715.0,0.06147003285842169,0,4.0,0.2862644214593022,11,952.0,0.29792133976080304,3,40.0,0.3811738130798715,8,127.0,0.41362356805769424,14,1553.0,0.2386410315659894,0,0.0,0.862163312792747,3,17.0,0.44942040974251646,28,839.0,0.12993690063153368,14,353.0,0.21146180982049886,1,129.0,0.528810874622624,1,9.0,0.23898626139747475,14,631.0,0.2303170794132823,21,599.0,0.20240706833808364,213,12876.0
690.0,219,4181.0,10.148058252427184,3.5744377576002186,32,2489.0,0.1058072740103107,29,2473.0,0.112789535283093,29,2860.0,0.0,1,9.0,0.7439392151300572,12,1000.0,0.2654481742573923,4,22.0,0.42027851684677037,13,179.0,0.28756054198084624,13,1142.0,0.1481397903095667,1,1.0,0.47813728128255567,5,39.0,0.33041932208121305,28,830.0,0.09436056836154605,8,322.0,0.25467727704377385,1,32.0,0.2951488331541137,1,10.0,0.7148639929076294,21,720.0,0.1821602924943575,21,704.0,0.18022850355266634,219,12832.0
695.0,200,4059.0,9.851941747572816,3.875616891338698,25,2157.0,0.15009028365473107,29,2618.0,0.1758142817369534,23,2686.0,0.050871000847498,0,8.0,0.8139577847378411,17,1077.0,0.1918624369033938,6,37.0,0.49966938238068825,17,260.0,0.1565885800269364,8,1191.0,0.1302635181377699,0,2.0,0.6151125186775915,1,31.0,0.4306581995028683,23,653.0,0.07176425950912993,1,193.0,0.5551476377292135,1,36.0,0.5325323798845479,1,17.0,0.7624953661770557,27,839.0,0.05921531900905422,21,809.0,0.08181839682405671,200,12614.0
700.0,191,3943.0,9.617073170731707,4.146334607020481,16,2141.0,0.18799117650075017,35,2780.0,0.09741369507536128,13,2198.0,0.24665711631699763,0,4.0,0.8440220885150717,20,968.0,0.1795167384861615,6,71.0,0.4546570516907039,18,350.0,2.186842920954245e-06,9,1209.0,0.2623247788290395,0,0.0,0.933583411448912,0,3.0,0.728110544352686,15,737.0,0.12986902329151653,3,173.0,0.47460697163779797,1,38.0,0.8011116240840102,0,6.0,0.5945098210894841,34,1000.0,0.025548376989541998,21,916.0,0.043963462458688644,191,12594.0
705.0,179,3114.0,7.824120603015075,4.293727741757684,13,2203.0,0.19807341740244372,30,2641.0,0.1021808618793477,7,2246.0,0.2873254801898376,0,4.0,0.8107972885989029,19,733.0,0.1520584781756325,6,101.0,0.4911632061104689,18,440.0,0.0,16,1271.0,0.25653472079249456,0,2.0,0.755899510545911,0,0.0,0.9565264090944098,11,799.0,0.22401607880435892,8,202.0,0.25255937834425235,0,6.0,0.7393283017297493,0,6.0,0.8348309106322968,36,1179.0,0.09151482768227828,15,847.0,0.22372906477842838,179,12680.0
710.0,164,2110.0,5.368956743002545,4.004599219652133,13,2139.0,0.2006496614727119,22,2174.0,0.16761869147097602,9,2280.0,0.22155723475537198,1,6.0,0.3425273972488962,17,735.0,0.09605193559733917,0,78.0,0.48512146888866353,12,429.0,0.20604009999470096,22,1371.0,0.20939391127285825,2,7.0,0.6771154588801876,0,0.0,0.7484282000443294,15,862.0,0.22800246454593184,13,257.0,0.12502437890984194,2,6.0,0.26866910406797717,0,2.0,0.7940057148079643,31,1178.0,0.10986422477270566,5,626.0,0.40837293258776775,164,12150.0
715.0,149,1670.0,4.206549118387909,4.011773043473627,18,2220.0,0.14067035214126972,17,2260.0,0.17794005421209325,16,2349.0,0.08897313020049243,0,5.0,0.6541888345928327,13,799.0,0.13005564751996904,1,6.0,0.40381158558433183,2,265.0,0.5466539750992344,22,1481.0,0.20944604376474893,0,5.0,0.8365226113024266,2,7.0,0.6043373655355107,17,844.0,0.07944441251387722,14,333.0,0.06664861633238281,1,12.0,0.19842334808607617,0,2.0,0.8629598510263959,23,1003.0,0.07166495965972328,3,567.0,0.4678865795492221,149,12158.0
720.0,157,1608.0,4.0708860759493675,3.5727570456935487,21,2312.0,0.1114472597045692,12,2327.0,0.15795622842342358,23,2450.0,0.14560941600721156,0,0.0,0.7671634839484363,15,866.0,0.10528610314315934,2,5.0,0.49872060203031426,2,269.0,0.3534807386242705,25,1597.0,0.014513596349408886,0,4.0,0.40796244282708877,0,2.0,0.5849552172483128,18,741.0,0.10514154570469518,14,405.0,0.3765767867984041,0,5.0,0.8073900250656695,2,9.0,0.3060455333294119,15,1033.0,0.09755618021763308,8,593.0,0.27724163275285996,157,12618.0
725.0,192,2126.0,5.2754342431761785,3.414444223816495,27,2425.0,0.1176406926066826,14,2388.0,0.16135815739403295,29,2580.0,0.16843172704468054,0,0.0,0.3898272935193719,22,961.0,0.14610693176000114,6,31.0,0.4943279416160626,8,298.0,0.14373005180691756,29,1737.0,0.02036801601489951,6,23.0,0.3737824878044189,0,0.0,0.8902444119332202,11,742.0,0.21461064290090556,14,475.0,0.33100238314774033,0,4.0,0.895550597821032,0,15.0,0.47977607177073905,11,1101.0,0.11666394590410092,15,651.0,0.02189348494428231,192,13431.0
730.0,216,2721.0,6.819548872180451,3.3469820271318915,30,2566.0,0.10703781329460367,23,2487.0,0.09629267179517098,30,2726.0,0.16445893116115368,0,0.0,0.45772990293523835,28,1083.0,0.10248187988952684,2,34.0,0.2814149913449911,14,360.0,0.1759659022250748,23,1588.0,0.16427645696701879,1,25.0,0.485141594702447,0,2.0,0.8612619930051836,13,781.0,0.28100311057808836,19,555.0,0.1436605919010763,0,0.0,0.9472838052644945,0,4.0,0.8537984311851259,14,1159.0,0.21353532191105618,19,734.0,0.15619583259004602,216,14104.0
735.0,236,3388.0,8.427860696517413,3.3522663712699177,33,2725.0,0.09675829177750514,29,2615.0,0.08345552546518341,30,2876.0,0.15509677187721221,1,1.0,0.3244861372023008,28,1044.0,0.03231625221314123,5,31.0,0.21045234981777314,18,448.0,0.3451723435519575,13,1280.0,0.31297763701463804,2,11.0,0.5114614295257569,1,6.0,0.7310525087801009,14,842.0,0.21611915195372036,21,659.0,0.11843861321772665,0,0.0,0.6655951722146648,1,3.0,0.3723548390627536,19,1245.0,0.23789033939344972,21,839.0,0.2337816769686032,236,14625.0
740.0,241,3986.0,9.721951219512196,3.2415790793574395,36,2902.0,0.07271053749602271,31,2769.0,0.10939115111529284,30,3030.0,0.08040426307160313,3,16.0,0.6298117699572761,26,893.0,0.15789478588661082,1,34.0,0.5259423467017446,20,541.0,0.2338957098102005,7,1231.0,0.21061540212544252,0,3.0,0.5738329621918108,0,4.0,0.7806606960197864,21,935.0,0.11916950764246419,21,764.0,0.0821012771648122,1,6.0,0.34664693867499635,1,10.0,0.2505294045538687,27,1363.0,0.19695603350543656,16,785.0,0.23146809463192403,241,15286.0
745.0,233,4420.0,10.574162679425838,3.5294327036166955,31,2776.0,0.10743824857033647,31,2926.0,0.11829538089494346,31,3181.0,0.037238529182161854,0,8.0,0.6382364516100446,16,911.0,0.23132104654591898,0,4.0,0.8329560762774856,24,656.0,0.18376203986913697,7,1262.0,0.13944064275756646,0,0.0,0.9728512990294043,2,8.0,0.461708040197517,28,1060.0,0.08279118902045904,21,869.0,0.1176370754459141,0,4.0,0.8842796731227325,0,4.0,0.8608828614625215,33,1517.0,0.18784347886642097,9,570.0,0.19374756027896803,233,15756.0
750.0,231,4402.0,10.60722891566265,3.320645572941507,24,2352.0,0.160182914761495,26,2739.0,0.1260350599015323,36,3351.0,0.025530270854092634,0,0.0,0.4567871319225242,12,971.0,0.26951051716283236,2,8.0,0.3401382979665523,18,654.0,0.11630846085441161,14,1325.0,0.23688462752937559,1,5.0,0.5546016794203265,1,4.0,0.47308586269175673,34,1220.0,0.026541532494921093,15,807.0,0.18585207928445258,0,8.0,0.7934273643141376,0,4.0,0.8961984408361533,36,1695.0,0.10029012233120906,12,615.0,0.12931126358973766,231,15758.0
755.0,205,3578.0,8.748166259168704,3.341774273905985,16,2440.0,0.18188827173931463,22,1941.0,0.14353002282340832,30,3150.0,0.04903485773665319,0,4.0,0.6693435023168499,8,886.0,0.24731289749424284,0,12.0,0.2429354859109541,13,525.0,0.14790086614188586,21,1414.0,0.35437536315227175,3,16.0,0.6156345306954735,2,9.0,0.49447544202305865,36,1402.0,0.023148796360457555,8,510.0,0.20558044925063332,2,11.0,0.5368353618389933,0,0.0,0.7210633495666766,31,1695.0,0.09019550222153899,13,666.0,0.06908719507009514,205,14681.0
760.0,159,2529.0,6.138349514563107,4.051210320311839,14,2511.0,0.17806497550480282,15,2017.0,0.20641590792226694,20,2585.0,0.08832613154512602,0,4.0,0.8587316377570092,8,731.0,0.1641202845912286,0,8.0,0.8102125857414569,0,452.0,0.3066211449931497,24,1524.0,0.18145196813698317,0,11.0,0.6691654128240092,0,6.0,0.5569624909944999,30,1416.0,0.14932305836655527,2,475.0,0.25976325268285766,6,31.0,0.5068821474827716,0,2.0,0.3826162968477868,25,1436.0,0.08568695166938865,15,696.0,0.2799876703912127,159,13905.0
765.0,147,1914.0,4.6911764705882355,4.1878803838700405,15,2579.0,0.15970709236443287,10,2073.0,0.22094241518698185,14,2346.0,0.13534545141152335,0,4.0,0.8377286989045969,9,715.0,0.12444633372177616,1,10.0,0.8330850163003028,7,457.0,0.1632559579514639,30,1663.0,0.00035025874981065095,1,5.0,0.46634176357665236,0,0.0,0.9517090051325933,22,1194.0,0.20051498255775096,6,500.0,0.43372686286852585,0,28.0,0.5378776188766305,0,4.0,0.8234908586960091,16,1520.0,0.09755000067855059,16,754.0,0.22933251063930185,147,13852.0
770.0,153,1479.0,3.5552884615384617,3.841691950863093,20,2372.0,0.13652007612715106,8,1834.0,0.24478271591942052,9,2399.0,0.2437677289578332,2,8.0,0.2391814894841991,9,737.0,0.21030943031511365,3,15.0,0.4866444552294945,12,506.0,0.09411265413409745,24,1567.0,0.04781581996647607,1,9.0,0.3389449413480468,1,5.0,0.5431387300776134,15,966.0,0.17410342054229946,12,549.0,0.3839112608947866,4,17.0,0.4771812295251169,0,4.0,0.8956766041877364,13,1575.0,0.10245542764790176,20,847.0,0.14339045274095624,153,13410.0
775.0,159,1307.0,3.141826923076923,3.8151183355893106,16,2446.0,0.13078705143978464,5,1362.0,0.2241757569699234,13,2454.0,0.2889539857233635,7,32.0,0.16127978243449456,13,790.0,0.23696680711087242,7,42.0,0.02180063046589707,18,585.0,0.043618443966646485,14,1226.0,0.2713729942195771,3,17.0,0.6199557954340319,3,16.0,0.5752005607428063,6,957.0,0.21298974470714413,17,626.0,0.069288601729985,6,42.0,0.31999637288486865,1,1.0,0.4348325956229659,14,1636.0,0.0969725260142089,16,688.0,0.19794564812637735,159,12920.0
780.0,156,1223.0,2.925837320574163,3.598042634502582,20,2531.0,0.11875944378213518,3,1362.0,0.21606617488296181,19,2535.0,0.17635403297972962,8,72.0,0.3930631857388404,16,759.0,0.09778386677454592,8,86.0,0.15372045524810748,22,689.0,0.07763746396895975,6,1079.0,0.28814357960160486,1,17.0,0.6032908480602064,0,13.0,0.6832300950516849,6,977.0,0.33603022960221296,17,593.0,0.06613260929226498,1,44.0,0.1833102226280712,1,14.0,0.3548715890655358,21,1727.0,0.16796121780911855,7,732.0,0.2265573240577478,156,13230.0
785.0,168,1498.0,3.583732057416268,3.9178030354339533,21,2640.0,0.10861112043886922,10,1392.0,0.20563702740851966,26,2651.0,0.08824838610607265,8,112.0,0.2997171796011219,16,634.0,0.09187650796328116,2,79.0,0.6109229076971731,22,803.0,0.22194324655485556,7,1108.0,0.2420603919608109,3,14.0,0.45047552150205655,0,4.0,0.49284846495833173,4,885.0,0.33538944318845015,10,420.0,0.3177085366119458,3,25.0,0.68675463969815,0,8.0,0.8396078759520152,28,1853.0,0.14243726406836246,8,765.0,0.1376871280940936,168,13393.0
790.0,183,1854.0,4.352112676056338,3.8528115346328633,24,2749.0,0.11534211403854606,17,1461.0,0.16451676046419283,31,2802.0,0.024485203790879866,3,99.0,0.0814103776037909,13,645.0,0.1273252819335046,0,21.0,0.8628932755516653,22,913.0,0.3236122949385074,13,1160.0,0.13125990239384838,7,43.0,0.3497970402687901,1,4.0,0.3934383164157318,4,674.0,0.26398356422506153,4,361.0,0.4384540195884159,0,16.0,0.8391161579112106,0,8.0,0.8951316514676674,28,1799.0,0.07773103145022392,16,834.0,0.04502925670262952,183,13589.0
795.0,201,2271.0,5.269141531322505,3.6010972323235984,30,2879.0,0.07883062135359253,23,1562.0,0.10197001802953069,25,2609.0,0.17541423175687426,4,52.0,0.35032805933497585,13,686.0,0.12205259183664302,0,4.0,0.5024809365309381,25,1028.0,0.13345840267751063,18,1239.0,0.04409650183944877,1,41.0,0.39699782703941267,3,15.0,0.4845906110256803,2,627.0,0.25266682144056574,8,382.0,0.3138299795554117,2,6.0,0.4559249842689791,1,3.0,0.44498563732947705,27,1495.0,0.07293207265296531,19,927.0,0.27185424065599234,201,13555.0
800.0,223,2819.0,6.480459770114942,3.7840080629854764,36,3043.0,0.0965778028298236,25,1686.0,0.15850108839094354,15,2071.0,0.3316972792544802,0,16.0,0.785402453372328,15,757.0,0.11746852474210424,6,18.0,0.10066227427587372,30,1167.0,0.032167538470032384,22,1346.0,0.019125721763628867,2,14.0,0.5330832986974723,1,10.0,0.6362973178499276,9,648.0,0.1774278762052522,15,441.0,0.17858618115929126,7,29.0,0.11355768270237593,5,22.0,0.11415291340448022,15,1586.0,0.2251464012851124,20,1024.0,0.22818716808728323,223,13878.0
805.0,218,3292.0,7.602771362586605,3.8198791983103835,31,2878.0,0.1271585924392381,19,1535.0,0.18590578586634934,7,1821.0,0.28830118130237764,0,4.0,0.8529770086139512,20,850.0,0.15687297366180625,7,51.0,3.75828775116814e-06,30,1317.0,0.040210397026472465,22,1458.0,0.13437539003413246,0,7.0,0.6037458606716869,1,9.0,0.8468082683967666,13,707.0,0.12807194086694507,20,528.0,0.04444089308878888,8,73.0,0.09028365878279346,0,20.0,0.6318983380492538,14,1638.0,0.3077897849384212,26,1148.0,0.2457777298499152,218,14044.0
810.0,206,3245.0,7.707838479809976,3.7414227972702654,24,2210.0,0.14049212002492018,12,1024.0,0.2720361992621031,6,1847.0,0.236023901893602,2,6.0,0.3362075068511292,28,979.0,0.19516268169911888,1,49.0,0.47810128423145964,24,1268.0,0.21072763450589393,22,1570.0,0.2781683369100765,0,4.0,0.867893421133209,1,3.0,0.5675591676742802,19,793.0,0.049095361063192136,25,646.0,0.03485276143157324,2,71.0,0.5268284587243278,0,8.0,0.7938690076207915,14,1696.0,0.260435221733823,26,1278.0,0.13560706570821338,206,13452.0
815.0,213,3264.0,7.555555555555555,3.793736477311187,16,2290.0,0.1831013209328571,8,1059.0,0.22269539403344724,13,1878.0,0.06969116314874248,7,32.0,0.1580792317986292,30,986.0,0.20622451106247064,0,12.0,0.7715311401508398,15,1048.0,0.3312724160946421,22,1678.0,0.3000922120250982,0,4.0,0.911698085167168,2,11.0,0.5550241757962339,27,916.0,0.02690257187432612,25,775.0,0.03502111904963835,0,15.0,0.8839516562508318,0,4.0,0.7625680074302152,22,1790.0,0.1306819359085879,26,1408.0,0.036110733864606365,213,13906.0
820.0,216,3291.0,7.513698630136986,3.6453092342714273,14,2363.0,0.2141899688262756,8,1090.0,0.23265207334628987,18,1957.0,0.07160354623505924,2,40.0,0.5443684771444498,28,877.0,0.18494009106637174,1,14.0,0.8034901095106474,15,1049.0,0.209130718813201,24,1795.0,0.09529206225464268,2,6.0,0.5052406196067594,1,5.0,0.5513392125009074,29,910.0,0.14362033815013492,19,750.0,0.20715654198455882,1,17.0,0.7348919345346925,0,8.0,0.7898465654928325,28,1915.0,0.04181557604982534,26,1538.0,0.034576360988177256,216,14334.0
825.0,189,2855.0,6.563218390804598,3.9738241284334257,11,2135.0,0.18629522531944184,10,932.0,0.20542107567927967,23,2071.0,0.22581625564318972,0,12.0,0.6795270233280886,20,979.0,0.13422239691770596,1,19.0,0.7866014104747483,12,1113.0,0.1391615733763887,29,1932.0,5.9583606368288834e-05,1,13.0,0.37443592587420743,1,9.0,0.6171323420893006,22,723.0,0.20912230747854896,9,574.0,0.3948447372745931,1,24.0,0.7695055095418208,0,4.0,0.7688338100722811,29,1848.0,0.02228856723447064,20,1419.0,0.08870802181545542,189,13807.0
830.0,157,2154.0,4.884353741496598,4.404942517158212,10,1630.0,0.2074083719097403,9,619.0,0.2773602596483181,23,2186.0,0.30442122578187264,1,7.0,0.14878123944980423,14,1039.0,0.11524767814323562,3,26.0,0.11355563176138325,15,1175.0,0.09393076135361436,23,1779.0,0.05335539224449121,2,15.0,0.6712414241737668,1,14.0,0.7799634331533302,15,750.0,0.17152594879279623,8,571.0,0.2003690364691016,1,29.0,0.7680762079655422,0,4.0,0.874623613378219,22,1587.0,0.12881709849089115,10,1056.0,0.2777630337218918,157,12487.0
835.0,147,1636.0,3.769585253456221,4.278488560557657,11,1139.0,0.23832034771357763,6,565.0,0.23021174714276027,25,2306.0,0.14738038280267177,1,12.0,0.5464609819470618,16,1099.0,0.14766880462879203,7,58.0,0.06633128260035313,21,1269.0,0.14901008228910526,13,1252.0,0.24762278301190635,1,12.0,0.6947272781768135,0,4.0,0.7842590367859091,12,811.0,0.10913380859375955,9,618.0,0.14160366030104596,0,5.0,0.3969999252013592,0,2.0,0.7222207113130628,18,1680.0,0.21794925314075775,7,935.0,0.3063334057093515,147,11767.0
840.0,160,1642.0,3.9095238095238094,4.050954012813214,8,1166.0,0.21127489616634165,8,592.0,0.19827979438965823,31,2450.0,0.00020342087270857278,0,0.0,0.9005183588523423,23,1200.0,0.05946215187321073,1,44.0,0.2582333031034023,27,1394.0,0.22768051220266355,7,1298.0,0.33492704704986553,3,18.0,0.5237421683143406,3,10.0,0.5498658410920242,13,872.0,0.13021358363475508,15,680.0,0.21424415452486467,0,4.0,0.8004440171850385,0,2.0,0.8735237100958856,14,1759.0,0.19077806008175707,7,971.0,0.27433359594228446,160,12460.0
845.0,191,2011.0,4.811004784688995,3.8273317303698415,10,1180.0,0.2756245793490833,12,641.0,0.19675518698835417,25,2217.0,0.023346827271855858,0,4.0,0.6316627594063233,25,1171.0,0.12038045915807045,0,12.0,0.8217686696888429,30,1539.0,0.17735624981710157,9,1331.0,0.2150799561339346,7,44.0,0.3443346254466739,1,8.0,0.45618241880586496,19,960.0,0.17581765198291863,22,773.0,0.2216420113276804,1,8.0,0.7914772866364064,0,4.0,0.8934648819878711,16,1828.0,0.12888103814466045,14,1026.0,0.14247480671437052,191,12746.0
850.0,211,2354.0,5.525821596244131,3.7759165024736747,16,1246.0,0.2348004991491234,14,565.0,0.16521425565868916,16,1398.0,0.1749891862615955,0,4.0,0.6580906364611762,21,1009.0,0.17998601464740271,1,14.0,0.8286594455543289,34,1700.0,0.0402200803359177,14,1392.0,0.0631561726191002,2,45.0,0.41148321179098335,1,9.0,0.7331995081484713,28,1081.0,0.20281879062719702,26,894.0,0.09464379877626801,1,9.0,0.7728121335725607,0,4.0,0.8447266243323538,19,1704.0,0.06796877165359984,18,1113.0,0.16209340853417337,211,12187.0
855.0,215,2712.0,6.411347517730497,3.968451706459937,17,1107.0,0.16596925268680315,14,378.0,0.20935934914972887,10,1459.0,0.25709113855662485,0,4.0,0.7953032287946535,14,768.0,0.15667355699714758,1,19.0,0.8219617992309118,35,1875.0,4.6966782079462287e-07,20,1481.0,0.19690867311962615,1,16.0,0.6943845986616752,1,6.0,0.8081364991010568,35,1236.0,0.14696019155667842,26,1024.0,1.6521512624613205e-06,0,0.0,0.6138729148784381,1,7.0,0.7515187109334458,16,1267.0,0.1431631218771608,24,1225.0,0.2988254817163355,215,11872.0
860.0,203,2941.0,6.936320754716981,3.724197659714931,16,809.0,0.1455108804172241,10,208.0,0.2650582956987748,9,1501.0,0.1758588810319404,1,5.0,0.4127642270838125,7,807.0,0.2044126219362166,3,28.0,0.5713295003029182,35,2050.0,0.05167749711005521,16,1314.0,0.26293829040739863,2,19.0,0.7347745256642695,2,13.0,0.7326501126426155,36,1414.0,0.04477553817961044,20,1006.0,0.025823939640808553,2,15.0,0.24565086454984997,1,8.0,0.6922720600248639,16,1236.0,0.26208884770762886,27,1354.0,0.08589598336946798,203,11787.0
865.0,191,2712.0,6.366197183098592,3.5842390370652226,14,874.0,0.17003752012782603,5,216.0,0.29600027505614607,14,1560.0,0.061200789791755326,7,28.0,0.44737192169750817,8,833.0,0.27412950814638476,10,62.0,0.3234234772613023,29,1988.0,0.13816814834726668,9,953.0,0.23171162765247935,4,32.0,0.4720725027823129,0,4.0,0.46898273856810063,32,1409.0,0.042486115284029104,10,824.0,0.15692240482642245,4,35.0,0.6482385599477525,1,13.0,0.45895215449828247,12,1304.0,0.252192527419387,32,1510.0,0.03022869073207136,191,11645.0
870.0,185,2463.0,5.7546728971962615,3.83647177797134,13,938.0,0.17090800651849694,8,217.0,0.3073035582354962,21,1634.0,0.0460491252235155,7,63.0,0.3776049529064112,14,891.0,0.27863075951712263,13,122.0,0.2456364234362599,19,1673.0,0.1556953364226069,4,892.0,0.31573432592431605,9,68.0,0.1843988274858158,4,17.0,0.38349556754216085,24,1229.0,0.18557813191234807,4,798.0,0.3728547738801049,0,23.0,0.7561606314691398,0,4.0,0.8105629333817195,13,1363.0,0.18587217046994844,32,1670.0,3.81685533632774e-07,185,11602.0
875.0,189,2461.0,5.670506912442396,3.530895394231191,9,818.0,0.21039360168918217,15,278.0,0.2005957412157095,24,1754.0,0.18210833972915635,2,58.0,0.13199786056895269,21,980.0,0.21583351102663478,13,187.0,0.12846799843257659,14,1756.0,0.1257965471944972,8,912.0,0.2532418611812609,14,132.0,0.24543462684973716,0,16.0,0.499608461889416,16,1157.0,0.25568659722698406,8,828.0,0.3127502279394165,0,4.0,0.5278660455115651,0,4.0,0.8592735542013139,19,1451.0,0.06501636303415373,26,1586.0,0.02365931560755529,189,11921.0
880.0,210,2506.0,5.669683257918552,3.6879185709100453,6,546.0,0.22386963041971242,19,366.0,0.23254710807907542,24,1874.0,0.3285734206654312,5,28.0,0.25542455557453075,28,1105.0,0.13707011092428403,10,225.0,0.06224827956993774,12,1821.0,0.11030619788311963,14,969.0,0.05583254222672443,14,202.0,0.21532795139693284,2,6.0,0.566841736240587,13,1223.0,0.19034575202995038,15,886.0,0.2601751038464562,5,19.0,0.2899097864573926,0,0.0,0.43618410546484265,27,1575.0,0.12939425652944309,16,1188.0,0.20446535650855027,210,12033.0
885.0,221,2593.0,5.960919540229885,3.1979360166449258,5,514.0,0.20694416517958789,24,477.0,0.1024400323182329,28,2000.0,0.1773101722678057,1,29.0,0.5653149831715155,35,1266.0,0.04554827707541537,5,184.0,0.07806506653767832,16,1889.0,0.16309280764224993,21,1064.0,0.02167841837258398,9,203.0,0.2344094712529184,0,7.0,0.5752517447176934,11,1137.0,0.14316268772386742,21,983.0,0.1443317793501394,7,53.0,0.2867191264871001,0,4.0,0.4237634993847593,28,1474.0,0.1513086713788884,10,1158.0,0.3379781114169997,221,12442.0
890.0,215,2810.0,6.50462962962963,3.269798080241227,8,547.0,0.20543213836545235,30,617.0,0.10918858659448126,32,2153.0,0.11515555545800378,1,5.0,0.6932064993169745,36,1446.0,2.736465712614386e-05,2,190.0,0.22344739727275778,23,1989.0,0.195605138105388,15,942.0,0.20256414076598195,3,127.0,0.4015541338669281,0,4.0,0.8963462715146738,7,919.0,0.26594942889766227,27,1108.0,0.17185313270473324,1,49.0,0.25870437135418906,0,8.0,0.7814487898141249,23,1205.0,0.09660563986679592,7,1194.0,0.3122040656401785,215,12503.0
895.0,218,3070.0,7.041284403669724,3.400897132684636,14,606.0,0.19500816662828901,30,767.0,0.11089678125835735,29,2020.0,0.03957881544098624,1,14.0,0.4621747871806748,32,1450.0,0.021769153607454093,8,203.0,0.39114914941800155,31,2123.0,0.1759775004202864,5,516.0,0.4347584031324254,2,105.0,0.39548920302577695,0,4.0,0.7597154657160917,5,877.0,0.2987999432283545,31,1255.0,0.10022484365962497,2,18.0,0.2814382339603309,0,8.0,0.8543355030432013,15,1298.0,0.10654882197632305,13,1245.0,0.22665747913042503,218,12509.0
900.0,217,3118.0,7.0542986425339365,3.771558732271488,20,695.0,0.11234755659799157,24,807.0,0.13283618838690883,20,1592.0,0.11190045525125439,1,19.0,0.721988083507176,23,1293.0,0.18309491541076037,9,224.0,0.5205568259766435,33,2287.0,0.07383339945573411,3,524.0,0.44551620171898637,6,123.0,0.3415855707387588,3,11.0,0.5721966096852342,9,892.0,0.2204836656578298,35,1426.0,0.0740136752338979,0,4.0,0.8125302469313133,0,4.0,0.7339819835998609,12,1358.0,0.21717717021717034,19,1329.0,0.14725514057191508,217,12588.0
905.0,210,3146.0,7.053811659192825,3.915258672494932,26,814.0,0.10993953554299567,16,723.0,0.20504434209999126,9,1386.0,0.20677541313973852,0,2.0,0.8908669057047137,16,1386.0,0.204632760535488,9,269.0,0.44101540729059274,33,2456.0,0.026977531749848745,8,554.0,0.23688185036456647,1,95.0,0.6132217036705504,2,13.0,0.4230271409214805,13,949.0,0.20892307560514842,35,1601.0,1.9666932019601014e-07,0,4.0,0.8955872051971632,1,7.0,0.3695908314577959,14,1420.0,0.2767376927348808,27,1450.0,0.05955481725573973,210,13129.0
910.0,228,3464.0,7.613186813186813,3.7348226619748037,27,809.0,0.11832735759766672,8,739.0,0.24497510615339887,6,1405.0,0.27735481533099815,0,0.0,0.7483952083879744,13,1450.0,0.19796221651267293,12,323.0,0.2322772157977016,33,2621.0,0.0937063241748869,14,613.0,0.0004124035309930802,2,11.0,0.7184008949852425,3,21.0,0.6598031064386103,18,964.0,0.13026266864606553,35,1781.0,0.03217973714502891,0,0.0,0.8404557241285011,5,25.0,0.39886883137276524,22,1504.0,0.161013884747408,30,1598.0,0.08728016576140074,228,13864.0
915.0,241,3824.0,8.612612612612613,3.1731566924397105,24,664.0,0.14781649640567088,8,770.0,0.24585678949600243,13,1452.0,0.2178975947765004,4,8.0,0.022750223401393387,9,1347.0,0.27383729724471845,15,399.0,0.17981006094196395,33,2786.0,0.14113276046793818,14,683.0,5.432240152057057e-07,1,6.0,0.5277551329154099,3,36.0,0.665807244034471,22,1064.0,0.042950461757817304,30,1736.0,0.1542383088909858,1,5.0,0.22738578512282706,7,59.0,0.49144397178393934,27,1626.0,0.03156918954700815,30,1748.0,0.05817805855419314,241,14389.0
920.0,226,3744.0,8.470588235294118,3.01780972345421,17,598.0,0.19536770014860805,8,718.0,0.21257996101656917,19,1532.0,0.0924497136276027,0,15.0,0.5383125071296129,8,1031.0,0.2404714696467681,15,476.0,0.31143500337490415,27,2644.0,0.11806765831549848,8,565.0,0.11806981498736119,5,21.0,0.3821402249253335,5,54.0,0.3391181955778341,26,1176.0,0.02710648351885451,21,1378.0,0.23616204835578872,2,19.0,0.7188147363439047,7,90.0,0.4129209693085703,34,1786.0,0.013604900772904108,24,1645.0,0.01621998378079497,226,13748.0
925.0,188,3005.0,6.737668161434978,3.62869051763762,9,646.0,0.24759294923499592,8,573.0,0.23041741517972888,24,1650.0,0.14756702298710547,0,0.0,0.916343351847525,3,975.0,0.13927771970767028,16,552.0,0.18208840863756426,20,2113.0,0.20873313208200975,0,309.0,0.6302483250064224,6,52.0,0.5277046830912436,10,97.0,0.3248926651927082,28,1308.0,0.02386205443956969,14,1457.0,0.17661742654284973,0,8.0,0.9155692122350727,4,81.0,0.2545021734667619,31,1721.0,0.12038022796189045,15,1324.0,0.16194156584393735,188,12866.0
930.0,171,2411.0,5.43018018018018,3.5522526350340713,10,675.0,0.2539228557348381,7,602.0,0.21048325964901785,27,1775.0,0.16431339288615374,0,0.0,0.3289001663009944,7,994.0,0.16639426905911237,21,649.0,0.02227823243649675,9,2043.0,0.17706713311819136,3,311.0,0.5036205323212187,1,45.0,0.6012100754877643,4,93.0,0.3800857785466151,31,1455.0,0.1192103451823331,10,1519.0,0.12631374707320078,2,7.0,0.5110586903293666,6,42.0,0.31394005769536604,22,1455.0,0.18080555043136065,11,1374.0,0.28801658412405967,171,13039.0
935.0,191,2473.0,5.483370288248337,3.630623359114277,17,743.0,0.17528965122038084,8,639.0,0.1905495771318913,30,1920.0,0.17860887718697588,4,16.0,0.13587582205020118,13,1044.0,0.11233772780822676,23,764.0,0.03885545680191815,6,2068.0,0.18943166646070472,9,340.0,0.14952085572353863,3,13.0,0.49773789756785675,2,42.0,0.6511236807341383,34,1616.0,0.2020745927372897,14,1578.0,0.22794679607624077,0,7.0,0.3566705346769505,1,32.0,0.3054479503637375,18,1548.0,0.07876048817160325,9,1422.0,0.22555451552482314,191,13792.0
940.0,220,3225.0,7.087912087912088,3.6128109987878787,23,845.0,0.1387645048612739,14,699.0,0.17631688104151658,30,2068.0,0.08435699796644597,0,14.0,0.672520903978499,18,1122.0,0.06948991253044019,23,879.0,0.16498445092856615,13,2119.0,0.2108942526456002,9,249.0,0.04818321823360211,3,13.0,0.3717895233532475,1,23.0,0.7031772749749293,37,1790.0,0.13938695139666263,22,1672.0,0.19488678950158145,2,4.0,0.25245282326771074,0,7.0,0.7346293577896996,10,1354.0,0.19393677022430258,15,1481.0,0.12999520799481215,220,14339.0
945.0,232,3857.0,8.686936936936936,3.4094377267685654,30,984.0,0.08083823269167086,21,791.0,0.12569221400292477,30,2222.0,0.02772041939993427,0,2.0,0.881279224167948,19,1066.0,0.06135943324611478,23,994.0,0.22208298039965785,19,2203.0,0.21578599868665801,0,121.0,0.4398711317320823,5,32.0,0.37803895216708017,2,31.0,0.40702209557851227,31,1772.0,0.1155800570044143,28,1805.0,0.13383207375299916,0,4.0,0.8165905183739346,0,8.0,0.8788105574766594,3,1359.0,0.2510423304465917,21,1573.0,0.12461097245098472,232,14967.0
950.0,240,4007.0,9.045146726862303,3.4124422264735688,31,1028.0,0.10444584892793846,27,921.0,0.14215678528684514,24,2047.0,0.07975816309492209,0,4.0,0.7438212070338434,17,835.0,0.2192638146062436,23,1111.0,0.24566874268592181,25,2319.0,0.12678053615620272,2,93.0,0.5121613277799599,1,27.0,0.4216612168322593,2,19.0,0.3839028872000414,27,1557.0,0.0993612482041719,23,1727.0,0.16655680237106546,0,6.0,0.8611451649784144,0,4.0,0.8724676594153943,10,1373.0,0.16737829297232543,28,1696.0,0.1279192891088296,240,14767.0
955.0,230,3948.0,8.832214765100671,3.425811288649003,25,947.0,0.14664402773554683,27,1056.0,0.17898095859747637,15,1559.0,0.2068289391635483,2,9.0,0.49591812079277137,16,854.0,0.26861138507624244,26,1231.0,0.07732214532855024,25,2444.0,3.9246509303348766e-06,8,116.0,0.2891141318110823,3,13.0,0.4758723060759627,1,12.0,0.6631070842106549,17,1652.0,0.09608633992219236,22,1443.0,0.16495739163223833,0,6.0,0.56707155820634,0,4.0,0.3431829258262303,10,1240.0,0.08493826626263327,33,1858.0,0.07249306549331093,230,14444.0
960.0,211,3739.0,8.440180586907449,3.212540015581989,17,895.0,0.19578538314279342,24,1041.0,0.13342808115991958,7,1380.0,0.18809929170278186,5,36.0,0.5245043455932655,15,924.0,0.18771154822779118,30,1374.0,0.13252638212438567,25,2569.0,0.07195969921501541,9,161.0,0.22629695505853187,0,11.0,0.47609057907035207,3,20.0,0.5264373299962586,13,1711.0,0.08876514944743492,12,1436.0,0.15038866883181906,5,26.0,0.4788263518103337,0,6.0,0.2494210200983996,11,1221.0,0.16612576385373273,35,2030.0,0.03141529665214625,211,14841.0
965.0,186,3378.0,7.729977116704806,3.3717544227664535,9,934.0,0.21591239389946257,22,835.0,0.15515924386793278,7,1413.0,0.15961140820716876,1,32.0,0.5564671756744636,15,992.0,0.10162727660366783,30,1524.0,0.11019290247737007,19,2385.0,0.13878352679667855,5,131.0,0.14263357394300996,0,4.0,0.8648724153273569,7,38.0,0.32152970956919597,14,1777.0,0.08384703424559771,9,1481.0,0.1307983531285247,1,26.0,0.4756240617661942,0,4.0,0.847315330401905,11,1265.0,0.18699629597794395,36,2209.0,0.12104660312488201,186,15050.0
970.0,190,3018.0,6.874715261958998,3.7497481819962473,10,957.0,0.25235625985890153,14,847.0,0.2190469582788923,14,1469.0,0.20247016780932478,6,28.0,0.43013140724578997,14,925.0,0.2126860867786484,25,1467.0,0.04110429540777699,9,1904.0,0.2382605223716635,3,74.0,0.6461021376167311,0,4.0,0.9397614029277949,8,75.0,0.31994684848972954,15,1657.0,0.15833126586638557,14,1545.0,0.11556426783868143,5,28.0,0.5137376363263976,0,4.0,0.9059210143250789,17,1330.0,0.10320433881442377,36,2387.0,0.1526219780288075,190,14701.0
975.0,185,2607.0,5.898190045248869,3.820126705135992,17,1025.0,0.13945625511605964,10,896.0,0.2115898973782757,20,1557.0,0.2726970494351702,7,59.0,0.3862698167416944,11,724.0,0.28042586760450455,17,1185.0,0.18157688466906008,1,1661.0,0.3289117207461594,2,37.0,0.7362636240474716,0,0.0,0.7148940635253074,2,69.0,0.44920291373086724,13,1334.0,0.2496500414790566,22,1639.0,0.1981029845122472,7,59.0,0.32930783400438224,0,0.0,0.9126550391844103,20,1423.0,0.03308878732474365,36,2565.0,0.08071780767584896,185,14233.0
980.0,204,2508.0,5.548672566371682,3.4073251335165997,18,936.0,0.12780987150202677,13,951.0,0.2135814828289999,22,1665.0,0.23503100184078624,7,94.0,0.46707820518124776,13,777.0,0.19587179699869367,13,1240.0,0.1876981731906156,7,1685.0,0.26934407727853205,4,38.0,0.4914752424769431,2,4.0,0.5335804898411685,2,23.0,0.7158893734323442,13,1317.0,0.15694023766366605,28,1764.0,0.18096661214130283,1,53.0,0.16854927139302872,0,4.0,0.4826588666100531,28,1548.0,0.047791917700967364,33,2444.0,0.019687600855949422,204,14543.0
985.0,198,2350.0,5.131004366812227,3.3672846515161865,17,1009.0,0.13492124472516084,18,1035.0,0.15638102645930804,22,1775.0,0.2133873539149244,1,79.0,0.44491394917796406,13,840.0,0.11264404171217231,11,1299.0,0.13272382413036715,7,1469.0,0.3185804926156362,5,31.0,0.23940203641819408,0,2.0,0.5465478615556275,2,29.0,0.6025671153394365,13,1392.0,0.10600696593048645,30,1679.0,0.1269514207549069,3,26.0,0.2708468479078597,0,8.0,0.7467371404875699,32,1700.0,0.1440622638402732,24,1958.0,0.06174371490098662,198,14331.0
990.0,208,2528.0,5.6177777777777775,3.381254532150983,18,1091.0,0.13312544177249055,25,1151.0,0.0847920575821369,25,1894.0,0.045156937482607726,4,26.0,0.12162486065061756,13,782.0,0.08830757898596896,15,1367.0,0.10329343334665808,6,1022.0,0.3641244429940603,5,29.0,0.4776065173322575,0,0.0,0.9306611152430372,5,46.0,0.29325687071790424,15,1460.0,0.2145957419077891,26,1429.0,0.10869996408625704,1,26.0,0.7527979371046422,0,8.0,0.857602928701788,36,1878.0,0.11952951908352973,14,2030.0,0.11694262127447644,208,14239.0
995.0,201,2571.0,5.62582056892779,3.1668983375085564,18,1189.0,0.13075775084714023,25,1126.0,0.14061367977737368,29,2032.0,0.08763042800514352,3,38.0,0.07679605111219316,9,595.0,0.10867997373099866,23,1468.0,0.1322088360579566,2,932.0,0.237783840202077,3,40.0,0.4590248153432249,1,7.0,0.5476833660521623,4,38.0,0.30342130006473417,18,1462.0,0.23096640264756554,16,1409.0,0.13999218196891833,1,13.0,0.8408206857845469,1,9.0,0.5505173976275125,36,2058.0,0.028050063657462636,12,2077.0,0.11834516285567148,201,14493.0
1000.0,217,2979.0,6.59070796460177,3.1875460706383207,23,1288.0,0.11933640200998899,17,850.0,0.19030801902367447,29,2177.0,0.08842470971890684,1,27.0,0.6458651756068835,8,620.0,0.21664520665332956,29,1601.0,0.09872155756299153,7,952.0,0.15840349499291526,4,31.0,0.432364240025846,3,20.0,0.6394352963763218,3,27.0,0.4776918310645575,23,1566.0,0.1361910610824663,12,1445.0,0.1370977803368596,1,8.0,0.35850449358987746,6,26.0,0.30526437062939676,36,2238.0,0.014992665779168995,15,2143.0,0.216330330960904,217,15019.0
1005.0,247,3587.0,7.91832229580574,3.2257735588258027,29,1420.0,0.07872415204319126,8,826.0,0.2553414286889143,23,2028.0,0.026463313427120792,2,16.0,0.6131333209758931,11,670.0,0.21755441916619989,35,1759.0,0.0005707329291751248,14,1006.0,0.05796350298499902,9,60.0,0.36008232354017655,0,14.0,0.723695208414128,4,28.0,0.33070381586202724,29,1697.0,0.08668191557708238,14,1488.0,0.10083735616960056,6,27.0,0.180318720474385,6,56.0,0.4621367530918967,36,2422.0,0.02330150355940307,21,2236.0,0.2412983857100589,247,15753.0
1010.0,256,4055.0,9.011111111111111,3.321075921330546,35,1584.0,0.09525762131477958,6,854.0,0.25587206456379197,16,1590.0,0.10953658842593725,2,26.0,0.6841951071439001,14,735.0,0.15764361436515292,36,1939.0,0.07343099219391405,16,1085.0,0.05630507231379418,9,100.0,0.1711822005072303,1,6.0,0.4756282606130823,1,24.0,0.3950785311112175,30,1842.0,0.11410483799305547,19,1575.0,0.17933511965090146,6,57.0,0.44326395618127795,6,90.0,0.39908048434537896,31,2347.0,0.1346787623237058,28,2364.0,0.21506776665076405,256,16218.0
1015.0,229,3895.0,8.733183856502242,3.2458967739593225,31,1577.0,0.1036972442267262,8,770.0,0.2582200546100371,7,1390.0,0.18892254766920893,0,6.0,0.5769982836129781,21,827.0,0.03997766485771612,36,2119.0,0.1505199169367233,11,905.0,0.08732440201245255,3,100.0,0.21576689166638596,1,9.0,0.40655500305462644,0,9.0,0.668279019152756,31,1990.0,0.07694965865366751,26,1694.0,0.18212172132307836,0,47.0,0.5539433867713912,3,76.0,0.35569996191778325,22,1918.0,0.27945248934169237,29,2509.0,0.10792414091179647,229,15946.0
1020.0,218,3947.0,8.970454545454546,3.863757930116183,25,1402.0,0.13807503719560765,6,546.0,0.33831644828939206,6,1393.0,0.30535710827523815,2,8.0,0.3695911320330507,29,955.0,0.05600732681307403,36,2299.0,0.19236144453918738,1,481.0,0.3172888248550573,0,43.0,0.8017776069995531,3,12.0,0.6262943278118549,0,4.0,0.8805804116125188,33,2153.0,0.003131201334465441,29,1836.0,0.08574996946283683,0,4.0,0.466175418753939,0,19.0,0.6243587150152368,14,1999.0,0.27685725617467416,34,2671.0,0.09592534187452814,218,15825.0
1025.0,224,4476.0,10.126696832579185,3.8142585327907663,15,1408.0,0.1823355777031145,2,555.0,0.24527355292878542,12,1442.0,0.34829170070220816,1,9.0,0.30531942722400607,34,1108.0,0.1561194753051623,36,2479.0,0.11959849782245187,4,483.0,0.26827427637322737,1,21.0,0.8363947807427375,1,13.0,0.6582882655224368,0,4.0,0.916422304288714,37,2335.0,0.02385763541180592,29,1985.0,0.02712189877762356,0,4.0,0.6470335897873406,3,22.0,0.4876419682260029,13,2071.0,0.20938366548340695,36,2850.0,0.15004892344037907,224,16789.0
1030.0,236,4812.0,10.886877828054299,3.743694939613692,12,1467.0,0.20720932208306345,8,581.0,0.25394232363398983,19,1523.0,0.28337968618924264,0,1.0,0.8312091335570679,36,1287.0,0.20898050959389616,36,2659.0,0.025315486864976925,9,511.0,0.21861353478461007,2,24.0,0.44561479368358725,1,13.0,0.4240686669410368,0,0.0,0.5634990071361083,32,2247.0,0.1261371993095345,29,2132.0,0.16085315971682393,0,4.0,0.8513100303977464,7,48.0,0.2741266544725667,15,2140.0,0.08544094670605638,30,2724.0,0.11851230421145834,236,17361.0
1035.0,235,4789.0,10.859410430839002,3.773033612449325,11,1358.0,0.1971931862190013,13,639.0,0.18917645529043053,21,1627.0,0.2459363837815674,0,0.0,0.8238093608795675,36,1467.0,0.14890766345045672,30,2545.0,0.016073594772795435,4,331.0,0.4870678008491107,7,54.0,0.17727706324444367,7,39.0,0.2844081072156672,3,11.0,0.425962330324628,22,1939.0,0.20396547021606454,29,2279.0,0.20641696194878456,0,4.0,0.8838299814541516,7,83.0,0.12143245163166415,22,2234.0,0.04922473267922297,23,2159.0,0.07004522520896138,235,16769.0
1040.0,224,4804.0,10.993135011441648,3.6216561453841063,8,1011.0,0.23935528166127307,19,724.0,0.25405391111094233,24,1738.0,0.01939330881116098,0,0.0,0.7972297679112682,36,1647.0,0.06042746122151064,21,2184.0,0.0896626067989605,0,95.0,0.7596841017878512,7,89.0,0.503123738562597,8,77.0,0.3189172944789897,0,6.0,0.5201254234145024,15,1901.0,0.12796518246579333,35,2439.0,0.11559836524576271,1,5.0,0.46957105002909855,7,122.0,0.10055337338719553,29,2365.0,0.053612262837713004,14,2242.0,0.19316939749835588,224,16645.0
1045.0,216,4613.0,10.77803738317757,3.185043840981903,5,1022.0,0.20556256353004482,25,841.0,0.1513813997103425,28,1876.0,0.037004930618843204,2,3.0,0.3192165232281003,36,1827.0,0.0,15,2275.0,0.21903670722187504,2,51.0,0.5094372283589923,7,124.0,0.5043580906483623,3,71.0,0.39958673686868823,0,4.0,0.7904540967924508,12,1973.0,0.11215636574396887,36,2618.0,0.07053772328699193,0,2.0,0.24211340011605736,1,99.0,0.5196869771493202,35,2523.0,0.1316828189615918,9,2283.0,0.2510968010778255,216,17592.0
1050.0,232,4794.0,11.306603773584905,3.187512326360961,7,1051.0,0.1895530093532855,30,985.0,0.08804446272082952,28,2016.0,0.14863958842680458,7,26.0,0.04229820435291409,36,2007.0,0.02679463129174546,13,2349.0,0.28634884092441604,3,64.0,0.21948907890696978,11,169.0,0.08469515878026027,3,29.0,0.4855001031792756,0,4.0,0.8682129794671166,13,2034.0,0.21290167070202348,31,2524.0,0.08744451518280676,0,2.0,0.4622252512500198,0,20.0,0.8533075579858316,36,2703.0,0.09490043832413467,14,2339.0,0.19623352555532958,232,18322.0
1055.0,235,4679.0,10.806004618937644,3.201058582692916,9,936.0,0.1950031745557656,30,1139.0,0.1301519669820993,28,2156.0,0.18641640042183127,2,36.0,0.27272431827764415,31,1952.0,0.08904229796288284,16,2412.0,0.27173031382609747,8,97.0,0.0989523344652914,15,242.0,0.036711244699573556,1,21.0,0.454690455790138,0,4.0,0.678597291612435,20,2121.0,0.1961542683922112,22,2138.0,0.18586951718970462,2,10.0,0.5443489695275916,1,3.0,0.5193909661075958,30,2591.0,0.029168076243414828,20,2432.0,0.07185377998952452,235,18290.0
1060.0,237,4405.0,10.080091533180777,3.3631599976228466,8,726.0,0.21185495614757524,25,1114.0,0.1851717747530821,28,2292.0,0.1254449624977748,0,11.0,0.8196482699555386,27,2090.0,0.07376914513096333,23,2514.0,0.16470947661059684,8,137.0,0.26283320890763423,15,319.0,0.23623792198311624,1,9.0,0.6377970799303148,3,13.0,0.5369198670355497,29,2245.0,0.08386708076015661,14,2079.0,0.1979657347664017,2,20.0,0.7811197702920047,1,8.0,0.4841451119713409,25,2238.0,0.07335240603611802,28,2559.0,0.07791115119247957,237,18374.0
1065.0,224,3894.0,9.034802784222737,2.9301224348622084,5,742.0,0.1799935916129423,22,925.0,0.14667068766834224,22,2125.0,0.04803780467764678,0,2.0,0.8270009538095278,25,2222.0,0.04537634439590318,29,2650.0,0.031020259120776963,8,177.0,0.3346646287976673,15,394.0,0.33127468406798277,1,14.0,0.8172279682829939,2,11.0,0.36149542043554694,34,2400.0,0.02836411771038911,10,2132.0,0.1437155812077074,1,9.0,0.6003171466516014,0,4.0,0.3027940476552089,17,2326.0,0.09396278485844413,33,2713.0,0.13097359467823316,224,18846.0
1070.0,216,3450.0,7.967667436489608,3.651585016187457,10,780.0,0.18157369448361121,15,642.0,0.24344131150327483,15,1640.0,0.24672376127089915,0,4.0,0.6662112953177428,19,2112.0,0.11380968786763171,32,2810.0,0.01306946464449708,2,114.0,0.3681092478723064,15,467.0,0.3071612627794945,1,19.0,0.7953306059410732,2,12.0,0.6438732461497624,36,2580.0,0.12490697626120002,13,2185.0,0.09004550197384548,6,24.0,0.4188619069786633,1,9.0,0.677521885147344,14,2397.0,0.20364386064669993,35,2886.0,0.1696720287957996,216,18681.0
1075.0,191,2895.0,6.716937354988399,3.5829912387942717,15,847.0,0.16631101621488464,5,673.0,0.28000779135451764,4,1389.0,0.40776821165707794,3,12.0,0.5770872169435841,8,1890.0,0.15594894766548173,27,2670.0,0.06813010395601066,3,49.0,0.23628258420018433,15,544.0,0.29570815809489026,3,29.0,0.6306086339045125,1,2.0,0.606111620139746,33,2494.0,0.18696919701737572,20,2276.0,0.04424917026438143,7,58.0,0.2771083829616112,0,4.0,0.8844190185370123,17,2467.0,0.20564979548162765,30,2714.0,0.09866967099208972,191,18118.0
1080.0,196,2690.0,6.113636363636363,3.4229692921615453,23,945.0,0.10684238265584978,9,691.0,0.3160815178095678,7,1405.0,0.3399138979526404,0,13.0,0.6132500919380647,11,1929.0,0.14672350427361924,22,2255.0,0.10061931002040726,1,37.0,0.7092327177035683,15,623.0,0.1557488950004258,7,55.0,0.27277097615242335,3,14.0,0.4248935409073162,25,2038.0,0.1409227931248648,27,2400.0,0.1709822667538321,1,52.0,0.44791292344549444,0,4.0,0.6653938650845485,22,2559.0,0.09729548537361563,23,2240.0,0.07207346916706733,196,17260.0
1085.0,212,2840.0,6.382022471910112,3.1816349282662313,28,1075.0,0.10385643617285008,9,617.0,0.196393345304006,9,1204.0,0.13111402254863075,4,18.0,0.4287146770064388,14,1992.0,0.18603317708046901,14,1611.0,0.15629844593094852,1,32.0,0.8275992394773567,21,715.0,0.14288662691207912,12,114.0,0.2548108032113971,0,7.0,0.5465667059713435,19,2130.0,0.1547762509230776,33,2551.0,0.14567621085204857,2,14.0,0.42119278816650546,2,8.0,0.5744088496696719,30,2698.0,0.03159023737745346,14,2191.0,0.10609235830905449,212,16977.0
1090.0,216,2663.0,5.944196428571429,3.6964772888522073,30,1059.0,0.11004030507715357,10,481.0,0.24090853310501756,11,711.0,0.0938006924884675,7,48.0,0.4693330001259463,21,2075.0,0.12884212573131165,6,1653.0,0.35893250958877726,3,38.0,0.5594596749313179,16,677.0,0.26098560368281504,13,179.0,0.3845753084561377,0,0.0,0.9158398857325556,11,2181.0,0.17699547113758726,36,2727.0,0.06726796154802925,3,20.0,0.4927879363615514,2,20.0,0.7578737151387678,36,2867.0,0.12523583361976745,11,2229.0,0.1955497253632726,216,16965.0
1095.0,189,2200.0,4.910714285714286,3.4565063250625037,24,873.0,0.15044238038009192,3,499.0,0.3273422715452667,6,742.0,0.16209222479950555,7,87.0,0.3402699046281168,21,1990.0,0.07253236038412011,8,1684.0,0.36564800146068077,8,68.0,0.09008460251348845,7,498.0,0.3078400639003159,13,244.0,0.28593671196955195,0,0.0,0.7317147494817735,13,2233.0,0.13541584443446147,32,2586.0,0.02799338634020599,0,14.0,0.5088030051071804,2,11.0,0.5785259192800294,30,2733.0,0.22554513254631994,15,2292.0,0.2317499073936804,189,16554.0
1100.0,192,1894.0,4.144420131291028,3.3570469402137295,17,629.0,0.2135107937092758,9,522.0,0.25251522176980923,8,744.0,0.3200691534903945,5,88.0,0.33521286227966046,19,2076.0,0.045347203249799295,15,1744.0,0.20379649257423782,13,128.0,0.2645126437037,1,447.0,0.2388122093189677,13,242.0,0.17335576547638937,1,5.0,0.6249623130210029,21,2317.0,0.04402165705476814,23,2104.0,0.1958177881335593,0,4.0,0.8079264479931078,7,32.0,0.33197247200861035,24,2303.0,0.18588227144843936,16,2099.0,0.1623523521695984,192,15484.0
1105.0,191,1732.0,3.7734204793028323,3.536362835918399,10,505.0,0.28343460883120997,11,493.0,0.21193835455245386,15,798.0,0.3654101140819964,0,40.0,0.5743286968095251,24,2184.0,0.042512813778958186,21,1834.0,0.011322643526662988,13,193.0,0.34198853476590907,8,466.0,0.1239198561770801,7,178.0,0.3120533960468021,3,18.0,0.6623430877641907,28,2444.0,0.012765550344309146,15,2040.0,0.24492027086075638,0,4.0,0.8298022999656498,2,35.0,0.09919130347825442,19,2398.0,0.08452355096334947,15,1650.0,0.09885504228410938,191,15280.0
1110.0,174,1582.0,3.461706783369803,3.804848337927759,3,502.0,0.3063965798830149,8,375.0,0.18493442582777303,16,697.0,0.14485043100340142,3,40.0,0.2374806861261128,15,2071.0,0.1623310207031171,27,1962.0,0.029288031472452618,13,254.0,0.2441618521137203,13,520.0,0.0861522188568824,1,154.0,0.4940111087240928,0,11.0,0.716169030281963,32,2581.0,0.0024921006686125053,12,2096.0,0.1707574098066473,1,8.0,0.559816229739017,3,20.0,0.5172735868387738,14,2473.0,0.1427483509886544,13,1713.0,0.23161099268344051,174,15477.0
1115.0,182,1894.0,4.162637362637363,4.014970345186084,8,497.0,0.28338836301337555,7,400.0,0.19365987353073688,15,463.0,0.10656995179562904,7,70.0,0.41170053711442406,8,1708.0,0.26333224050253723,27,2101.0,0.1836453155351097,13,319.0,0.07068763751067621,15,594.0,0.2827049457657725,6,168.0,0.35194197696335466,2,6.0,0.6256944154200585,36,2761.0,0.1015175678389071,14,2159.0,0.11008856986122204,1,6.0,0.7385297366067617,1,18.0,0.7610627987198552,13,2249.0,0.13414240299766625,9,1762.0,0.3030700759770762,182,15281.0
1120.0,191,2259.0,4.975770925110132,3.5449072184438495,14,549.0,0.23505772156473254,9,437.0,0.2204096428366267,5,445.0,0.18128713272694288,1,60.0,0.5579815756831604,9,1550.0,0.16470522737814136,32,2246.0,0.1833045010734534,13,386.0,0.032038463937111,15,669.0,0.22605280729485303,13,220.0,0.18990154568345577,2,7.0,0.38468895104441136,31,2636.0,0.20890058831033045,15,1949.0,0.2091193205525945,1,13.0,0.7436075794568008,3,19.0,0.569453803265895,12,1799.0,0.10654129904997252,16,1824.0,0.18659569652588887,191,14809.0
1125.0,196,2373.0,5.2153846153846155,3.7414699959580524,13,525.0,0.17526500035032475,9,395.0,0.22294967044250746,8,453.0,0.28644463941745285,0,15.0,0.6258541396908166,11,1599.0,0.11410066831308015,35,2411.0,0.16400192237947736,7,344.0,0.3236203172086561,15,744.0,0.0,17,301.0,0.18263992934990983,3,14.0,0.4680303364810868,22,2194.0,0.189054021027005,13,1540.0,0.3077086861602857,1,14.0,0.7910583202559568,7,44.0,0.2842671752509679,12,1847.0,0.07839484103992499,23,1921.0,0.07166820840251392,196,14361.0
1130.0,182,2252.0,4.863930885529157,3.747529670098057,12,405.0,0.16330706128161873,8,265.0,0.2466430658405498,15,512.0,0.16441633805840275,1,5.0,0.4941030812167756,13,1658.0,0.2072523486250159,31,2295.0,0.14264830321590588,0,223.0,0.5740034912214501,15,823.0,0.22448455386137053,17,390.0,0.33373462966295125,1,10.0,0.5201046266451502,16,2153.0,0.09840467369335436,10,1485.0,0.16692190204387763,1,3.0,0.6676569655165213,1,43.0,0.20532928473825834,12,1864.0,0.10579971276464405,29,2052.0,0.04419471124878374,182,14186.0
1135.0,192,2408.0,5.25764192139738,3.718691886358723,10,414.0,0.20948061722637545,4,255.0,0.21804115632431267,19,602.0,0.12120217382179575,6,26.0,0.38871770492536617,16,1625.0,0.21668512159390935,24,1758.0,0.10021269898637941,2,223.0,0.5505421021560716,15,898.0,0.26065985224371846,17,475.0,0.20245952831817626,1,8.0,0.7572641606525359,14,2221.0,0.13850990899055493,10,1541.0,0.11965483293386224,5,20.0,0.5130965950562538,1,18.0,0.8072499074721802,14,1920.0,0.19917724401185805,34,2211.0,0.17139943320247325,192,14215.0
1140.0,196,2623.0,5.764835164835165,3.381589969263796,12,466.0,0.20302940464671976,8,283.0,0.21630457615028995,19,699.0,0.02232068832571813,0,29.0,0.13882471629618826,22,1715.0,0.11462576258161342,15,1723.0,0.14948546981161498,7,254.0,0.47640029999983496,21,992.0,0.19756473218907775,24,581.0,0.13604352245634804,0,0.0,0.698529064817882,10,1995.0,0.22222885085796476,6,1356.0,0.23744391094880696,2,30.0,0.36509839623440055,1,15.0,0.8293998430662249,15,1737.0,0.20411594259235807,34,2385.0,0.17265956581001343,196,14260.0
1145.0,199,2994.0,6.452586206896552,3.3322838635636467,8,437.0,0.2252083178767103,6,248.0,0.2216875224786935,19,796.0,0.20863228539419318,2,12.0,0.6795964523474326,26,1824.0,0.030232202788135796,9,1752.0,0.26923141530996236,11,302.0,0.16579978068380244,21,1097.0,0.1150454817838397,24,705.0,0.15765000802590343,2,6.0,0.6293701502744659,8,1560.0,0.2332844538339897,5,948.0,0.2733533312665512,2,20.0,0.6472499262540772,3,20.0,0.4074235783435046,17,1815.0,0.06530270924235426,36,2559.0,0.04686449013736932,199,14101.0
1150.0,198,3245.0,6.875,3.398219564594316,7,336.0,0.2260199670450239,6,166.0,0.22569080632916277,19,895.0,0.3234446042848472,0,2.0,0.9327395484259395,30,1965.0,0.03400827498500225,13,1799.0,0.25098695347249406,15,371.0,8.899500325037154e-05,21,1206.0,0.03748066300510771,18,698.0,0.2523025048818634,0,2.0,0.5972707386654721,5,1578.0,0.10675056551280561,4,763.0,0.17643054435309322,2,26.0,0.7372266971711134,6,44.0,0.05904990724014033,21,1905.0,0.05628183125860309,31,2409.0,0.06890463498291984,198,14165.0
1155.0,198,3055.0,6.527777777777778,3.5354812932418587,4,351.0,0.17911159146047473,3,163.0,0.20930170595625794,19,986.0,0.38135710640129705,0,0.0,0.8313088579887955,31,2111.0,0.12689125322609332,20,1886.0,0.1103678164440495,15,446.0,0.1479449228582527,15,1102.0,0.24674986558096457,14,518.0,0.18160227777485646,0,4.0,0.9107111726980911,13,1605.0,0.13513878497176468,9,798.0,0.1433666617800789,4,40.0,0.2263682133053597,7,81.0,0.40395691477752455,23,2013.0,0.1508206331134306,21,1935.0,0.16850959761465942,198,14039.0
1160.0,209,3080.0,6.637931034482759,3.644829685224079,10,385.0,0.18849871063589926,8,188.0,0.21014878189271602,21,1084.0,0.1975430188532283,0,0.0,0.02908355790519936,34,2272.0,0.15017743930872654,26,2005.0,0.0010393429388754524,15,521.0,0.32964123029085474,7,772.0,0.4076375205798435,10,567.0,0.2335590958518475,0,4.0,0.9100828905749515,18,1678.0,0.19854054488350498,7,684.0,0.27138444753829777,9,81.0,0.0939378416405839,7,116.0,0.4958307415679645,25,2124.0,0.2150911077527018,12,1749.0,0.22045135004250568,209,14230.0
1165.0,215,3317.0,7.148706896551724,3.5285315118910563,12,362.0,0.17937221769603556,7,191.0,0.2144552422772851,26,1202.0,0.06873146082765276,3,12.0,6.293044028621036e-05,37,2450.0,0.12850888387791431,28,2146.0,0.13025885248452676,15,596.0,0.3546250165778858,1,687.0,0.2696925457600813,9,611.0,0.2859674587383347,3,9.0,0.5221376867748243,17,1531.0,0.20922965480571415,5,427.0,0.3532944396979078,10,133.0,0.44428616864009757,1,90.0,0.40314809028351584,32,2267.0,0.12959624840786324,9,1801.0,0.14742300737477496,215,14515.0
1170.0,232,3739.0,8.040860215053764,3.0698380020419567,11,267.0,0.16109042060761028,6,153.0,0.23366420644621289,27,1337.0,0.0,3,27.0,2.804355009230257e-06,37,2635.0,0.11164593945153645,28,2286.0,0.1384087548600026,10,529.0,0.2957345391308645,8,693.0,0.08385807833454316,15,672.0,0.22926703166572948,7,31.0,0.28345224875979036,17,1167.0,0.12042751364582835,3,392.0,0.29286166882231873,10,181.0,0.4175264285894811,4,32.0,0.3880760523862317,33,2127.0,0.0318542579623613,13,1858.0,0.19690287659486982,232,14387.0
1175.0,226,3564.0,7.615384615384615,2.5540012271966632,10,307.0,0.1917031633778836,4,146.0,0.19656225015972245,27,1472.0,0.034215361424126255,0,15.0,0.35366792147155857,31,2528.0,0.056480893539129974,22,2116.0,0.10806872071851484,7,315.0,0.2172693494349584,12,747.0,0.2551625934204249,21,764.0,0.1513393277112062,7,66.0,0.34747136912286747,16,1033.0,0.13775570571257517,10,430.0,0.1409822435209517,8,162.0,0.18863664497802726,4,28.0,0.26059284924719206,27,1725.0,0.060800820965842085,20,1941.0,0.21724585103617994,226,13795.0
1180.0,218,3202.0,6.915766738660907,2.9715105300462246,12,358.0,0.18456934453878204,8,167.0,0.23306058264896784,21,1376.0,0.035897262935461915,0,4.0,0.9036113014438295,25,2161.0,0.08027781296287732,17,1637.0,0.15736021298873584,6,277.0,0.28689228068629613,14,820.0,0.23457309077421548,28,891.0,0.11023619151261914,7,101.0,0.35284548482708317,12,1089.0,0.23778873501749073,16,498.0,0.21357477003445904,5,102.0,0.2937799846906976,1,19.0,0.6153987750061275,19,1570.0,0.19895845905294018,27,2059.0,0.14205587440631315,218,13129.0
1185.0,204,2714.0,5.836559139784947,3.429662887080904,14,426.0,0.15710309174310155,13,222.0,0.17068280221472223,13,1034.0,0.12626646012348153,0,8.0,0.8529432378054951,16,2135.0,0.12133109169078082,12,1693.0,0.17000460247637095,7,282.0,0.3711123567319124,19,907.0,0.11894869383435903,31,1044.0,0.110615548811553,1,82.0,0.43278395403067044,9,914.0,0.2876395853674085,21,597.0,0.23889012566076523,2,89.0,0.3645239042031981,1,16.0,0.8128678296136211,12,1620.0,0.2256198737103241,33,2211.0,0.04565565803574547,204,13280.0
1190.0,215,2643.0,5.50625,3.463983348634939,15,402.0,0.16539499353556728,15,242.0,0.18244610362076227,5,999.0,0.3032035932071476,1,9.0,0.6684380955580332,15,2199.0,0.22102244132419568,10,1730.0,0.24633974885750673,10,306.0,0.00884272674817242,21,1006.0,1.7731501811615068e-05,31,1201.0,0.11827507553162807,1,19.0,0.5996567899047666,6,570.0,0.18755343083014359,27,723.0,0.14010482716278,7,93.0,0.33090925731882015,2,5.0,0.3133229423856026,13,1637.0,0.17160328522425916,36,2387.0,0.09353514984230335,215,13528.0
1195.0,216,2702.0,5.491869918699187,3.429438561164226,13,352.0,0.18131953900811915,14,246.0,0.24650088697268321,7,1028.0,0.37900699213198064,0,2.0,0.3411955208351141,8,1986.0,0.26184405713191644,16,1797.0,0.20559141730932398,8,270.0,0.12232356872814926,15,890.0,0.10494477671772602,33,1360.0,0.11905537733936584,0,1.0,0.6820205982666301,7,589.0,0.12119178374649155,32,872.0,0.002165408478605389,9,137.0,0.2973944582764717,4,23.0,0.27574549411078064,20,1728.0,0.0752346873253179,30,2243.0,0.18172991729079258,216,13524.0
1200.0,214,2882.0,5.9300411522633745,3.312165230155465,16,331.0,0.20097231387675363,13,297.0,0.16435612200180802,12,1077.0,0.31857454555057063,4,16.0,0.19846005659830038,6,1537.0,0.1440304670142843,22,1893.0,0.08621057856450147,0,121.0,0.5478572049426926,5,574.0,0.4601533212990819,36,1533.0,0.0963777676042158,0,0.0,0.9507232996033069,9,605.0,0.13789209647083395,35,1046.0,0.009611242150812719,3,111.0,0.29254502665270704,1,23.0,0.5781620377447404,31,1862.0,0.1269143629123073,21,1807.0,0.164163846613623,214,12833.0
1205.0,218,3169.0,6.602083333333334,3.06664738327239,16,405.0,0.20140545917542596,16,373.0,0.15479338086132413,18,1160.0,0.1531189314589995,2,29.0,0.335115929311371,7,1570.0,0.1050209783602611,28,2025.0,0.010852734191850469,2,87.0,0.5075472201632915,2,498.0,0.36526000153802063,36,1713.0,0.09616065565952804,0,0.0,0.7535526099519537,14,656.0,0.0962337674599639,29,1040.0,0.1506520744934722,3,56.0,0.4148339066064595,1,15.0,0.8276242028466944,33,2003.0,0.17754747507786525,11,1779.0,0.11246928696028385,218,13409.0
1210.0,242,3364.0,6.950413223140496,3.2907756246108795,12,444.0,0.2168526660852264,17,449.0,0.15598580549326468,26,1279.0,0.03215283895469084,6,36.0,0.36226837366577797,12,1609.0,0.21652180463819393,34,2188.0,0.12254715259609997,7,111.0,0.4635609133594471,8,521.0,0.19944441880270722,30,1696.0,0.12518493797869418,2,10.0,0.5440228747754776,21,750.0,0.072433185464212,19,814.0,0.25610006126760926,3,61.0,0.5753372678963881,0,4.0,0.714234232601352,36,2162.0,0.10765679334795811,9,1830.0,0.14390266135327048,242,13964.0
1215.0,253,3611.0,7.460743801652892,3.3677009907142037,16,479.0,0.19557665088000098,23,556.0,0.11917899177419186,27,1413.0,0.14035512601953723,3,42.0,0.10760263358710834,14,1674.0,0.2905682081085385,29,2023.0,0.21129447171660226,7,148.0,0.4353582501058298,14,584.0,0.07684061518706135,22,1478.0,0.17079438654713555,0,7.0,0.7674799005206839,29,876.0,0.12844147891451024,12,888.0,0.21374557467006283,3,67.0,0.6401971603763843,4,16.0,0.3404320967700771,36,2342.0,0.039188116277525754,14,1884.0,0.13242622509000387,253,14477.0
1220.0,260,3651.0,7.375757575757576,3.4010286096461497,24,575.0,0.13771369020785965,30,694.0,0.10939114912039928,27,1548.0,0.20518605496142517,0,18.0,0.42259677865222606,20,1765.0,0.1945050703826918,22,1593.0,0.12606790675089466,7,185.0,0.42189828041472893,20,677.0,0.1792107852929743,11,1383.0,0.21889930032858848,0,4.0,0.9161563206560657,28,846.0,0.22107372344258916,10,946.0,0.22146209491812055,6,92.0,0.12991030201091777,2,16.0,0.5827702019118333,32,2197.0,0.017328583078847437,21,1975.0,0.19991757530781823,260,14514.0
1225.0,256,3574.0,7.338809034907597,3.2038067682510185,29,707.0,0.10316545102042389,32,853.0,0.11685004403560409,22,1467.0,0.11941530891334455,0,6.0,0.8624824328251066,28,1894.0,0.09117200211340548,13,1562.0,0.14881449723377868,7,220.0,0.3948880447372046,21,782.0,0.29730495691572745,9,1433.0,0.23718055421337508,0,0.0,0.6734181098134927,24,771.0,0.1945382102545729,16,1011.0,0.14263197841152697,4,66.0,0.4003562370661688,2,19.0,0.6350885668380858,23,1830.0,0.0636243803791607,26,2095.0,0.1929583163193018,256,14716.0
1230.0,252,3289.0,6.725971370143149,3.1245375821961647,31,774.0,0.1020800618909361,27,857.0,0.13235324058031425,17,1083.0,0.07078215559089238,0,8.0,0.8909891889887068,33,1912.0,0.010308731800053907,10,1610.0,0.23237672134025955,4,156.0,0.09703782155783146,21,885.0,0.2432971467168614,13,1488.0,0.19831581706992518,3,10.0,0.4112835955954654,18,862.0,0.09849609554899232,23,1108.0,0.04459840869633939,0,20.0,0.7638728504383118,2,27.0,0.6597507565329005,18,1805.0,0.10941782013518211,32,2246.0,0.14281231238954642,252,14851.0
1235.0,235,3004.0,6.181069958847736,3.2652645858175298,26,825.0,0.14511503833283898,21,960.0,0.13592790869400345,7,1126.0,0.19296798261267084,1,11.0,0.6673866452327961,29,1528.0,0.041377371003568086,14,1669.0,0.25854220565820357,0,22.0,0.33314402358958073,21,992.0,0.24146537442226437,20,1578.0,0.15556113683249734,0,7.0,0.5351343713511459,16,937.0,0.1037686745539093,28,1238.0,0.01635997748213736,2,14.0,0.5227022838579671,1,8.0,0.7350647551663727,13,1867.0,0.20700159990726774,36,2423.0,0.0506095384848496,235,15205.0
1240.0,232,3070.0,6.395833333333333,3.230099619881787,19,923.0,0.14803168891576057,18,1049.0,0.14989250736296464,9,1133.0,0.3503198753143137,1,10.0,0.2685986991347857,19,1628.0,0.09553057870391087,16,1518.0,0.23344248933281284,1,22.0,0.5070903087640051,23,1104.0,0.06347194280676788,21,1508.0,0.13469464125659808,0,4.0,0.7640566122830256,16,1015.0,0.11611050537668328,33,1396.0,0.13693119051911065,3,29.0,0.3381014337832303,1,11.0,0.7370432461230535,16,1933.0,0.2922940111048096,36,2603.0,0.025412133060008755,232,15886.0
1245.0,239,2992.0,6.246346555323591,3.129582762712682,19,1015.0,0.14482631131245113,16,1133.0,0.12015139167774264,8,965.0,0.27442628696880234,7,29.0,0.09580681952248492,15,1703.0,0.14156719052046723,13,1160.0,0.12231157776337971,6,39.0,0.6317906924786121,22,1004.0,0.17628366208625426,19,1267.0,0.16398456772919184,2,8.0,0.6868155472392224,24,1120.0,0.14606640964378684,33,1561.0,0.17823048957127155,1,15.0,0.12077612011073535,1,7.0,0.5966525180982652,22,2026.0,0.22456039257323532,31,2469.0,0.015531161472892253,239,15521.0
1250.0,217,2827.0,5.90187891440501,3.609219155144902,15,983.0,0.16478629348732557,22,1234.0,0.13666720096212978,7,647.0,0.31278344920576734,7,70.0,0.5358319524079882,8,1543.0,0.2262066701123667,12,1128.0,0.12395363210001396,6,65.0,0.5501522118348872,13,768.0,0.3496849945809921,8,1234.0,0.2373517631698355,4,23.0,0.6545387110312225,30,1259.0,0.15073978988397072,33,1722.0,0.1397643984631576,1,9.0,0.3184496451582823,3,19.0,0.5512081336384635,27,2149.0,0.09772906191617446,21,2051.0,0.14072656365301844,217,14904.0
1255.0,222,3047.0,6.295454545454546,3.232973759611406,15,998.0,0.14914255814478597,30,1369.0,0.10244084048112782,3,598.0,0.18666424524066227,7,105.0,0.548044081369012,9,1392.0,0.23312289126994531,10,1171.0,0.13464594891374107,9,105.0,0.07437665513019141,8,727.0,0.2364976574660402,8,1269.0,0.24524691443425692,1,17.0,0.44685871483480194,36,1423.0,0.08699860188393285,33,1887.0,0.10274712832464798,0,4.0,0.9235796590689463,3,38.0,0.4429221626722185,36,2308.0,0.048026861174381916,14,2120.0,0.26243221150275226,222,15531.0
1260.0,240,3257.0,6.715463917525773,3.0266347385722265,17,1065.0,0.12443683587227701,36,1540.0,0.09616913545124174,9,615.0,0.19700024213981698,9,143.0,0.21257421933244572,9,1433.0,0.11131301690026557,13,1230.0,0.19218780586834516,7,111.0,0.34145053654917,9,767.0,0.2938414481333171,14,1316.0,0.15047970122242307,6,24.0,0.3659716011564695,31,1421.0,0.04429677776950398,28,1846.0,0.1314348786455579,0,8.0,0.830248517489692,0,20.0,0.5791318436893794,40,2505.0,0.08264020652265634,12,2186.0,0.19384188284755632,240,16230.0
1265.0,244,3353.0,6.942028985507246,3.2176218105419028,18,1156.0,0.14946496431040115,30,1559.0,0.11547004595781128,16,678.0,0.21040940212742829,14,206.0,0.00018468146703479668,12,1493.0,0.10298192859843167,21,1318.0,0.15929119282737203,0,53.0,0.6587951348060769,14,828.0,0.29766698211649445,19,1408.0,0.16276482611193363,6,54.0,0.38610060312744904,27,1479.0,0.13146206430125645,22,1629.0,0.12907834409376978,0,4.0,0.8678706518441849,0,4.0,0.8916345956458905,36,2681.0,0.04972314577430642,9,1980.0,0.1339225572857099,244,16530.0
1270.0,245,3500.0,7.291666666666667,3.3260846450726853,20,1248.0,0.13232831823663638,22,1407.0,0.17420558637982841,13,602.0,0.40013320578667033,14,280.0,0.12820467687411913,18,1575.0,0.16501096580963054,27,1441.0,0.08613645417338175,1,31.0,0.4423759872740322,21,920.0,0.1414205298779233,24,1521.0,0.2188295585715051,0,44.0,0.4755859924835336,23,1589.0,0.19972124189558996,16,1710.0,0.12136079248317708,0,4.0,0.9051500648311954,0,0.0,0.7919735876226847,36,2850.0,0.05460221644010597,10,1454.0,0.0983161588068037,245,16676.0
1275.0,249,3595.0,7.52092050209205,3.1763352686006354,27,1367.0,0.0957127099421775,15,1422.0,0.1819000079525079,5,355.0,0.32419951372073047,14,350.0,0.4280560413902138,26,1686.0,0.17881016041154535,30,1592.0,0.031023434455409376,5,51.0,0.16159041429681034,27,1041.0,0.03291844573236152,28,1650.0,0.09421510340143584,2,7.0,0.4885292641312634,20,1687.0,0.13866359586020705,12,1778.0,0.10847820832756701,1,5.0,0.39709678687677447,0,0.0,0.9519645197197576,32,2711.0,0.12729765969237974,5,1481.0,0.292027613727012,249,17183.0
1280.0,249,3899.0,8.225738396624472,2.991063179537848,36,1529.0,0.08360434843178716,12,1481.0,0.21245456197243032,3,369.0,0.2233550922721761,14,420.0,0.3174875069413382,32,1827.0,0.05107056917963992,30,1742.0,0.11167734334924911,0,40.0,0.29740114152754177,30,1194.0,0.0567936322542331,31,1800.0,0.1100081742346677,0,5.0,0.6271767904466987,14,1599.0,0.06542061347392751,15,1850.0,0.22749916446485066,0,6.0,0.5166528630199467,0,8.0,0.46661557242772267,23,2305.0,0.2129330779466995,9,1508.0,0.2969265292901054,249,17683.0
1285.0,259,4129.0,8.803837953091685,2.9042528764099935,36,1701.0,0.10099433795485187,14,1543.0,0.19097878904434318,8,395.0,0.14504219457740158,20,510.0,0.12443214908572094,36,1997.0,0.0010252473653998052,24,1638.0,0.18976202970772035,0,5.0,0.7862497416122352,24,1158.0,0.16195977301780062,25,1731.0,0.134669861689253,0,4.0,0.7599854650016692,16,1379.0,0.10337194985180852,21,1944.0,0.19532250931937614,2,5.0,0.448756510795276,0,8.0,0.8806173171158534,18,1935.0,0.18183589026856306,15,1566.0,0.12123973661236458,259,17519.0
1290.0,236,3758.0,8.081720430107527,3.1081558162546226,36,1878.0,0.09192430020481354,21,1636.0,0.12615322716359667,14,461.0,0.04808556073387729,20,610.0,4.2619660153566935e-07,31,1926.0,0.019306035077520014,15,1263.0,0.24664203907651844,0,7.0,0.8783865453241855,18,939.0,0.271428809843196,16,1423.0,0.1845428875670687,0,4.0,0.8318696397905283,12,1433.0,0.21929345971025646,29,2067.0,0.0989370771963338,0,2.0,0.3460189833872246,0,4.0,0.8700636250896836,8,1984.0,0.1525841367357754,16,1418.0,0.15495157605891166,236,17055.0
1295.0,225,3476.0,7.348837209302325,3.39834056125435,32,1871.0,0.11249674911076565,27,1766.0,0.15530332323098073,20,557.0,0.3050429087308799,20,710.0,0.06949735191674654,22,1615.0,0.2000830256242949,8,1250.0,0.16864850500776385,0,2.0,0.8628382104402111,15,1025.0,0.1833743609775942,9,1380.0,0.22926585145218661,1,4.0,0.7335947684277749,14,1492.0,0.2179108206185128,34,2223.0,0.09441739045255083,0,2.0,0.4042831348317898,2,5.0,0.38836372930043217,9,2009.0,0.27207872520735327,12,949.0,0.2295990578748026,225,16860.0
1300.0,207,2730.0,5.66390041493776,3.2037419583956415,24,1608.0,0.16166180268496716,30,1911.0,0.1442280335126127,16,519.0,0.22494042224852892,14,681.0,0.26840845685997655,17,1709.0,0.20139226374880861,12,1293.0,0.1678993118599529,0,2.0,0.26437324016553726,13,1092.0,0.14373497607446967,8,1421.0,0.23837422155691426,0,2.0,0.5156717865905198,15,1478.0,0.08656255004977359,31,2175.0,0.11994003625605747,0,8.0,0.7431472206561958,5,28.0,0.057102738867459896,12,1844.0,0.2064053049710008,10,995.0,0.19912290164074598,207,16766.0
1305.0,203,2069.0,4.265979381443299,3.1732415079826883,16,1616.0,0.19330732800937483,28,1874.0,0.13004021542256983,12,354.0,0.13866145191369372,5,497.0,0.45527595788420017,15,1784.0,0.13942176903689574,14,1355.0,0.25508692587159637,6,21.0,0.09240781845134749,16,1163.0,0.08415104354098704,15,1486.0,0.167212827011976,5,17.0,0.28970133650324054,23,1577.0,0.06254930731803393,25,1809.0,0.1346689281898391,0,6.0,0.8955953732527515,0,27.0,0.6114985563689983,12,1691.0,0.07206543189294577,11,1043.0,0.11042111412790898,203,16320.0
1310.0,193,1825.0,3.7628865979381443,3.21405578381142,14,1682.0,0.22281390885149283,23,1644.0,0.17616162865152973,6,399.0,0.18600864673366516,2,459.0,0.23352644065814374,16,1857.0,0.11126527103407145,21,1444.0,0.17882908906853412,3,37.0,0.17361168496404816,21,1258.0,0.04398858857820277,21,1577.0,0.2151672378889693,7,51.0,0.34802032389888654,22,1676.0,0.13777200016286203,13,1784.0,0.12132853340565405,0,2.0,0.8032309084924207,0,4.0,0.8836492494570571,10,1733.0,0.07696393871266571,14,1110.0,0.10985206364545282,193,16717.0
1315.0,227,2206.0,4.520491803278689,3.2963158225072227,13,1742.0,0.20024600402254136,15,1547.0,0.2166366702764831,9,430.0,0.29205483818714756,9,489.0,0.23776642059592965,16,1722.0,0.18784879201208404,27,1569.0,0.05943273467415258,3,27.0,0.5823605645049685,27,1385.0,0.13957679259617678,26,1700.0,0.12262106898046493,7,86.0,0.3605638299224484,28,1779.0,0.14850009513808424,10,1831.0,0.14980432178720818,1,5.0,0.5220238467475555,0,0.0,0.8799217583695688,13,1774.0,0.1719980339378913,23,1208.0,0.17052860237564865,227,17294.0
1320.0,261,2927.0,6.047520661157025,3.027877157816545,22,1837.0,0.11808345172074042,10,1604.0,0.20660830997389237,16,495.0,0.22647962200888072,14,549.0,0.23553720354008043,14,1363.0,0.22562918471925167,30,1714.0,0.059926678175108224,3,42.0,0.6246696404722666,33,1543.0,0.1704672010071637,31,1850.0,0.08522796273551296,7,121.0,0.356073812065798,25,1727.0,0.07898718130776353,7,1666.0,0.26966146055143725,1,10.0,0.4504857856663165,0,4.0,0.7460803108224335,18,1852.0,0.18610180049838326,30,1342.0,0.1763917214749827,261,17719.0
1325.0,273,3621.0,7.435318275154004,2.9308878861907424,25,1952.0,0.11014558224443514,12,1657.0,0.2108786432245497,21,591.0,0.11437299213703629,19,635.0,0.19174886464581672,17,1329.0,0.137079289411599,34,1873.0,0.07702287726984858,0,16.0,0.6422832301375935,33,1706.0,0.15920238637597353,32,2007.0,0.10712690174130991,1,102.0,0.5108012707729352,25,1592.0,0.0745935255825493,4,1298.0,0.35516797145018647,0,4.0,0.8089808045790964,0,4.0,0.7278660085272541,20,1707.0,0.05598901635513805,30,1494.0,0.1259996699686723,273,17967.0
1330.0,282,4409.0,8.961382113821138,2.9221056027709302,31,2091.0,0.10614419324423685,20,1727.0,0.13967725269057224,21,696.0,0.044747065188422676,19,730.0,0.04839196286627644,14,1407.0,0.09367829188078115,36,2052.0,0.15117554302383762,5,30.0,0.5256521490814487,34,1874.0,0.1341937028569622,26,1899.0,0.12919134082109857,2,25.0,0.5260989058391616,19,1687.0,0.18279697347399593,1,1116.0,0.2995632980798654,1,8.0,0.6948474937729467,2,13.0,0.6780787455807512,21,1355.0,0.08754560686039484,30,1644.0,0.0915523215785324,282,18354.0
1335.0,282,4925.0,9.989858012170385,2.851063396267296,36,2268.0,0.09597024833987022,25,1840.0,0.0930984795442623,21,801.0,0.1684840225131585,19,827.0,0.022341728664369277,15,1478.0,0.10372442244490107,30,1960.0,0.14276275964999513,2,38.0,0.1800642944341127,35,2049.0,0.13581721593573604,19,1528.0,0.19178096852737392,0,6.0,0.7305215898198897,18,1747.0,0.21182935690190852,8,1144.0,0.253047985104979,3,17.0,0.18315432956107927,1,8.0,0.3158109510912736,14,1425.0,0.19619778923007877,36,1812.0,0.140402639415928,282,18948.0
1340.0,261,4911.0,9.901209677419354,3.1923751073941444,30,2216.0,0.10757329790708896,29,1985.0,0.13876729255548087,21,908.0,0.18147727457463286,13,759.0,0.2053763195190515,21,1573.0,0.17032722553996804,21,1630.0,0.08432308686671901,1,10.0,0.5355966680548525,35,2224.0,0.050923506487200475,10,1471.0,0.21763031142339226,0,4.0,0.9069227850754401,17,1823.0,0.16794478970718524,14,1200.0,0.2167078429310489,2,20.0,0.15401336302029806,4,24.0,0.4178985578329401,13,1468.0,0.27814879233581913,30,1729.0,0.19695471111925789,261,19044.0
1345.0,239,4353.0,8.758551307847082,3.470530904405565,24,1933.0,0.1693384999300164,29,2130.0,0.1510118403342613,21,1015.0,0.16431807962385406,3,518.0,0.3149926594072336,27,1696.0,0.19874245029991375,16,1725.0,0.09120088070204536,1,14.0,0.8265691274533927,29,2144.0,0.021523708470656693,7,1504.0,0.24352342016617876,1,3.0,0.6381356568334645,18,1718.0,0.07087035337242933,20,1290.0,0.1421692068622496,0,9.0,0.715102095218259,6,52.0,0.5674462596633298,16,1533.0,0.24286227284442605,21,1419.0,0.14114084596301316,239,18703.0
1350.0,248,4158.0,8.332665330661323,3.2401053078073696,18,1938.0,0.15296561191700048,33,2286.0,0.09654219779612735,23,1126.0,0.021064186126976046,2,519.0,0.1823543959525956,34,1850.0,0.17554380673084943,14,1789.0,0.10635355237216121,2,20.0,0.4657220624030825,21,1827.0,0.11984581489824354,15,1562.0,0.1521563301254523,3,16.0,0.4072535262187797,16,1437.0,0.0754993062769449,26,1408.0,0.183471812490536,2,11.0,0.6731214781247226,1,47.0,0.45506797145882394,22,1633.0,0.11940914618025356,16,1401.0,0.16902590058269096,248,18870.0
1355.0,267,4292.0,8.67070707070707,2.9227417875343042,13,2004.0,0.18177911667605554,36,2465.0,0.07150390109512693,27,1257.0,0.07119369700691104,9,551.0,0.015096422992885187,36,2029.0,0.152362659224491,14,1854.0,0.21057257292511233,7,47.0,0.2599271778975797,13,1899.0,0.1879284103765195,20,1648.0,0.13526571871853194,0,11.0,0.626344259756437,16,1505.0,0.08868942600868371,29,1544.0,0.10660886982350265,2,17.0,0.6512088488415665,5,33.0,0.2390063783492936,30,1770.0,0.029088322655187095,10,1451.0,0.2136504815486546,267,20085.0
1360.0,279,4672.0,9.573770491803279,2.7715052471286357,14,2056.0,0.2007096379321024,36,2645.0,0.11735340198739995,28,1394.0,0.17039714643593615,13,613.0,0.06267574076138845,31,1967.0,0.07368768387963341,20,1944.0,0.18197026935868552,7,82.0,0.0,12,1964.0,0.15909584929502618,25,1767.0,0.12988107644737518,0,0.0,0.9299192653986653,13,1578.0,0.1929707094444239,32,1703.0,0.07484446186236997,2,27.0,0.6849689717804885,4,43.0,0.36450528073930744,33,1682.0,0.07872380161768457,9,1276.0,0.18558504264960746,279,20741.0
1365.0,273,4797.0,10.014613778705638,2.549583260440352,23,2153.0,0.12753825007843647,31,2550.0,0.09560679931180421,28,1538.0,0.18973169781657245,7,517.0,0.32520443312322617,28,1694.0,0.06471986068187108,27,2070.0,0.14050787055194242,7,117.0,0.11928016507884436,16,2034.0,0.07087258339992376,19,1609.0,0.17842411697992056,0,4.0,0.662163266495095,9,1449.0,0.2605523640789743,32,1865.0,0.08075520281172766,1,1.0,0.5622305885383586,7,50.0,0.42124787137252634,26,1811.0,0.07649422294992879,12,997.0,0.12794384060642983,273,20459.0
1370.0,266,4808.0,9.91340206185567,2.524769709195959,30,2287.0,0.09138003487612054,23,2175.0,0.14957686904893844,34,1693.0,0.04530118391413577,0,243.0,0.6665268157060613,26,1830.0,0.16942405153985923,34,2232.0,0.02329709768511274,1,89.0,0.4660264921072835,21,2132.0,0.025951220885840173,10,1188.0,0.32032593166202566,3,12.0,0.6534100688503064,7,1300.0,0.11503953473252893,32,2027.0,0.005699303656771939,4,15.0,0.18299502195904027,7,85.0,0.34703367701683574,24,1922.0,0.024924358745246348,10,1036.0,0.17917741895718892,266,20266.0
1375.0,227,4006.0,8.192229038854805,2.6909828874672748,33,2430.0,0.09156777532381143,14,2252.0,0.18906515552406114,28,1637.0,0.04423364578776566,0,145.0,0.5098524692628281,18,1918.0,0.1527641223844706,30,2138.0,0.14460058131225126,0,19.0,0.7276580399797943,28,2260.0,0.084889455349098,7,1130.0,0.25448917452012065,0,8.0,0.770865175223646,9,1336.0,0.08057822983998772,30,1923.0,0.028274141286033987,0,23.0,0.33294222348804875,7,122.0,0.1636821304037578,15,1758.0,0.054434607072398354,8,1048.0,0.20936155605725051,227,20147.0
1380.0,207,3110.0,6.399176954732511,3.610351948788936,36,2596.0,0.09769224085042785,10,2300.0,0.19215573341971912,20,1393.0,0.21898452456537584,5,166.0,0.5612970369551298,15,1948.0,0.1279261334397667,21,1765.0,0.29351628866372115,1,23.0,0.7712231219851514,34,2416.0,0.1434113082667968,8,1165.0,0.231348511363146,2,7.0,0.503693030900739,10,1380.0,0.1811595594217566,20,1420.0,0.2116778172440626,0,7.0,0.8994368340652691,3,104.0,0.45118401427801935,7,1339.0,0.226042804482235,15,1106.0,0.13817340085677138,207,19135.0
1385.0,192,2419.0,4.906693711967546,3.8301096027046095,31,2501.0,0.10287408936003761,16,2369.0,0.2039710179065904,14,1466.0,0.24368046806412,1,96.0,0.4944609224183445,21,2019.0,0.07663226661228724,14,1721.0,0.25081465692308275,1,28.0,0.7395185405147164,29,2310.0,0.18308030164965072,9,1005.0,0.20085516007690124,1,13.0,0.46020896457673,19,1454.0,0.20327424286147072,13,1494.0,0.29547765863290437,0,7.0,0.9170402769329254,0,29.0,0.7415991122404276,8,1371.0,0.2577723622132164,15,999.0,0.04068531232966339,192,18882.0
1390.0,194,1912.0,3.808764940239044,3.756436882431459,25,2141.0,0.16431044322083233,17,2182.0,0.16335036139709264,13,1526.0,0.1445721096505255,4,17.0,0.42029932801234776,27,2144.0,0.10315046391643375,12,1788.0,0.1883373382535511,1,8.0,0.48456763741286885,21,1977.0,0.12956904603998026,7,636.0,0.27033924074582927,2,13.0,0.6739737344290345,24,1557.0,0.0787502249366391,11,1552.0,0.25905484295682896,2,5.0,0.43366535265726464,2,11.0,0.6480017028028586,12,1415.0,0.1845137845090081,14,978.0,0.13610194807851603,194,17950.0
1395.0,206,1871.0,3.795131845841785,3.5013026956421616,21,2250.0,0.13777171131141405,13,1603.0,0.17489443012732445,16,1595.0,0.07796846003860791,1,14.0,0.5735721000880449,34,2301.0,0.15086303113612176,13,1846.0,0.09349157594417008,4,20.0,0.47645590625371287,15,2062.0,0.10734417594646481,1,592.0,0.377598596489737,5,31.0,0.6155894263651486,32,1481.0,0.019001520014272043,13,1611.0,0.13194451041326108,5,30.0,0.13395123310724552,2,21.0,0.6917922414983173,16,1479.0,0.09804365577917795,15,1057.0,0.22226026422421147,206,17993.0
1400.0,207,1866.0,3.8875,3.0047635152669154,14,2320.0,0.14953456831602135,13,1659.0,0.21130738887150705,16,1488.0,0.06332871035359351,3,21.0,0.5188672505271864,36,2480.0,0.11152490105144335,20,1934.0,0.0793481159880841,7,48.0,0.34497566505825966,12,2117.0,0.207794651794154,7,608.0,0.25832414155783134,2,29.0,0.3919379802018348,25,1615.0,0.05431259152667033,21,1708.0,0.035882577879623866,0,25.0,0.654005801170674,0,4.0,0.5760273260943372,17,1351.0,0.07927488324207066,14,1130.0,0.23197058059565057,207,18537.0
1405.0,219,2067.0,4.342436974789916,3.597226225536277,17,2379.0,0.18734468363138634,12,1721.0,0.22731651014581675,13,1115.0,0.2401284474545734,3,36.0,0.6153711569547633,30,2393.0,0.024482466300133822,26,2054.0,0.1297428669338089,7,83.0,0.0,15,2184.0,0.2668243163278278,8,513.0,0.23906510397804476,6,29.0,0.3598758349813912,24,1713.0,0.15198549196329023,22,1577.0,0.14937472673268223,0,8.0,0.8206068119602066,0,4.0,0.8402045881126203,15,1021.0,0.2092593998299962,21,1218.0,0.14802321006122887,219,18048.0
1410.0,213,2229.0,4.682773109243698,3.7881846757177002,22,2478.0,0.11453826833326149,15,1786.0,0.17195953944529205,10,1169.0,0.32366859307281465,3,51.0,0.5856565019367408,26,2041.0,0.06890907110909768,29,2198.0,0.20775809217480698,1,69.0,0.1194459355238354,22,2283.0,0.17129449146302902,5,222.0,0.24297207174409374,3,38.0,0.5049465167949556,21,1820.0,0.21815846779075976,15,1245.0,0.27411709248169325,0,4.0,0.8487507003144392,1,6.0,0.778934154410873,13,1018.0,0.24945220152533104,27,1339.0,0.008844889263817737,213,17767.0
1415.0,227,2642.0,5.621276595744681,3.493321622257142,31,2612.0,0.07985833440269212,22,1884.0,0.12788819749444302,9,1205.0,0.2582663672618859,0,22.0,0.3169981870713208,17,2131.0,0.19983015364470977,34,2359.0,0.16712083100770628,0,12.0,0.8799166656952888,28,2411.0,0.09370404021021275,1,185.0,0.31396281954298627,4,27.0,0.5694829068679155,24,1924.0,0.1653603184512737,7,1125.0,0.29708931517741066,3,12.0,0.5782764847405926,1,5.0,0.6642332889978592,13,1081.0,0.23614413059748926,33,1493.0,0.04036179594400554,227,18488.0
1420.0,245,2859.0,6.108974358974359,3.2672816055126512,36,2782.0,0.09889397258258767,28,2014.0,0.11675246340915837,15,1268.0,0.13712760563262297,0,0.0,0.7235045594955091,16,2205.0,0.2458640267943331,30,2241.0,0.04514098491886241,1,16.0,0.7243723475575278,28,2283.0,0.026847601557594056,8,204.0,0.24093506057119074,2,29.0,0.3432496870989188,25,1799.0,0.09984435523274945,7,1161.0,0.27687397870997044,4,28.0,0.564618344633782,1,14.0,0.5821376217086593,15,1143.0,0.20720008843325305,29,1476.0,0.15011291074806132,245,18663.0
1425.0,240,2734.0,5.7923728813559325,3.4303378573867493,31,2651.0,0.09042772300971821,29,2161.0,0.12311708166841845,22,1370.0,0.14783295792417464,2,5.0,0.6501613655852377,14,2271.0,0.1839011690611319,25,1875.0,0.060473337215023494,1,23.0,0.8053763359100786,21,1907.0,0.07692879323631174,14,259.0,0.20610474823133176,8,42.0,0.2968028170974978,27,1451.0,0.10503548084394074,7,1033.0,0.25818115397431,2,27.0,0.47653640590287194,0,4.0,0.8640154188401183,18,1168.0,0.09343599164394316,19,1259.0,0.231142692170881,240,17506.0
1430.0,217,2670.0,5.632911392405063,3.2074798710833043,23,2214.0,0.15936605040215654,29,2308.0,0.15612677125802682,27,1494.0,0.153451409047764,3,20.0,0.4951357526407512,18,2218.0,0.05647351810214399,14,1961.0,0.10463222730789618,1,28.0,0.6407417981406086,14,1867.0,0.17266411450231342,15,333.0,0.1984642278689449,4,49.0,0.35898935926367054,21,1182.0,0.12067587565286855,6,752.0,0.25342472734715504,4,26.0,0.5445758938562836,0,4.0,0.8772681856604738,23,1271.0,0.02350128849815928,15,1341.0,0.15756111637038972,217,17068.0
1435.0,212,2477.0,5.225738396624473,3.0552366987904858,19,2173.0,0.16892133566490578,29,2149.0,0.12235349904262637,30,1637.0,0.21391222969928686,4,14.0,0.3085744403680558,25,2335.0,0.026293986981961733,12,2004.0,0.22142308585200174,7,51.0,0.08278194552986144,11,1924.0,0.1948627623204979,15,410.0,0.22051408240176662,4,33.0,0.4430470813061358,9,1067.0,0.17049723614812476,3,711.0,0.21014311966164712,4,46.0,0.6259859767534866,1,1.0,0.3328093758148285,26,1382.0,0.02620985463496626,13,1411.0,0.1335355915211769,212,17348.0
1440.0,211,2515.0,5.3739316239316235,3.3295225165376707,18,2263.0,0.16054355851158536,21,1586.0,0.14883942367037986,30,1789.0,0.17647515679516057,4,26.0,0.5410868467346162,27,2460.0,0.11101564717334549,14,2062.0,0.23866823959576047,7,82.0,0.2531515864007402,8,1730.0,0.20154448505421582,15,487.0,0.34110739061038076,1,19.0,0.4464293603581394,7,1054.0,0.2104738169784895,8,739.0,0.16523405345676104,8,73.0,0.23549683646149885,3,18.0,0.16318412689172876,29,1507.0,0.10683443011814171,11,1288.0,0.21842256586194814,211,17183.0
1445.0,208,2719.0,5.772823779193206,3.2869240639809396,15,2319.0,0.15835623050450526,15,1666.0,0.211936241407964,26,1693.0,0.1277288772735118,0,22.0,0.5294766015474778,30,2603.0,0.11973397291985191,16,1879.0,0.11983962515137236,7,105.0,0.3753626012056049,7,1305.0,0.13456773960595056,15,562.0,0.23341394729045475,1,5.0,0.7389067294803999,12,1088.0,0.1481062139562719,14,799.0,0.11109197695649428,11,123.0,0.2582098242814278,3,33.0,0.5501950861742849,29,1650.0,0.18219303449933366,7,991.0,0.29187789929874863,208,16843.0
1450.0,230,3111.0,6.535714285714286,3.379180630700713,21,2388.0,0.15892568727908274,13,1728.0,0.20932630983982495,25,1375.0,0.16047614845509978,0,4.0,0.6751846179209912,30,2747.0,0.0792080261711838,17,1502.0,0.09522069322379939,7,140.0,0.45928068449552645,5,1331.0,0.2939220364262444,19,654.0,0.1467688985934617,0,0.0,0.7945191789582811,19,1170.0,0.1886907423612564,21,890.0,0.15561241598138886,11,178.0,0.2588434431839951,3,48.0,0.6584948937362817,33,1803.0,0.10251657671757182,6,1003.0,0.18881146529305295,230,16961.0
1455.0,249,3740.0,7.890295358649789,3.359453958691147,29,2516.0,0.08613523542965465,15,1794.0,0.17289973737718348,16,1267.0,0.1305517048666243,0,4.0,0.8772611769565786,33,2908.0,0.15543853715641373,8,1554.0,0.2780916750612936,7,177.0,0.3301469590730501,9,1344.0,0.3546456197620571,22,762.0,0.14510954919574873,1,4.0,0.5203927541087267,26,1283.0,0.21322994741607348,27,1013.0,0.2055515351952768,6,166.0,0.30054961658417917,3,61.0,0.43816906503624187,37,1977.0,0.0002979322952629862,10,1043.0,0.09648276594952382,249,17873.0
1460.0,254,3942.0,8.298947368421052,3.3124115815534987,28,2346.0,0.11921574335994717,23,1895.0,0.15002195919883496,9,1291.0,0.16342685182554273,0,4.0,0.6774780739528946,31,2760.0,0.14922353529477264,8,1572.0,0.28993625694808506,4,134.0,0.31176533620212316,17,1405.0,0.22331851449233858,22,872.0,0.14557668817058148,0,3.0,0.7238921980538234,32,1427.0,0.13884298366208905,28,1149.0,0.14693547767742687,2,84.0,0.38640097903328385,3,82.0,0.5255162955642949,31,1927.0,0.11694447347418846,16,1116.0,0.14865586530497352,254,18067.0
1465.0,264,4249.0,8.9830866807611,3.438205447730915,24,1898.0,0.17253486618533512,29,2026.0,0.1716965669937368,8,1135.0,0.13709975207331554,5,20.0,0.34806880729341205,25,2337.0,0.08507584550664307,15,1633.0,0.19033001361861582,0,46.0,0.5955486525084757,22,1505.0,0.21821136802640528,22,982.0,0.15077073496994348,0,0.0,0.9646395575437045,36,1603.0,0.06496051179252249,28,1289.0,0.06139206601758984,4,90.0,0.3682329295856148,3,97.0,0.7120764481333663,22,1477.0,0.22452375046537942,21,1210.0,0.2824799276565566,264,17348.0
1470.0,254,4089.0,8.626582278481013,2.8659765574846774,19,1868.0,0.14999980567613852,28,1896.0,0.10644546923770257,7,860.0,0.26107610666304043,4,33.0,0.33946468251228207,20,2312.0,0.128041067679034,16,1491.0,0.10613860996838873,4,54.0,0.24322425425406127,25,1626.0,0.0925718591265968,16,911.0,0.1837160094426695,1,5.0,0.6062049750061284,32,1573.0,0.017206219828309628,28,1431.0,0.09835895124469105,5,111.0,0.4000527934717777,6,115.0,0.4250396251907698,15,1562.0,0.2395521600933183,28,1337.0,0.16265071075974086,254,17185.0
1475.0,220,3399.0,7.2165605095541405,3.6589062293443995,11,1929.0,0.1924201600002838,22,1542.0,0.16656694264962252,4,782.0,0.2916191912379017,5,32.0,0.5784115990655675,14,2369.0,0.22828448892143471,13,1140.0,0.20071154764057675,7,89.0,0.41991157920209343,29,1767.0,0.057414507035370106,7,618.0,0.3913777870604448,2,13.0,0.6792221576750122,23,1248.0,0.07232779668378297,28,1573.0,0.09832675497902874,1,74.0,0.1757448245907177,9,153.0,0.24071981804520043,13,1630.0,0.1912532654923338,32,1489.0,0.11996533913545537,220,16448.0
1480.0,196,3122.0,6.656716417910448,3.7446195189729314,15,1979.0,0.21445412292740054,16,1028.0,0.2484520895530814,9,794.0,0.20690073670395787,2,28.0,0.4420810117756663,15,2423.0,0.2501487639306256,10,1085.0,0.22483575214304974,1,65.0,0.590441144994815,29,1920.0,0.05013933326603126,0,567.0,0.32444389063833007,0,7.0,0.7545195675931509,15,1332.0,0.22152623357862414,32,1722.0,0.0027629976208677046,3,20.0,0.13909104235465533,9,204.0,0.3126844045906121,13,1691.0,0.10840908334969698,27,1427.0,0.10068862108652499,196,16292.0
1485.0,202,3073.0,6.510593220338983,3.528432346008477,21,2070.0,0.11768475642927975,5,1056.0,0.26831843300287644,14,860.0,0.19556910586698056,8,40.0,0.3055295868261903,19,2511.0,0.15590854230166998,9,1124.0,0.18453963758050038,0,16.0,0.6504467199779953,29,2065.0,0.17103596071534755,7,589.0,0.22899408143119226,3,8.0,0.48239056448125844,12,1400.0,0.2907160071880357,29,1677.0,0.049075790055217706,0,18.0,0.6482661318728197,9,249.0,0.3754769621624086,19,1779.0,0.09554245898431155,18,1164.0,0.11238945549385197,202,16626.0
1490.0,230,2999.0,6.327004219409282,3.3039638750024944,28,2192.0,0.08562922070862333,10,1076.0,0.32643769496794556,21,952.0,0.13325467464481403,3,47.0,0.11897835114621312,26,2633.0,0.05713272372814235,15,1191.0,0.08271124260726498,2,15.0,0.36316622180315217,34,2225.0,0.17031706779877911,14,644.0,0.2091481336361525,6,32.0,0.3212395724688136,14,1458.0,0.24317141777717216,19,1304.0,0.22873600056268184,0,7.0,0.8959738452924572,7,189.0,0.3977912933813092,20,1680.0,0.11608562347010569,11,1228.0,0.13735388050128933,230,16873.0
1495.0,249,3043.0,6.300207039337474,3.1625211586179023,29,2037.0,0.11129701142053154,10,941.0,0.23550038673801013,27,1073.0,0.1434774050195093,3,28.0,0.23120320835152253,29,2470.0,0.016569455034110375,23,1290.0,0.16912570732068236,7,42.0,0.19289397934200167,36,2400.0,0.0673609164848284,20,732.0,0.15153657057488767,3,42.0,0.3516317747820894,21,1548.0,0.12874163694021526,12,1271.0,0.3004449381603526,1,6.0,0.6777193794814758,2,91.0,0.2749375341386439,17,1471.0,0.19477254050016388,9,1274.0,0.09650255675700294,249,16716.0
1500.0,246,3302.0,6.836438923395445,3.3518204292638965,24,1675.0,0.13896687552306725,7,671.0,0.31029097458498045,23,1018.0,0.0344264205923396,0,13.0,0.38122576359362226,25,2037.0,0.08235831392752085,24,1411.0,0.24490240008227326,4,61.0,0.07451666229365689,36,2584.0,0.022801161820916103,25,850.0,0.1810682361744429,3,24.0,0.44669653760125677,27,1671.0,0.0377849963690836,7,1314.0,0.21559449497561844,5,19.0,0.49025754957042983,4,78.0,0.2525002862946324,17,1551.0,0.2610216886768195,15,1335.0,0.18339015703531342,246,16312.0
1505.0,232,3297.0,6.985169491525424,3.1142325756316303,18,1142.0,0.22261218257591797,3,622.0,0.25309485991179376,16,776.0,0.09488805793222076,0,8.0,0.8318044823335139,14,1875.0,0.226660958767565,21,1280.0,0.0645779336129417,5,81.0,0.06282718873564237,31,2437.0,0.09013916739286017,31,991.0,0.10687314952020048,0,8.0,0.5114133184826516,34,1831.0,0.0016385675967665592,13,1372.0,0.126413362335117,2,25.0,0.2775651617397528,7,102.0,0.3064888416822463,15,1628.0,0.1832407502510239,22,1433.0,0.19942394386334017,232,15611.0
1510.0,218,3046.0,6.6073752711496745,3.4420741837983546,6,1180.0,0.266631583353107,6,641.0,0.2332645572862985,5,744.0,0.2829242392099185,0,8.0,0.9167668877243736,13,1940.0,0.30969317270855845,21,965.0,0.15219584380585324,6,117.0,0.42112479586763163,21,1962.0,0.1658087457823492,33,1152.0,0.10221306953707916,0,0.0,0.8757762363672214,30,1802.0,0.043927846304335806,19,1462.0,0.18580693111695099,4,23.0,0.426356848851267,8,142.0,0.3230655717778229,17,1703.0,0.10383518272278051,29,1563.0,0.12075026676163346,218,15404.0
1515.0,217,2887.0,6.235421166306695,3.6701098138545407,9,1199.0,0.2860378387107675,13,690.0,0.1724412114371306,8,751.0,0.38968951248246986,1,5.0,0.4548268737533116,12,1995.0,0.2989631217349397,9,931.0,0.2810937176084387,6,147.0,0.5365659304408368,15,1902.0,0.10343077652147814,33,1317.0,0.10281833347116849,1,3.0,0.5070725150957082,22,1472.0,0.2001360714178558,20,1356.0,0.26730710862575446,4,43.0,0.43023479765884703,11,190.0,0.3229116667974945,22,1804.0,0.027196475060221895,31,1717.0,0.050270871148466394,217,15522.0
1520.0,210,2728.0,5.755274261603375,3.1726667496047223,10,1060.0,0.2454701774758906,19,778.0,0.1520329751206028,10,663.0,0.21605206411772587,0,1.0,0.40632729247306537,14,1807.0,0.16507381565109067,7,962.0,0.2787198986585407,10,186.0,0.2721378492916109,11,1970.0,0.12498293427874443,33,1482.0,0.1023178554570396,3,15.0,0.4195287788219582,15,1389.0,0.2743537431203673,18,1003.0,0.18935387803569223,0,29.0,0.6056409683021466,11,245.0,0.1325555931922901,25,1701.0,0.023698300796335392,24,1621.0,0.04882141317028149,210,14912.0
1525.0,197,2279.0,4.738045738045738,3.3193982558842983,8,757.0,0.22393573954140014,27,901.0,0.14754443570256415,11,485.0,0.2396098016596306,1,9.0,0.7454881398763508,15,1405.0,0.0817872984314096,14,1018.0,0.22432502605107035,7,162.0,0.06639826167784349,15,2034.0,0.21385031689363057,27,1443.0,0.13599002278433653,0,15.0,0.5334526421450334,10,1442.0,0.1824513031918915,13,1068.0,0.18442397093395665,2,11.0,0.747223780647085,11,304.0,0.24958298440782278,20,1406.0,0.11090304887513824,16,1337.0,0.13432601436652367,197,13797.0
1530.0,184,2026.0,4.256302521008403,3.0530106555951413,4,702.0,0.1841833536087081,33,1053.0,0.10053715999716126,7,512.0,0.12465611098049398,1,14.0,0.7750452342453471,12,1340.0,0.10190186745999903,16,899.0,0.06564665233323232,4,180.0,0.15922761390639037,21,2129.0,0.2539718322176833,19,1110.0,0.17959440145259448,0,4.0,0.9179614179063647,12,1501.0,0.1467149197446942,10,1118.0,0.21065205718604674,1,3.0,0.39259376087179965,11,359.0,0.33916415356262924,17,1494.0,0.2073925338053849,16,1416.0,0.20935532970687562,184,13834.0
1535.0,200,1972.0,4.049281314168378,3.546841862617362,9,723.0,0.20084475449420314,31,1038.0,0.10588563314811851,8,526.0,0.2907739937881251,1,4.0,0.2225291329420164,11,1366.0,0.10916335547111237,16,664.0,0.09208135058249019,10,217.0,0.44571952331114195,27,2249.0,0.1616294697381935,12,1086.0,0.24128886398008056,1,5.0,0.7576322495220315,13,1387.0,0.22061574182279414,12,1173.0,0.18273311545847817,7,23.0,0.06738095103314497,14,420.0,0.29912302344472885,15,1569.0,0.1691280380906279,13,1487.0,0.3010869222900604,200,13937.0
1540.0,211,2135.0,4.295774647887324,3.708484557785567,17,791.0,0.1753542126660185,24,1008.0,0.13397169538938192,15,572.0,0.2117156197072398,2,12.0,0.6217523079853855,14,1423.0,0.14876016185810412,11,641.0,0.2119830519645935,11,272.0,0.46887574338390825,32,2405.0,0.04714895529953873,8,1130.0,0.22997250691104995,3,13.0,0.5786127916490186,9,1092.0,0.2470369107756155,20,1262.0,0.08940027237281245,1,33.0,0.4928751905779148,15,497.0,0.14160333087373414,12,1422.0,0.10279717011918585,17,1556.0,0.26442488881804915,211,14129.0
1545.0,226,2556.0,5.091633466135458,3.302020810313406,25,899.0,0.11270398925241598,16,1096.0,0.13252398695926682,20,660.0,0.0885349161781809,0,0.0,0.8790438541817824,13,1250.0,0.11761970288533179,9,674.0,0.3012776939924014,15,336.0,0.31499249776414145,27,2235.0,0.041467886325449725,13,1183.0,0.19769724322057053,4,32.0,0.3179098098721467,10,1043.0,0.1610993170122673,26,1383.0,0.02561215608241981,0,10.0,0.8699011976035462,15,572.0,0.2534065735294638,10,1206.0,0.11027439778203606,23,1662.0,0.17761093039123066,226,14241.0
1550.0,235,2846.0,5.72635814889336,3.0001553212089815,28,1019.0,0.08970506503147575,13,1166.0,0.14833133378671667,15,606.0,0.10253570033952988,0,4.0,0.7554006051447065,12,914.0,0.10977532239078827,9,568.0,0.3179658128984757,18,429.0,0.21116437570681915,18,1707.0,0.19835086153801454,20,1268.0,0.1355745677943735,1,24.0,0.38763961629672533,15,1109.0,0.13082171975931467,34,1540.0,0.1053066294502029,1,9.0,0.5742167722577586,15,651.0,0.12883164182483148,8,1238.0,0.21331229413322747,28,1791.0,0.027632889614577594,235,14043.0
1555.0,240,2969.0,6.010121457489879,3.4236741730157183,34,1160.0,0.11572869541779558,18,1241.0,0.15314416696026611,6,428.0,0.39899056616170786,0,4.0,0.881632266238102,13,971.0,0.17675796810293026,9,415.0,0.25283716516537746,18,519.0,0.23024114238500698,8,1639.0,0.317639641155798,26,1384.0,0.14417426954266183,0,1.0,0.7587384427185491,15,1179.0,0.20710160257539637,30,1497.0,0.18360675777072955,1,14.0,0.6458254132592627,14,589.0,0.23079474429382615,12,1280.0,0.176773815915494,36,1957.0,0.00028403117624185544,240,14278.0
1560.0,226,2785.0,5.649087221095335,3.283336198056837,32,1147.0,0.09240856050326764,23,1326.0,0.12565737966067134,2,380.0,0.3909543088137608,0,4.0,0.8873406622428357,12,1039.0,0.198662655496926,9,408.0,0.12688890308196743,21,618.0,0.08991321675753602,7,1669.0,0.2804030125515846,29,1528.0,0.08911302007167468,0,0.0,0.9448119130072431,22,1275.0,0.1707646122494601,22,1260.0,0.16042614490593288,0,4.0,0.8057396889756895,5,398.0,0.4396622149007048,12,1165.0,0.10287061084720406,30,1894.0,0.042005059535435235,226,14115.0
1565.0,232,2999.0,6.046370967741935,3.0797662057948245,26,1117.0,0.12183321517842188,30,1465.0,0.10554347424386176,8,408.0,0.3225064152775818,0,0.0,0.8245760972226255,9,894.0,0.13521976410119146,6,430.0,0.18271211950406313,25,735.0,0.16355635496724882,12,1716.0,0.14620967698741133,29,1673.0,0.11458863664377392,0,0.0,0.6798928873378821,28,1387.0,0.03995066507674156,16,1338.0,0.14414916303857672,2,6.0,0.7608949904654523,4,414.0,0.3820255319118413,15,1236.0,0.06696879012444573,22,1493.0,0.09236748728433793,232,14312.0
1570.0,239,3067.0,6.195959595959596,2.9890923488468792,21,1220.0,0.13473139988326024,28,1427.0,0.13383482028473867,13,467.0,0.19856363766790794,2,2.0,0.5752221954563634,8,627.0,0.11188021902203338,14,482.0,0.1782506729932673,19,708.0,0.2699382691340019,19,1804.0,0.036670987171340305,29,1822.0,0.13473817647099534,2,5.0,0.572501567037792,33,1545.0,0.01512635701610527,12,1399.0,0.16595233129972536,0,2.0,0.5299141489864746,10,450.0,0.18945178171816213,14,1302.0,0.17307099962399544,15,1476.0,0.2356136064232554,239,14738.0
1575.0,233,2892.0,5.890020366598778,3.0070611066279196,17,1286.0,0.15135148601718953,22,1206.0,0.1565395494730212,12,414.0,0.22393990144780637,3,21.0,0.6896132398251756,3,570.0,0.2249605923467722,20,572.0,0.04555350170273535,9,543.0,0.23965707232930775,24,1920.0,0.12288614137015814,29,1967.0,0.1330816053456419,0,2.0,0.6038258170973354,31,1497.0,0.13940508022905465,14,1465.0,0.12377499289355905,5,19.0,0.42412777571109705,16,523.0,0.043637804485837345,18,1363.0,0.14991805477470344,10,1535.0,0.309627043680133,233,14903.0
1580.0,227,2930.0,5.967413441955194,3.0137035193048014,20,1370.0,0.11810679586204527,14,1211.0,0.21156906512971357,5,259.0,0.37118437597437887,3,36.0,0.7112466216527257,7,596.0,0.2770900241077569,21,565.0,0.13623465995463604,7,576.0,0.11954888305472675,27,2047.0,0.13525447321885048,34,2125.0,0.09899227621964948,0,0.0,0.8460334277883643,22,1275.0,0.223128798020553,15,1355.0,0.07326030097193835,0,21.0,0.45957760569060635,17,610.0,0.2447870583448607,23,1462.0,0.06147606319116503,12,1584.0,0.2362712243648869,227,15092.0
1585.0,247,3369.0,6.792338709677419,3.270293049893675,29,1495.0,0.09601042135293765,11,1271.0,0.20261460213191293,4,219.0,0.27746443628571843,3,51.0,0.6205015531218347,13,646.0,0.24368381847915388,16,471.0,0.3000858135336479,9,615.0,0.2785381038978093,30,2193.0,0.2178501484464166,36,2303.0,0.09479525985933107,0,0.0,0.7669870922697699,20,1374.0,0.10910937836955006,13,1053.0,0.2239857662294635,2,13.0,0.6678032238377624,17,693.0,0.36133510623292686,24,1369.0,0.02062821478041247,20,1674.0,0.1044746220615544,247,15440.0
1590.0,265,3947.0,7.862549800796812,2.798543426852579,32,1631.0,0.08321054070046106,16,1339.0,0.19472514504955418,8,250.0,0.044310160240652964,5,71.0,0.32593073960688035,15,592.0,0.0943272618126816,11,533.0,0.3046509242498828,16,680.0,0.22163030715814575,30,2343.0,0.15461079483770213,36,2483.0,0.09545163607137766,1,5.0,0.5179252796288208,14,1448.0,0.0946259309053496,12,1018.0,0.2724642744433983,4,29.0,0.6509514826192339,18,777.0,0.1257923634771877,21,1097.0,0.0874048293527027,26,1793.0,0.052733313516006484,265,16089.0
1595.0,285,4273.0,8.461386138613861,2.74698794752634,36,1787.0,0.10577948028956786,23,1437.0,0.12617024780491512,14,313.0,0.058425753931813304,9,110.0,0.3918139146064801,16,513.0,0.07889269268777195,9,580.0,0.2186199215344717,23,780.0,0.1556026542045467,24,2185.0,0.1297206423127032,30,2392.0,0.13354427279903724,0,3.0,0.6932906105122442,14,1508.0,0.20368690938891404,13,1076.0,0.2432501375888449,2,23.0,0.26758053650261143,22,879.0,0.037806910590326676,17,1182.0,0.2161391719580472,33,1945.0,0.0710945622181334,285,16713.0
1600.0,290,4564.0,9.055555555555555,2.876968124928366,36,1965.0,0.09521508344169441,28,1568.0,0.11894793404529805,14,383.0,0.24819304428831934,10,159.0,0.24277921618589002,14,576.0,0.09049766840021735,15,643.0,0.07716804451134589,25,902.0,0.03796837997846463,16,1759.0,0.1674674523690471,22,2022.0,0.16863902313045553,0,4.0,0.9170442173519371,21,1598.0,0.22517866226943967,11,974.0,0.1848040382597763,7,41.0,0.25698235796055097,22,989.0,0.1902447664644689,13,1251.0,0.2329240962809486,36,2122.0,0.10434107055288905,290,16956.0
1605.0,267,4339.0,8.575098814229248,2.925590894229145,32,1912.0,0.0857365240080439,29,1716.0,0.10852626550774946,14,457.0,0.29441351582316816,7,136.0,0.06568132557592572,15,627.0,0.12326935209537833,22,739.0,0.015133273406948096,20,877.0,0.023723288251135895,6,1578.0,0.22779728521295517,14,2103.0,0.17287305724176733,0,4.0,0.8883884074379681,27,1718.0,0.14771444232234096,12,744.0,0.2170897668997537,2,44.0,0.4497286449514341,22,1103.0,0.23812126186341565,15,1320.0,0.19248196673156565,30,2028.0,0.11876401808112207,267,17106.0
1610.0,251,3849.0,7.591715976331361,3.1785094679888877,25,1661.0,0.14800604910595586,30,1862.0,0.14320620178022228,8,406.0,0.3478802386197502,4,77.0,0.48957266992941884,16,700.0,0.08952867049964947,28,867.0,0.0012235474945903712,10,691.0,0.17778865607507074,7,1603.0,0.22237668709035754,12,2165.0,0.1804787154059715,1,3.0,0.6788918205489058,30,1646.0,0.04192349445663997,6,653.0,0.23372625890992693,3,31.0,0.6745207468902086,22,1210.0,0.22358466921437498,27,1434.0,0.12758876614496903,22,1694.0,0.08951604444178912,251,16703.0
1615.0,234,3513.0,6.915354330708661,2.9706725910885443,18,1687.0,0.1612249384646143,29,1708.0,0.12552877607379712,3,208.0,0.30784010837581355,4,48.0,0.6233314665765814,19,661.0,0.06064675788455959,30,1024.0,0.06408661174535046,4,714.0,0.20523790697038213,12,1653.0,0.10462498577773109,14,2229.0,0.18807864912379435,0,0.0,0.5754500749234739,26,1375.0,0.08035541598318649,6,664.0,0.2577966281645807,0,14.0,0.6493019145242166,25,1329.0,0.05148894077419668,30,1562.0,0.038454146329939716,14,1681.0,0.215577957869696,234,16557.0
1620.0,232,3263.0,6.552208835341365,2.9210914302767583,12,1745.0,0.1889532155775339,23,1818.0,0.12997861986633968,4,218.0,0.39395027196090915,0,33.0,0.616377538695795,16,556.0,0.20961562033786363,24,1027.0,0.158975701074183,8,729.0,0.11550459535303674,13,1491.0,0.0787601747219384,21,2326.0,0.13514922926058892,1,5.0,0.706482167917954,16,1376.0,0.12147520270483943,14,721.0,0.11568827916115641,5,16.0,0.3886182206050198,30,1468.0,0.14076213051659264,35,1700.0,0.05935566564650711,10,1732.0,0.29019314852618194,232,16961.0
1625.0,253,3462.0,6.993939393939394,3.25181303590258,14,1783.0,0.21462441879222902,19,1919.0,0.13350743374902985,10,248.0,0.3844611798996647,1,6.0,0.2804664605058945,15,634.0,0.28127502291931983,20,888.0,0.24874304510979475,14,793.0,0.29502950302510544,11,1100.0,0.2648719295671528,28,2455.0,0.1061557698407107,1,10.0,0.7771216274136689,14,1438.0,0.21834666752070872,21,815.0,0.1574847931077812,7,50.0,0.34413940105220003,30,1618.0,0.17642592980876862,36,1875.0,0.08653565823527459,12,1784.0,0.20411198764563984,253,17416.0
1630.0,257,3749.0,7.423762376237624,3.2061475697383703,20,1868.0,0.14623714999167153,13,1780.0,0.15346018077161333,13,306.0,0.3172181845047844,3,12.0,0.3405346622726473,15,704.0,0.2374739592179107,14,964.0,0.2672871648269597,20,881.0,0.21335422488420303,8,1051.0,0.3444996108875927,33,2612.0,0.10970405235019572,1,1.0,0.6456372570060229,10,1310.0,0.30349402080724225,20,795.0,0.20749078687604683,7,89.0,0.4022415095207457,30,1765.0,0.08219036506190193,30,1794.0,0.11007781674970382,20,1872.0,0.06911702725832639,257,17804.0
1635.0,249,3967.0,7.763209393346379,2.8996651914839724,26,1984.0,0.10504080136824323,9,1741.0,0.15202700376245767,9,275.0,0.11038984914889709,4,28.0,0.5182305928910563,18,776.0,0.10232441928488796,11,1025.0,0.23932408286768053,25,992.0,0.13268664001870034,9,1084.0,0.22312079507844582,33,2779.0,0.08044207993861709,2,10.0,0.46277723802400084,7,972.0,0.22552066507669152,13,575.0,0.19691263130990064,3,79.0,0.5343396203373483,30,1917.0,0.040790675726561615,23,1497.0,0.08556393844970231,27,1991.0,0.05550243656941662,249,17725.0
1640.0,261,4516.0,8.701348747591522,2.6168801465933638,32,2135.0,0.09317789985802798,11,1778.0,0.1424670844696787,7,146.0,0.16275193563718454,1,23.0,0.4742160163023902,21,729.0,0.056529098592165414,14,1088.0,0.14111758196126187,25,1117.0,0.0684739130227006,14,1147.0,0.0344680413585613,36,2957.0,0.09554724443638536,0,3.0,0.6009966641546606,7,926.0,0.16465557668922065,11,631.0,0.13561923229222345,4,24.0,0.5684658867424387,31,2072.0,0.052337645723309845,14,1404.0,0.13683091195067468,33,2146.0,0.022441216607392005,261,18326.0
1645.0,249,4560.0,8.958742632612967,2.897525179200299,36,2311.0,0.09683081760963846,12,1834.0,0.15636325934762607,1,106.0,0.19757900644943271,1,12.0,0.6854922554202351,16,811.0,0.13061330344649605,16,1037.0,0.05726156792552166,20,1062.0,0.05971579744396386,15,998.0,0.24224807579498364,30,2854.0,0.12720503627312077,0,2.0,0.8837798195313069,10,959.0,0.24403740627202788,11,692.0,0.22941727832595202,2,25.0,0.29864567987128826,36,2244.0,0.12692574840721327,12,1462.0,0.229565573569544,31,2056.0,0.14386159543395924,249,18465.0
1650.0,227,4234.0,8.384158415841584,3.5656301856925046,30,2243.0,0.11108170414246182,19,1919.0,0.12337879436243376,6,101.0,0.5571248625308929,2,18.0,0.21231030765257963,19,876.0,0.12742478707467006,14,860.0,0.10210697736058735,11,824.0,0.32259921647195966,5,621.0,0.5045802215494093,22,2459.0,0.1603573927792457,2,6.0,0.6752746980574572,12,1011.0,0.20683933981498295,9,613.0,0.2745539088137695,5,26.0,0.15983785436146847,36,2428.0,0.1340152011409753,14,1522.0,0.3071589994002107,21,1701.0,0.21762643012234426,227,17228.0
1655.0,206,3480.0,6.744186046511628,3.056176146527822,24,2047.0,0.1434861853663399,28,2043.0,0.11964630764133034,6,123.0,0.6184104070206472,8,48.0,0.09885611484295286,13,858.0,0.055833217085240604,8,800.0,0.19011122877395284,7,850.0,0.267260439258399,4,630.0,0.3057308871583589,14,2411.0,0.2022465634445577,3,17.0,0.6370712991024987,13,934.0,0.09947319551711649,4,376.0,0.15376772526618168,7,67.0,0.4148899570479959,32,2319.0,0.05153782063358806,21,1612.0,0.1512256205033385,14,1572.0,0.15716929630477375,206,16707.0
1660.0,205,2488.0,4.775431861804223,3.03354578466215,18,2141.0,0.1523602107514373,33,2189.0,0.10353167360713333,9,157.0,0.2613985332427276,3,52.0,0.1635938975774404,13,800.0,0.07770955750224447,8,839.0,0.2784464269198659,9,886.0,0.2530164264477894,11,667.0,0.17527309082910822,11,2470.0,0.20923409991518885,1,12.0,0.5228929684007396,14,740.0,0.10862278513444341,6,404.0,0.20631782376711483,7,102.0,0.4896475483932667,26,1833.0,0.07634582368342911,27,1726.0,0.052912411128899293,9,1629.0,0.11858686961319605,205,16647.0
1665.0,234,2445.0,4.683908045977011,3.270509195538185,16,2221.0,0.14946243623677014,35,2362.0,0.07295772255939965,14,218.0,0.0005126506160421906,1,25.0,0.3745701501579572,12,839.0,0.18144941084542474,12,892.0,0.21382706364095524,14,944.0,0.27225279677491354,17,733.0,0.008010187464968297,14,2529.0,0.17574126759735323,5,15.0,0.3577754881023266,14,790.0,0.2040975408319805,10,435.0,0.2519724694805574,11,146.0,0.35774909292307894,14,1798.0,0.23464226189451245,33,1875.0,0.06557437572056811,12,1678.0,0.23611236029147448,234,17500.0
1670.0,257,2611.0,5.001915708812261,3.326485034631655,16,2294.0,0.14074736995144682,29,2272.0,0.12280435854229382,8,207.0,0.23231584849741757,2,28.0,0.5309458415955374,14,880.0,0.19861130488829828,20,977.0,0.05651120176554665,21,1035.0,0.17224703116271156,15,612.0,0.04765526452613258,21,2626.0,0.14434905175800308,6,45.0,0.3899133710806738,15,846.0,0.24277408214535184,14,490.0,0.2380234900840779,13,206.0,0.2478817046573573,12,1846.0,0.2960008424783142,33,1838.0,0.10063796751023193,18,1756.0,0.2109007341307759,257,17958.0
1675.0,257,2893.0,5.639376218323587,3.3630504094398876,24,2397.0,0.12100198243823675,21,1939.0,0.17746357716344957,0,93.0,0.6118129002273288,3,45.0,0.7607470315877707,18,958.0,0.11589933816968367,24,1091.0,0.08646956050566897,26,1157.0,0.026517592688434215,5,388.0,0.18618288541578168,27,2750.0,0.17020728361530946,0,39.0,0.5197496823222871,11,768.0,0.2016538070079231,20,579.0,0.09381546386082004,14,274.0,0.12245436804868093,13,1901.0,0.2642466049088238,26,1588.0,0.14514899027100286,25,1864.0,0.201853641743146,257,17831.0
1680.0,284,3503.0,6.868627450980392,2.8863930731826453,29,2427.0,0.08480808698321154,12,1905.0,0.21329248382843866,3,86.0,0.5083627081632279,3,56.0,0.7213027569703915,25,1072.0,0.03876693839269682,23,1078.0,0.20709567928155598,27,1296.0,0.093506591020954,3,399.0,0.30929189980479077,33,2901.0,0.07878945707465117,2,5.0,0.5072059846344864,13,577.0,0.12630600013370832,28,707.0,0.09379076481888092,14,344.0,0.16848241952759793,20,1990.0,0.08693631026353975,17,1589.0,0.0982235586146634,32,2009.0,0.15099090535472265,284,18441.0
1685.0,291,3825.0,7.514734774066798,2.724836324564418,34,2583.0,0.0965430239039937,12,1957.0,0.20331446399802947,7,112.0,0.20287027228170723,1,25.0,0.49184760656625054,33,1223.0,0.12819299983669646,13,886.0,0.2508692565005524,28,1432.0,0.2218043619308598,8,427.0,0.22475369653697924,36,3077.0,0.09593589527349529,0,1.0,0.6700892959109773,8,504.0,0.12226293981153973,26,716.0,0.13840683411203783,9,326.0,0.28153925524790335,27,2118.0,0.03931248856068578,13,1642.0,0.1466166195766391,36,2185.0,0.08913869951404915,291,19214.0
1690.0,279,4051.0,8.021782178217821,2.7671999070947253,30,2732.0,0.10493871549302874,15,2016.0,0.19730552145745703,7,151.0,0.08349657755371678,4,17.0,0.2908034066271613,36,1396.0,0.14211704819806573,6,863.0,0.20483203175235212,33,1584.0,0.17201392027806114,14,486.0,0.057350036794929206,30,2922.0,0.10568323004691751,0,2.0,0.8784438197691685,7,515.0,0.15210232254758366,20,636.0,0.25453120163553217,1,202.0,0.5253707242196368,29,2263.0,0.16992139100037612,16,1711.0,0.20882839914236603,31,2102.0,0.014945797467402395,279,19598.0
1695.0,297,4605.0,9.047151277013752,2.8499435235376693,30,2879.0,0.09658826263367914,22,2110.0,0.11660879674945847,7,186.0,0.3848149223276391,5,25.0,0.07271939244753343,37,1577.0,0.08831747723211018,9,881.0,0.21035239261065777,34,1753.0,0.11366677576235017,10,416.0,0.10136847872116926,24,2426.0,0.15382643282257652,1,5.0,0.751169439392039,12,558.0,0.24008236544851108,17,716.0,0.1847977245447396,7,193.0,0.2763929825603087,34,2426.0,0.1377457126217656,22,1806.0,0.22613433678226488,26,1784.0,0.10750909514182197,297,19741.0
1700.0,280,4815.0,9.295366795366796,2.9917006709251117,30,3024.0,0.10026931837475202,30,2242.0,0.08686797395089288,1,148.0,0.47751064695188233,2,22.0,0.5270104137472053,33,1586.0,0.055646860770967296,14,946.0,0.10096862288870909,34,1923.0,2.57603382939577e-07,1,245.0,0.4894681698303319,14,2354.0,0.1920477340011174,2,12.0,0.6795456402637187,21,644.0,0.23206329634477948,13,782.0,0.12915031420033407,8,219.0,0.10965546160191325,36,2602.0,0.05081967313433675,27,1921.0,0.11605714591346103,14,1761.0,0.2313553041227658,280,20431.0
1705.0,280,4787.0,9.349609375,3.119780804575247,28,2897.0,0.11520496802421583,29,2383.0,0.10960388782971127,0,36.0,0.5437629079610784,2,26.0,0.787465632849054,26,1422.0,0.20763445501842084,20,1036.0,0.24132082329143645,28,1846.0,0.01820356642208372,2,211.0,0.5570427415655493,11,2409.0,0.2361502000240948,1,7.0,0.5053183511527032,21,609.0,0.1059028865293395,17,859.0,0.08958476113018043,13,263.0,0.27347949191627363,36,2786.0,0.021552151065702355,34,2081.0,0.04433914421565886,12,1810.0,0.2669822577436516,280,20681.0
1710.0,276,4758.0,9.403162055335969,2.9754970619200463,23,2485.0,0.15043170212255394,29,2530.0,0.16174789695804728,3,43.0,0.38818239875089505,2,36.0,0.7386175384153982,15,1427.0,0.25438375491710274,24,1151.0,0.22129089762064239,18,1516.0,0.0915365216157392,7,216.0,0.5890418192420611,7,2136.0,0.20144667730640387,5,23.0,0.32230890926717776,20,710.0,0.05251952957028374,24,967.0,0.14343249017056026,13,328.0,0.31676083486368994,36,2966.0,0.13113432431473623,36,2262.0,0.021774575208808034,14,1872.0,0.17564742516689777,276,20668.0
1715.0,277,4472.0,8.768627450980393,2.843352791122501,19,2478.0,0.16483861959663512,29,2402.0,0.11317595329426981,8,72.0,0.08736685973479151,4,49.0,0.27424953851420136,13,1480.0,0.19107732532980995,29,1286.0,0.19999104537932275,12,1479.0,0.19961448914802507,8,253.0,0.5049001842883495,5,1580.0,0.21679991791152406,1,28.0,0.5923294932726031,23,816.0,0.04790373300647399,29,1098.0,0.13909351543957582,15,396.0,0.060090237419833305,30,2829.0,0.17761064568551,31,2184.0,0.13372901745725665,21,1962.0,0.03552859081841227,277,20392.0
1720.0,246,3759.0,7.284883720930233,2.977568068227185,16,2562.0,0.16856006226140177,23,1986.0,0.16374029948039462,3,57.0,0.15494957497576484,1,22.0,0.13299025841225756,9,1378.0,0.12207417291601702,29,1435.0,0.157340860546734,8,1526.0,0.2154537604380767,12,303.0,0.1717274585015184,4,1497.0,0.2671614323841692,3,14.0,0.7101148781764839,22,926.0,0.02458412051743149,32,1251.0,0.021348782890095373,14,470.0,0.06001585020448857,22,2383.0,0.09578988694824689,22,1872.0,0.2440163332785708,26,2085.0,0.1252091002361934,246,19767.0
1725.0,237,3615.0,7.019417475728155,3.0378355929428,14,2609.0,0.15311939406897102,17,2073.0,0.17197058528957126,1,27.0,0.641255085140632,1,14.0,0.6516689255928779,10,1149.0,0.12434280283319891,30,1581.0,0.09648890025810193,13,1581.0,0.11449813849856823,15,374.0,8.585511067451787e-05,7,1519.0,0.20388890291120718,0,9.0,0.4994290176132156,22,1032.0,0.04330950151020094,27,1259.0,0.03807957313246358,13,529.0,0.28564670392227154,15,2471.0,0.11666080035907353,19,1868.0,0.14700602778276722,33,2236.0,0.11490832622583698,237,20331.0
1730.0,235,3448.0,6.774066797642436,3.2631609027144157,19,2669.0,0.17462841479923016,12,2134.0,0.19552960945596556,2,25.0,0.7195117695706242,0,8.0,0.8944815939658753,7,1120.0,0.14333827192780726,34,1742.0,0.0696783333220326,21,1670.0,0.024022307815658225,9,330.0,0.08182533723324699,13,1570.0,0.18714464445912088,4,20.0,0.36858621397242053,23,996.0,0.14057943680713844,17,1107.0,0.23608691572053017,13,590.0,0.44694036287575045,12,2529.0,0.22127286026558532,13,1939.0,0.09706067093575595,36,2413.0,0.048289418991435774,235,20862.0
1735.0,247,3598.0,7.181636726546906,3.2897075257228887,27,2788.0,0.10757811213130448,17,2206.0,0.17991123190009592,2,33.0,0.6441085767655298,1,9.0,0.5683464656546504,9,1132.0,0.22736916185593312,36,1919.0,0.08809824784469214,27,1791.0,0.1427158872370298,0,156.0,0.31612112907816325,19,1654.0,0.14132849871097958,1,23.0,0.41506088382562306,21,975.0,0.2433057993251798,12,1104.0,0.282304281691891,14,652.0,0.3758982941515964,14,2591.0,0.2154499111779717,16,2004.0,0.12774917378708056,31,2309.0,0.01765058753542017,247,21346.0
1740.0,274,4074.0,8.115537848605578,3.1304836905716478,27,2643.0,0.09508725106010901,16,2002.0,0.15996368690550944,2,45.0,0.7361810981394891,6,27.0,0.4681339775541158,15,1187.0,0.281227845631191,36,2099.0,0.04439553681240236,27,1926.0,0.20606761222526315,4,165.0,0.41027671713527514,27,1773.0,0.13960210248368518,2,13.0,0.4431115704579346,20,1081.0,0.18428625638663998,12,1163.0,0.2520631572343712,17,728.0,0.16520693089504077,22,2681.0,0.07361001507679062,20,2094.0,0.050168721685086584,21,1911.0,0.17392397671589566,274,21538.0
1745.0,279,4393.0,8.681818181818182,2.9429955699823447,23,2208.0,0.1638757561150659,15,1409.0,0.21791475563299878,2,55.0,0.7592008618346728,2,28.0,0.4756902802966419,20,1275.0,0.1398803704057516,30,2034.0,0.02875988396240376,27,2061.0,0.16888473707332666,9,198.0,0.3429076415112698,28,1912.0,0.15538421993278717,0,6.0,0.5597490306337339,19,1171.0,0.07583834769961985,14,1223.0,0.12432782170466197,20,826.0,0.1563604723753213,28,2811.0,0.02865178765611946,27,2219.0,0.03591487243939058,15,1986.0,0.2473058652134588,279,21422.0
1750.0,276,4642.0,9.192079207920791,2.8347356269205877,19,2187.0,0.17719837722464438,14,1391.0,0.19614510248566272,3,67.0,0.44848498935509273,2,12.0,0.290695498455462,26,1393.0,0.01199740389132994,21,1723.0,0.15404635127322108,27,2198.0,0.18493957487290008,3,152.0,0.2181867948843134,32,2064.0,0.07707814117393791,0,0.0,0.9014509507476112,18,1253.0,0.09016066468105816,16,1162.0,0.03469147987446591,20,930.0,0.21570444526654828,30,2960.0,0.13643546052785907,34,2378.0,0.1244257674218129,11,2048.0,0.24356699762209075,276,21918.0
1755.0,274,4411.0,8.76938369781312,2.80817592261566,17,2278.0,0.14751570508909134,12,1441.0,0.19251042353696962,8,98.0,0.1959636351458095,0,9.0,0.13259455394034347,34,1551.0,0.0015691609319365997,14,1803.0,0.2503752565528761,31,2343.0,0.17330789837675614,4,76.0,0.2563864921346911,36,2241.0,0.09212553776312557,1,1.0,0.6262241389056256,20,1196.0,0.037516603073137395,12,965.0,0.11650941243232721,16,845.0,0.284379760704302,24,2767.0,0.20659143473542874,29,2044.0,0.18157523228717995,16,2114.0,0.16662075322120648,274,21772.0
1760.0,240,3669.0,7.397177419354839,2.8378898007565017,15,2079.0,0.15721632362750973,12,1486.0,0.21501830948779033,2,55.0,0.27607475300977874,0,4.0,0.51089332229554,36,1728.0,0.04091147613258249,13,1867.0,0.21931079118945251,33,2507.0,0.13505510281626754,1,39.0,0.5555124946626793,30,2112.0,0.13241977869682775,2,14.0,0.48201610870218137,22,1052.0,0.07020800291249281,8,1013.0,0.28939464961643574,8,583.0,0.1411709223318804,17,2273.0,0.150150088993989,23,2166.0,0.1300315713811612,18,1944.0,0.06055572632038839,240,20922.0
1765.0,206,2994.0,5.988,3.1608904609283637,12,2111.0,0.14596249677358683,18,1569.0,0.14635202492356725,1,19.0,0.5813570936727644,1,8.0,0.7027662401423238,36,1908.0,0.1423362716247288,8,1702.0,0.17790047631166517,28,2384.0,0.08985619351749842,1,11.0,0.758146830074345,22,1665.0,0.18838898843137314,0,9.0,0.6941826405605999,15,1072.0,0.12319029515795492,10,1062.0,0.27993653688451287,4,604.0,0.1518770165781747,15,2343.0,0.1048806875956093,19,2270.0,0.07429495873390071,16,1544.0,0.1165181213097028,206,20281.0
1770.0,196,2674.0,5.42393509127789,3.482812499604229,11,2115.0,0.15298737602432605,25,1680.0,0.10902343194678259,1,19.0,0.7831254030052209,1,13.0,0.8366707459633309,36,2088.0,0.16246219283208868,10,1548.0,0.08721104537671716,26,1990.0,0.07707719890171227,1,14.0,0.7217470012568514,14,1741.0,0.15826329879407205,0,2.0,0.9247036359261032,13,1126.0,0.22490132456785308,14,1126.0,0.1749504675006781,10,632.0,0.12660175284223366,12,2407.0,0.22371939305458605,11,2089.0,0.15874621053142587,11,1389.0,0.2730471942436824,196,19979.0
1775.0,201,2342.0,4.712273641851106,3.2561798459908795,17,2179.0,0.11626646172146733,33,1830.0,0.09094525678669733,3,27.0,0.4602261043805095,1,7.0,0.6069409043445406,31,2040.0,0.07044129835404421,10,1597.0,0.19735689712943824,16,2085.0,0.1465017837607142,1,19.0,0.7316626058485421,11,1800.0,0.19860233321361764,0,0.0,0.7273724681516237,14,1186.0,0.30799646043796797,22,1224.0,0.04934534251618487,9,527.0,0.24157393437551786,16,2477.0,0.26483806588486325,8,2124.0,0.15439308712821007,9,1427.0,0.29347390601097745,201,20549.0
1780.0,231,2377.0,4.68836291913215,3.2561192735220996,17,1982.0,0.1408122744862583,31,1984.0,0.1115608350608414,9,55.0,0.0005344857928018418,6,23.0,0.46296247708405597,28,1781.0,0.1024425431060434,13,1644.0,0.2527641164468252,14,2141.0,0.22677370434520175,0,4.0,0.6373315251886831,15,1868.0,0.17168489386259866,1,1.0,0.5779821198817376,20,1269.0,0.19221698283454028,22,1183.0,0.053396170802099935,5,310.0,0.4720654273335867,22,2572.0,0.11097631567779369,13,2169.0,0.14492901915882378,15,1485.0,0.24052973980603778,231,20471.0
1785.0,223,2598.0,5.134387351778656,3.2077205616468074,17,1700.0,0.1488637883306574,31,2139.0,0.12257284149106029,3,55.0,0.0646260445557776,2,27.0,0.5050242585493371,16,1794.0,0.1747389166335614,15,1497.0,0.2089249605979258,16,2212.0,0.2012343846053664,0,2.0,0.9402457016767901,17,1688.0,0.13311085038680592,0,2.0,0.6448844627380016,26,1386.0,0.07455173400456076,14,976.0,0.25938005346134696,1,282.0,0.48303691779306274,29,2706.0,0.019681882020078836,17,2240.0,0.20464131423153967,19,1570.0,0.07591134484222238,223,20276.0
1790.0,245,2850.0,5.621301775147929,3.1800450454366223,13,1762.0,0.15238197769654854,36,2310.0,0.09517130323287368,0,23.0,0.6487551153927169,4,25.0,0.45762045374954036,11,1836.0,0.2230405104710256,16,1260.0,0.20188260083281512,22,2315.0,0.05641654986744065,0,0.0,0.9436361874606086,15,1281.0,0.18659625694297258,0,4.0,0.9295993257971095,28,1371.0,0.03885320076115125,8,958.0,0.33232192454208254,9,310.0,0.19385301256046175,35,2874.0,0.10459033552834737,22,2340.0,0.16572765113555435,26,1687.0,0.0017453986710373776,245,20356.0
1795.0,250,3023.0,6.009940357852883,3.160710101294577,17,1840.0,0.17196129298437376,30,2192.0,0.11765129698050611,2,27.0,0.6254980056085422,3,30.0,0.42651294921773764,13,1890.0,0.24249787913616438,13,1319.0,0.1015733680852474,30,2446.0,0.01091626790452222,0,0.0,1.0,8,1326.0,0.25126258388828615,0,4.0,0.7881993178932379,24,1216.0,0.19198520297890292,9,990.0,0.27465284599102174,13,366.0,0.07317809397487844,31,2707.0,0.12217387795184906,29,2472.0,0.05416101399360701,28,1827.0,0.09038061928698342,250,20652.0
1800.0,256,3203.0,6.4188376753507015,3.0973557190612095,18,1920.0,0.1310309754718148,22,1657.0,0.15156399906534493,3,42.0,0.6344561405100694,1,18.0,0.28094060772929413,19,1977.0,0.163964165182119,9,1360.0,0.11622456424876769,35,2607.0,0.025656344277912576,0,4.0,0.8008405419489945,9,1364.0,0.21450915962199799,3,11.0,0.5796009212648868,17,1230.0,0.265154255291233,16,1055.0,0.15668483327870797,19,450.0,0.20628850724225792,24,2236.0,0.065017447568369,33,2333.0,0.01865418187353869,28,1971.0,0.1887113884144732,256,20235.0
1805.0,254,3253.0,6.532128514056225,2.9599028613416185,25,2029.0,0.11358751361345118,15,1396.0,0.2220559418695876,3,55.0,0.4151615675909719,3,21.0,0.09877249138437254,23,1868.0,0.0922839642594892,17,1433.0,0.10782637248133045,30,2487.0,0.11145785795251922,0,4.0,0.7730159763396236,16,1430.0,0.1764082660343278,2,7.0,0.4664988867330134,13,1300.0,0.2055908264713928,19,975.0,0.05036986048698378,20,553.0,0.2760717392572016,16,2327.0,0.1008387384003772,24,1931.0,0.18469752576298915,28,2111.0,0.19207955026421736,254,19927.0
1810.0,243,3156.0,6.375757575757576,3.1565359078768567,32,2172.0,0.11222666430717018,8,1429.0,0.2404796657119567,1,21.0,0.5374138511839435,5,48.0,0.4040557232523099,23,1571.0,0.0685246426887126,22,1533.0,0.18449194708108055,22,2068.0,0.22315992214240543,0,4.0,0.8412306622340983,20,1526.0,0.1305986030612157,2,12.0,0.6470413261986526,9,1199.0,0.13141415882510785,14,748.0,0.11351497437394385,20,649.0,0.29584640688850045,14,2397.0,0.20501851008561972,17,1784.0,0.2224377509903256,34,2268.0,0.0020271013296455868,243,19429.0
1815.0,240,3165.0,6.459183673469388,3.0555589286304783,36,2339.0,0.08567306098590832,10,1460.0,0.2497130280217979,3,17.0,0.5797185248933311,5,73.0,0.4956790564535055,18,1663.0,0.11132713242459817,31,1666.0,0.1565802580527298,14,2014.0,0.19869355683840795,0,4.0,0.9097943887142981,30,1656.0,0.07821293355507794,0,0.0,0.8598930890849827,9,967.0,0.15294975511677306,10,718.0,0.27292595283594234,22,753.0,0.14947701715823727,10,2148.0,0.25441359111245265,12,1824.0,0.15422141428156774,30,2149.0,0.04394915918019923,240,19451.0
1820.0,229,3152.0,6.40650406504065,3.1872055896285447,36,2519.0,0.09491036483899191,16,1526.0,0.16510260368336485,0,11.0,0.6455043224673995,2,57.0,0.2828050604355885,15,1727.0,0.20523076902315732,34,1826.0,0.06720677604782474,12,2080.0,0.1100804620814294,0,2.0,0.7187144091170092,28,1575.0,0.11217225484373011,2,8.0,0.4928157745606349,4,979.0,0.23098425120085958,11,772.0,0.3012375375397396,27,880.0,0.09414370844615612,8,1628.0,0.1534065883185768,14,1882.0,0.1569977372182218,20,1661.0,0.13059486090300185,229,19133.0
1825.0,215,3018.0,6.01195219123506,3.5964074520826625,32,2379.0,0.10935265426416693,18,1374.0,0.17047160173726317,0,4.0,0.8147600658250527,1,11.0,0.24688170005916293,11,1578.0,0.2564939709770563,28,1750.0,0.047619835669673455,14,2147.0,0.2389969303303034,0,4.0,0.7979932464779874,20,1258.0,0.19865357892228175,0,7.0,0.7229812317891191,9,994.0,0.21169364177006256,14,828.0,0.22841730386329293,27,1015.0,0.03268911956729096,7,1665.0,0.13858187353249396,20,1972.0,0.1627079093321029,14,1738.0,0.2181197850360907,215,18724.0
1830.0,222,2915.0,5.865191146881288,3.319485574217974,24,1927.0,0.1506327853769543,15,1340.0,0.23120109794636606,1,5.0,0.4886445451146233,2,13.0,0.5551685914673641,12,1629.0,0.12468955304518574,22,1427.0,0.1442255451711383,21,2238.0,0.26111406584738844,0,4.0,0.9063115646136267,15,1327.0,0.17770328153613088,0,4.0,0.8923263619575099,16,1059.0,0.1287842563048759,20,916.0,0.05181075255751603,27,1152.0,0.014536996605127844,8,1701.0,0.260539776483875,28,2095.0,0.18568309094684496,11,1795.0,0.26309058944988345,222,18632.0
1835.0,238,2726.0,5.5070707070707074,2.7820129332280104,16,1841.0,0.17843711680450586,16,1417.0,0.12888758032131037,6,27.0,0.23633785289557138,3,24.0,0.5999525296215379,16,1699.0,0.04842665509664111,15,1424.0,0.17991756347590343,28,2359.0,0.18346150483243528,0,0.0,0.8745692382772144,13,1392.0,0.18474942005808098,0,0.0,0.6878698806672643,22,1166.0,0.05434402785206969,26,1036.0,0.0016735948375310374,21,1089.0,0.19332083216009813,17,1744.0,0.22937859205623823,31,1973.0,0.13811487333549638,8,1602.0,0.28503778034666344,238,18793.0
1840.0,233,2485.0,4.920792079207921,3.039978486069624,12,1901.0,0.21390066016760348,15,1482.0,0.1537752345080715,7,64.0,0.3863477612734357,0,15.0,0.39436661639363496,21,1785.0,0.06829810841711596,11,1477.0,0.13041404447372582,35,2521.0,0.13654049608124127,0,4.0,0.39085787271983796,11,1248.0,0.2149691493370541,2,9.0,0.5594764613119687,26,1130.0,0.15166795636696154,29,1187.0,0.05753003937700039,11,869.0,0.31474153195302135,22,1840.0,0.21668978859249582,25,2102.0,0.07853453864667687,6,1080.0,0.12616262365651965,233,18714.0
1845.0,228,2650.0,5.31062124248497,3.250200489640999,14,1961.0,0.16405868933894888,20,1561.0,0.13574386434604743,1,58.0,0.5425339643609084,0,0.0,0.7044022531879647,23,1889.0,0.13734640510429028,14,1541.0,0.12041191004286785,36,2701.0,0.07028648244861657,0,4.0,0.8033520195127101,8,883.0,0.19705135970772059,0,6.0,0.7217470590578586,21,942.0,0.2708203352150159,29,1332.0,0.17536983172279808,5,823.0,0.21012868922341135,27,1971.0,0.033489429060327446,23,2222.0,0.06159835053008071,7,1026.0,0.13298817389662762,228,18920.0
1850.0,252,3328.0,6.778004073319756,3.2146111205338856,20,2051.0,0.1452194087651923,22,1431.0,0.13151499962074256,0,14.0,0.6113941414555718,0,4.0,0.8243827046158032,30,2027.0,0.2025023633401593,21,1632.0,0.16034985139974428,36,2881.0,3.006575034347672e-07,0,4.0,0.8835828416974612,7,908.0,0.23446706226728495,0,4.0,0.9028331288173859,16,957.0,0.2053173653926678,34,1492.0,0.15253998367395774,9,853.0,0.14315741274209828,31,2121.0,0.14078312553098035,20,2328.0,0.05825265412090128,6,1039.0,0.1861251149037213,252,19746.0
1855.0,273,3814.0,7.73630831643002,3.073101969910106,22,1886.0,0.13145212187485306,17,1163.0,0.20612470202387492,3,18.0,0.4489449682487938,1,6.0,0.5999390186434856,36,2193.0,0.1315821346929669,28,1758.0,0.21660048005308874,30,2736.0,0.07183892374721985,0,4.0,0.7041671103317506,8,949.0,0.23845912495420973,1,2.0,0.6813658973977692,15,1032.0,0.14224872583330642,36,1668.0,0.0503846934516588,14,912.0,0.21904054080109708,26,1949.0,0.15537462048022413,23,2431.0,0.19248841395188004,13,1085.0,0.16582520071405413,273,19792.0
1860.0,272,3810.0,7.665995975855131,3.1035163612078023,20,1498.0,0.14434146632114525,10,1211.0,0.20482779986239308,7,47.0,0.20775191306754026,6,23.0,0.2883890505007683,32,2108.0,0.06383805679897336,29,1900.0,0.14559448598694769,20,2248.0,0.20759786145046966,0,4.0,0.8865955896503757,16,1016.0,0.19218172688599475,3,14.0,0.4682900751674655,14,1098.0,0.11924075427607975,31,1608.0,0.03177726882103722,19,1004.0,0.25415834702709555,18,1468.0,0.13392380768395493,29,2565.0,0.15998502329949812,18,1168.0,0.17263121526224143,272,18980.0
1865.0,254,3605.0,7.152777777777778,3.2774387876344915,16,1579.0,0.1697656040803587,12,1258.0,0.2015998929460923,2,43.0,0.4509289428597355,2,33.0,0.23182213358936135,28,1775.0,0.18431074247392767,31,2050.0,0.12368395482838694,14,2190.0,0.2498305052433687,0,8.0,0.7972908192903314,15,934.0,0.15346881979479154,0,9.0,0.47943788086572947,23,1199.0,0.07176922653176887,22,1262.0,0.19769038819249976,20,1099.0,0.27940651397599436,11,1422.0,0.13324443347872494,35,2733.0,0.06980938933199725,23,1279.0,0.07449448188469368,254,18873.0
1870.0,244,3579.0,7.215725806451613,3.433535889239661,15,1659.0,0.1981770878830582,17,1325.0,0.17987984112254726,0,10.0,0.839636839622734,3,23.0,0.6807301732697199,17,1786.0,0.2403684614354015,37,2223.0,0.0958930799194464,10,2247.0,0.19142707954662555,2,9.0,0.5316307963653977,14,701.0,0.2020970393891588,0,4.0,0.90300715932894,28,1321.0,0.13958369052455744,12,1256.0,0.3039746526284108,22,1204.0,0.07407211298267148,8,1465.0,0.2714038752078564,36,2915.0,0.011682338428447717,23,1398.0,0.03593504300966923,244,19546.0
1875.0,243,3560.0,7.355371900826446,3.1519119575998653,11,1485.0,0.17651337741170953,16,1215.0,0.1579079419927309,1,10.0,0.7322684819773824,0,14.0,0.8523229689997907,14,1837.0,0.16836972457075888,36,2395.0,0.05400050226153189,15,2307.0,0.150407547446116,6,31.0,0.3612791839209926,9,678.0,0.24842676567589628,0,4.0,0.8395510843795546,34,1480.0,0.14874005302391477,11,1307.0,0.24728246219858388,28,1332.0,0.027145158557674284,14,1521.0,0.24791484374246883,31,2764.0,0.04252033506099003,17,1267.0,0.21309685827963337,243,19647.0
1880.0,238,3571.0,7.214141414141414,3.3386194453590416,9,1131.0,0.1965939665758187,15,860.0,0.20400352526163998,1,15.0,0.7475482156791009,2,5.0,0.6017540632472738,16,1905.0,0.09621817365989531,36,2562.0,0.04019644079771652,21,2398.0,0.17500053974656712,7,64.0,0.24767369211967064,7,715.0,0.25467053239465653,2,7.0,0.5885649206293988,31,1451.0,0.06860768952505138,13,1362.0,0.14579436468838824,28,1472.0,0.1624923923307634,21,1606.0,0.09441478517432586,22,2311.0,0.10243802145790866,7,845.0,0.4722332745916453,238,18709.0
1885.0,247,3716.0,7.432,3.0605010391544876,8,1160.0,0.19445092140944964,11,834.0,0.20783819633655348,1,20.0,0.7508639352525576,0,8.0,0.3918506183030738,29,2022.0,0.04761591573521915,32,2462.0,0.0676866788226199,27,2527.0,0.1716563878971359,7,101.0,0.05015036424527503,14,771.0,0.19312452145095133,1,6.0,0.5625731539086618,29,1242.0,0.07909091886284242,20,1451.0,0.09186111046386881,28,1612.0,0.16301985143995978,25,1730.0,0.03662913258350756,14,1645.0,0.12567923423440905,1,757.0,0.37506134277145314,247,18348.0
1890.0,231,3461.0,7.034552845528455,2.9463253626151644,10,1200.0,0.1671113375390053,10,881.0,0.22276345361059247,0,2.0,0.43496413126577665,3,16.0,0.40219833742200134,31,2160.0,0.026149049244620918,22,2066.0,0.227331099095588,29,2672.0,0.12652874513348175,7,137.0,0.4208541957156735,14,688.0,0.14727343854731295,1,11.0,0.6016292713138932,17,1338.0,0.20247232599955026,26,1575.0,0.11572856203791063,24,1544.0,0.11307564186323561,25,1859.0,0.18386830300515286,6,1687.0,0.20184480229284885,6,779.0,0.22849204545102916,231,18615.0
1895.0,232,3374.0,6.9281314168377826,3.3547226571871316,9,1085.0,0.19456989087143658,8,761.0,0.25373044792292254,0,0.0,0.5985576784587032,3,31.0,0.602403029682025,32,2287.0,0.06255901295308272,16,2024.0,0.2800650662001177,34,2831.0,0.0018674515087103065,7,172.0,0.5357016180433442,13,501.0,0.19715767087670646,0,4.0,0.874450189744278,14,1389.0,0.2182089355533019,33,1726.0,0.13700565859535077,18,1273.0,0.12437323232839545,25,1982.0,0.2547055597754341,7,1720.0,0.32006726369584243,13,829.0,0.09787388548789219,232,18615.0
1900.0,234,3517.0,7.034,3.109851668371862,7,812.0,0.20489443574296376,6,501.0,0.23907852261714801,1,7.0,0.3180221036469397,1,15.0,0.6721177800250264,36,2441.0,0.025302420497024934,10,2056.0,0.17349959061403905,36,3009.0,1.0481487160919427e-05,7,204.0,0.4364832783970551,10,506.0,0.2373072783400722,2,6.0,0.7916492174078965,15,1452.0,0.14491195772775042,34,1891.0,0.06984913000868183,10,1323.0,0.12998956104049453,27,2111.0,0.08128198370084197,13,1773.0,0.32569914681931167,19,910.0,0.10624740999493196,234,19017.0
1905.0,251,4006.0,7.932673267326733,3.0023597263553956,7,773.0,0.19509894322450286,6,526.0,0.19071400660513552,1,9.0,0.7881377097511952,1,5.0,0.7116654465162847,31,2337.0,0.08643342932540679,15,2118.0,0.15653958467938028,30,2814.0,0.016179348875528635,7,241.0,0.3068910332825654,12,557.0,0.19065301698888346,0,1.0,0.5033759913330146,22,1549.0,0.0453496641833746,34,2061.0,9.258813225876883e-07,10,1336.0,0.29257066954034455,31,2267.0,0.025439860289533052,19,1854.0,0.2570894110009249,25,1025.0,0.1649091048850968,251,19473.0
1910.0,251,3962.0,7.799212598425197,3.3909672417075183,11,813.0,0.1875079426454801,9,559.0,0.1912495686874785,0,4.0,0.9189315676033816,2,13.0,0.5189557474555033,24,1940.0,0.21830725275573223,21,2209.0,0.12739165599434107,20,2253.0,0.07577513951426282,7,278.0,0.3916207170733095,7,501.0,0.21431113190768047,4,15.0,0.3958844347725468,24,1477.0,0.1328150281123742,28,2009.0,0.16319553991355512,16,1399.0,0.25559591793914616,25,2086.0,0.1746155023991023,26,1968.0,0.15243541191755214,27,1160.0,0.11874047723446811,251,18684.0
1915.0,234,3581.0,7.0770750988142295,3.4756757601802417,9,722.0,0.2056759692695861,15,629.0,0.1963557690718007,2,7.0,0.5596773920175996,0,6.0,0.27843836212634615,15,2022.0,0.2768838621171644,27,2330.0,0.12848387574818837,15,2336.0,0.0897610223209943,7,316.0,0.38446911581408433,5,300.0,0.22775595390590905,1,19.0,0.7006001154031475,22,1589.0,0.15912746577375697,20,1719.0,0.256945092072191,22,1499.0,0.24598159622604024,15,1605.0,0.2621841393950198,32,2119.0,0.023205914622166122,27,1295.0,3.2722931171442013e-07,234,18513.0
1920.0,224,3018.0,6.036,3.2581596876324475,8,431.0,0.17964417847178188,21,725.0,0.15073560624015833,0,8.0,0.5334403719149037,0,2.0,0.7721707625164239,14,2096.0,0.2472772345277071,34,2487.0,0.12292590727980082,12,2404.0,0.1006849907794337,3,241.0,0.38648232139912836,3,310.0,0.2397140157142501,2,11.0,0.6738251528679624,24,1703.0,0.06759531891035891,12,1352.0,0.2760423222321692,24,1615.0,0.0985184447205559,9,1560.0,0.21775555237295363,31,2001.0,0.06359036083426726,27,1434.0,0.029836992665979976,224,18380.0
1925.0,218,2835.0,5.715725806451613,3.067260865709407,2,442.0,0.20361008956025134,29,852.0,0.10401703603041808,0,0.0,0.4224003290216916,0,0.0,0.937628878241774,16,2167.0,0.1594674363070111,32,2225.0,0.037601053317655314,16,2476.0,0.2103818411854678,0,58.0,0.6252873224964889,8,339.0,0.24125496850474037,2,13.0,0.38573556245134355,21,1812.0,0.031902378540841415,4,1304.0,0.2602398271596028,30,1755.0,0.12299669159058528,8,1598.0,0.15288258818355488,23,1661.0,0.21583984844270498,27,1573.0,0.09641851941439936,218,18275.0
1930.0,243,3108.0,6.216,2.913596103215931,9,464.0,0.20819619462751582,29,831.0,0.12292604158148038,4,8.0,0.11301237567686559,0,0.0,0.8295478380015119,22,2137.0,0.08630864949173368,20,2344.0,0.058243405083434674,16,2245.0,0.2013771590428836,1,15.0,0.3781156033576143,13,398.0,0.22534625248043244,7,32.0,0.3913665441870675,17,1704.0,0.1562634933543011,7,1328.0,0.3109688115878438,34,1919.0,0.14493335458319284,14,1655.0,0.21305148644048258,17,1643.0,0.196414017716259,33,1724.0,0.13448674939518662,243,18447.0
1935.0,254,3387.0,6.842424242424243,2.9679957233741443,13,519.0,0.16278698842918463,21,662.0,0.15638113072700208,9,42.0,0.27556423025034854,0,0.0,0.30940814263024363,29,2268.0,0.12574999828719044,19,2430.0,0.03738765943320422,15,1796.0,0.12538027648841996,5,33.0,0.4934041741410728,13,377.0,0.252552146100099,1,37.0,0.4247949981271555,14,1415.0,0.2518469931983962,14,1384.0,0.2026519881168921,34,2086.0,0.05463857663448817,20,1718.0,0.20296438532090713,13,1711.0,0.09167203022712826,34,1890.0,0.17691523658888833,254,18368.0
1940.0,242,3354.0,6.6946107784431135,2.9213489024239427,19,606.0,0.1506423600417294,15,532.0,0.21709767359091883,4,64.0,0.3635815602480944,0,0.0,0.9208957117204979,30,2403.0,0.10232537217266044,18,2522.0,0.08852482404220796,11,1610.0,0.15225936305320525,5,58.0,0.6317258233724521,13,304.0,0.2255085508246757,2,20.0,0.6313207977728945,15,1393.0,0.19874826526995928,16,1279.0,0.05657775225111768,34,2258.0,0.01287783876936782,18,1580.0,0.1287236316904327,14,1773.0,0.12261770429209896,28,1797.0,0.1725280420590689,242,18199.0
1945.0,211,2857.0,5.6351084812623276,3.149165445524367,27,726.0,0.10709760546318613,6,560.0,0.29606925437702925,0,34.0,0.5140061102886847,0,0.0,0.6790095742814578,29,2541.0,0.06494771088680824,22,2617.0,0.08075943788573521,7,1646.0,0.27313652485650314,2,49.0,0.4026748258086143,9,313.0,0.20368350053843987,0,8.0,0.7734257920970384,13,1462.0,0.13805852582165926,16,1362.0,0.05795516618268577,30,2163.0,0.0476624114258147,13,1202.0,0.15548068308185017,16,1607.0,0.20938449788903188,21,1467.0,0.12852045882694077,211,17757.0
1950.0,218,2470.0,4.891089108910891,3.353093652110551,30,719.0,0.09491749304283018,9,582.0,0.31825639730064803,2,31.0,0.5042045974229986,1,6.0,0.35005429951802053,32,2693.0,0.008078539162599506,30,2751.0,0.017199295291961136,12,1691.0,0.26929985953609625,2,13.0,0.23183832697547901,11,355.0,0.20642078383454338,2,6.0,0.5164342987748674,15,1528.0,0.09286849448836239,16,1429.0,0.1743428862820795,20,1667.0,0.20599825948549844,2,1121.0,0.3574849397899108,17,1688.0,0.21833653584645504,17,1458.0,0.11942033466354535,218,17738.0
1955.0,227,2363.0,4.679207920792079,3.015654936813318,25,842.0,0.12266562747987349,9,546.0,0.23877355366115077,8,52.0,0.16350199447551653,0,4.0,0.8951460068191043,28,2553.0,0.041756544130538066,33,2911.0,0.1374644172581703,18,1767.0,0.11895908269996097,2,23.0,0.12990164932034787,14,419.0,0.20904521188888087,1,6.0,0.45104707319382814,21,1625.0,0.0728253502578943,15,1505.0,0.22029350294919886,12,1614.0,0.29125280423671146,9,1135.0,0.3115671064353885,19,1779.0,0.08718394756754973,13,1515.0,0.18013311751011005,227,18296.0
1960.0,238,2364.0,4.7374749498997994,3.069925773070268,24,956.0,0.12543085659112235,7,433.0,0.2481412497331662,3,52.0,0.26454630270598706,0,4.0,0.8761790272669391,24,2536.0,0.14190502772222374,34,3078.0,0.1357343423396287,20,1606.0,0.06513173478771077,5,41.0,0.2233558198930138,21,514.0,0.1901548801507896,2,8.0,0.5602220127283066,21,1538.0,0.15934103410113581,21,1598.0,0.13419711966758566,9,1667.0,0.2753611342280926,16,1194.0,0.15190362593597953,21,1883.0,0.07018576720605466,10,1350.0,0.25043291458430095,238,18458.0
1965.0,222,2266.0,4.541082164328658,3.2686580833853336,15,901.0,0.1163713606926336,5,463.0,0.2754249992260914,1,23.0,0.7104552705539117,1,1.0,0.6664650880226868,21,2647.0,0.1847148506494636,30,2899.0,0.11019318268800511,12,1103.0,0.2821465049210818,6,68.0,0.5183151425892394,22,537.0,0.11187227257582513,0,7.0,0.5147851450388011,17,1292.0,0.22907009204368756,29,1729.0,0.06773163705690886,13,1719.0,0.17099665020034477,21,1289.0,0.03598071014790691,21,1736.0,0.03713513142300607,8,1015.0,0.2978792584297233,222,17429.0
1970.0,220,2144.0,4.313883299798793,3.457126035262974,10,728.0,0.1846704317060829,10,495.0,0.31016001631361106,1,14.0,0.7797307856255675,6,20.0,0.36705785274522834,19,2744.0,0.08422745031847685,23,2424.0,0.08937076940456752,3,1119.0,0.42979590505522086,6,98.0,0.5699802127626283,21,497.0,0.17782391795598237,0,4.0,0.8860056889761004,17,1376.0,0.12495798514793408,35,1892.0,0.11990126671960522,21,1807.0,0.024896297808674382,25,1410.0,0.1624834695248764,17,1373.0,0.12115832556292827,6,1032.0,0.24748440647326447,220,17033.0
1975.0,198,2073.0,4.154308617234469,3.329140543079735,8,709.0,0.19242732838486049,10,462.0,0.2192346822802326,2,21.0,0.5194417095827117,1,26.0,0.17602653559940384,20,2841.0,0.05441231768999584,14,2384.0,0.21475799153677563,8,1137.0,0.26270553656173146,9,136.0,0.3544044394733256,15,404.0,0.24752040960658317,0,4.0,0.8715358203815595,13,1450.0,0.0893396336908217,29,1816.0,0.16341236788149271,20,1660.0,0.061113088151731464,25,1537.0,0.20715269515961762,16,1433.0,0.2373499596529963,8,1058.0,0.13277202677820504,198,17078.0
1980.0,202,2053.0,4.089641434262949,3.5589894238104685,9,746.0,0.188355910420308,12,515.0,0.1485016535641863,7,46.0,0.16458334152687346,4,18.0,0.4778253571457835,26,2960.0,0.07992914365471811,12,2430.0,0.32787114134772455,14,1194.0,0.24462180517656762,13,195.0,0.248218954348549,5,423.0,0.2434042082410417,2,7.0,0.71985463587929,12,1432.0,0.20390466298543924,20,1484.0,0.13339900687164147,13,1245.0,0.15452593532342557,25,1660.0,0.15717960604357195,13,1497.0,0.20011469894446504,15,1117.0,0.07760563542403937,202,16969.0
1985.0,205,2212.0,4.354330708661418,3.229821265510278,13,801.0,0.1922561572649939,12,572.0,0.15779680319871772,2,40.0,0.08772883781880401,0,14.0,0.7177602456217824,27,2767.0,0.125351676234921,13,2483.0,0.26899389741019586,15,1040.0,0.22724629132276006,13,268.0,0.13848018377080665,6,420.0,0.29874322132785486,2,4.0,0.3913209051293333,16,1502.0,0.20550101000704768,12,1352.0,0.1520132635005108,12,1308.0,0.20310549744273484,29,1799.0,0.0275157614268914,11,1344.0,0.10145865755023029,22,1219.0,0.048841731354484316,205,16933.0
1990.0,239,2610.0,5.107632093933463,3.2058484837001067,19,884.0,0.14639378407991555,17,638.0,0.16145897126810027,1,13.0,0.331021847831765,0,4.0,0.8261879016225798,25,2893.0,0.07349002815961876,15,2278.0,0.07984345252050867,11,707.0,0.20929671674173353,13,333.0,0.42207312035802425,15,477.0,0.21183610835909436,8,32.0,0.3256347941171163,21,1593.0,0.1029738248544156,10,1405.0,0.263263496195412,12,1368.0,0.2633900592589167,31,1953.0,0.15186148135252797,12,1012.0,0.13929994116547822,29,1350.0,0.1846400588370055,239,16940.0
1995.0,247,3001.0,5.97808764940239,2.952947718191186,25,1000.0,0.10251150056806668,19,625.0,0.14229811236744022,1,10.0,0.661102028415877,0,4.0,0.8634998806774318,23,3010.0,0.021677689284494272,19,1824.0,0.06719416613881277,2,634.0,0.2569072671305365,13,398.0,0.41729323277255564,20,569.0,0.14343835030179736,2,42.0,0.39847984825519706,26,1714.0,0.08264443841508176,13,1457.0,0.2513838889360343,15,1429.0,0.2497964665171178,25,1798.0,0.1885554238078228,11,974.0,0.2297760431383443,33,1501.0,0.13710125166529885,247,16989.0
2000.0,250,3131.0,6.224652087475149,2.818040524312738,29,1001.0,0.10495356064304395,12,519.0,0.21324167467408958,0,2.0,0.7825075081663838,0,0.0,0.578372547943803,21,3123.0,0.03477574704644355,10,1890.0,0.1049941181522177,8,657.0,0.15417700213959687,17,471.0,0.2307673702193713,24,689.0,0.2504013656700819,1,16.0,0.622610841700457,30,1858.0,0.07967340762067433,19,1537.0,0.10532370389347369,21,1520.0,0.1314016461165271,18,1396.0,0.13387605305708417,9,1004.0,0.19948085309879265,31,1455.0,0.09144285229270135,250,17138.0
2005.0,250,3190.0,6.291913214990138,3.270461651806874,24,903.0,0.14656753741105072,2,492.0,0.3656414100509865,0,2.0,0.8414630277324683,0,3.0,0.40591385098280997,23,3227.0,0.13841032024789054,8,1909.0,0.12207399269593876,13,712.0,0.16055052092349584,20,570.0,0.037893122488956994,21,702.0,0.16118927722045207,1,14.0,0.5921299977713538,34,2019.0,0.05231071360033077,26,1661.0,0.031096047598263017,29,1650.0,0.05967301660570242,10,1229.0,0.167055053563343,13,1025.0,0.18208972058799144,26,1241.0,0.18553761291110246,250,17359.0
2010.0,246,3194.0,6.349900596421471,3.554304312069543,18,779.0,0.22327557792156005,9,513.0,0.25868299398056455,0,2.0,0.8564255659097008,0,3.0,0.8792772012471847,24,2987.0,0.24045602878527583,14,1964.0,0.08035427787014497,12,596.0,0.1979417480415925,14,548.0,0.05273711981376565,18,623.0,0.1656308126832775,1,9.0,0.8284471068022018,37,2196.0,0.00020626606666092424,28,1800.0,0.15219123675803045,30,1800.0,0.03124435311650483,7,1251.0,0.28836508172100855,20,1113.0,0.15582505088637708,14,1245.0,0.1957369081720524,246,17429.0
2015.0,229,2896.0,5.910204081632653,3.276230373883027,6,775.0,0.24325146791581548,15,574.0,0.1848443799937826,1,4.0,0.5272313904670518,0,3.0,0.9403222981787328,24,2506.0,0.18595883868767082,21,2057.0,0.2527808120036507,9,379.0,0.2952631702237047,5,385.0,0.32898907153221146,10,677.0,0.19035885827165794,1,5.0,0.8657539228098066,31,2132.0,0.023505320028464272,22,1682.0,0.2602386491675589,30,1958.0,0.056042620104531864,13,1303.0,0.23722861441007417,29,1238.0,0.06029427507488847,12,1283.0,0.14997303767020678,229,16961.0
2020.0,206,2348.0,4.782077393075356,3.0745818245398415,8,792.0,0.3070162035676386,16,541.0,0.1500489513715253,6,31.0,0.24795666362454982,0,0.0,0.5990927947094526,16,2458.0,0.10086353602655194,21,1874.0,0.20043935218800782,4,404.0,0.31971661721397326,2,348.0,0.259456707348405,10,716.0,0.2572816900133789,1,6.0,0.6583962302097306,22,1810.0,0.18929745959372166,14,1292.0,0.21066614437388845,24,1853.0,0.18890827721033712,20,1391.0,0.10559898729852644,31,1191.0,0.05173030500059631,11,1167.0,0.11835228596806298,206,15874.0
2025.0,199,1832.0,3.693548387096774,3.277066369153647,8,740.0,0.24529914755060075,13,360.0,0.17533473594874804,7,66.0,0.4369718027406107,4,13.0,0.3428908427344211,14,2530.0,0.14327554818164207,19,1433.0,0.13047040410776864,9,439.0,0.39931825900432744,8,374.0,0.16041793636566917,16,784.0,0.20925378130774994,0,3.0,0.6419024777375839,15,1679.0,0.22861104666927867,13,1347.0,0.09536967868786594,20,1501.0,0.25385839813469513,19,1238.0,0.19154818989745412,25,1312.0,0.03497794652969544,9,812.0,0.11875001777156717,199,14631.0
2030.0,177,1410.0,2.81437125748503,3.332180767774437,7,595.0,0.2028533806023366,8,400.0,0.23237859213060796,1,63.0,0.5191790999528961,1,21.0,0.22113238275650204,13,2589.0,0.21109953994225433,11,1500.0,0.12637633374166576,17,511.0,0.13630800170320675,15,438.0,0.048496568132089565,22,882.0,0.1266692650721419,0,0.0,0.8868333577579727,14,1747.0,0.12951429611013024,12,1405.0,0.14488104190327739,15,1471.0,0.20640777486756523,13,808.0,0.25570790652362374,24,1424.0,0.024300270519571197,4,764.0,0.2880185131678463,177,14618.0
2035.0,175,1316.0,2.642570281124498,3.598934775747845,5,609.0,0.1868709257955429,9,437.0,0.21994146356539604,1,9.0,0.5716067337101743,0,8.0,0.7596925952326308,20,2675.0,0.14850215143119774,9,1540.0,0.2435143432450491,23,612.0,0.0008364192188938738,13,411.0,0.2611313132353644,27,1009.0,0.10996742819753501,0,0.0,0.8404823166332015,11,1804.0,0.13681352702418878,15,1467.0,0.20494209754314519,12,1536.0,0.20966987648292063,7,835.0,0.29486333151968697,16,1329.0,0.04878177713304342,7,767.0,0.352922163690316,175,15048.0
2040.0,200,1812.0,3.6167664670658684,3.75092001225541,9,637.0,0.1878067176138948,14,497.0,0.17499687854855975,2,5.0,0.4929651552307671,0,8.0,0.9069601584174413,27,2795.0,0.03781691844100663,10,1344.0,0.30354682608961175,24,738.0,0.09087068817570686,3,270.0,0.49447611825954413,32,1163.0,0.10556504338005943,2,4.0,0.5062167511213977,18,1874.0,0.19534936742115402,21,1557.0,0.21034149497768082,9,1378.0,0.19839476191616176,10,870.0,0.22321285835591378,7,1065.0,0.22805351017409142,12,811.0,0.2584291884246087,200,15016.0
2045.0,219,2132.0,4.298387096774194,3.314144690679285,16,703.0,0.14778154421866244,14,452.0,0.14929472699647875,7,32.0,0.26929542379255766,0,2.0,0.8386513573343812,36,2956.0,0.0006944686692285296,7,965.0,0.2534492349062707,18,673.0,0.25315503209782564,3,254.0,0.3612386730082945,27,1178.0,0.14372337599069382,0,5.0,0.5829514803149608,19,1733.0,0.20022627369803378,26,1679.0,0.1269781583775535,9,1076.0,0.1358947084835202,15,936.0,0.15373688738971678,8,1030.0,0.22570787191359784,14,735.0,0.16786721071309083,219,14409.0
2050.0,206,1920.0,3.817097415506958,3.355336427094696,22,801.0,0.1296607589360364,12,432.0,0.17915245974109165,7,69.0,0.41732498806700696,1,3.0,0.3799801435093593,31,2796.0,0.11568346181888675,3,799.0,0.2038549147293792,12,477.0,0.2966981052247088,9,287.0,0.3337220508150188,19,1028.0,0.16941841545424768,0,4.0,0.858098285950795,20,1402.0,0.19535807909009986,24,1588.0,0.09816186449540942,4,1017.0,0.1546878268373329,17,849.0,0.18374185404268326,11,1077.0,0.14238743880457305,14,514.0,0.23310729001756825,206,13143.0
2055.0,176,1448.0,2.913480885311871,3.7386990491623644,23,795.0,0.12261055338620919,10,491.0,0.1719691215903708,1,65.0,0.5729552711985333,1,12.0,0.2615143402923327,22,2315.0,0.19734383067755573,5,813.0,0.2982674726329951,8,486.0,0.28332572645670007,13,350.0,0.22008079660552066,17,747.0,0.22129945502715248,0,4.0,0.9326306909780168,16,1478.0,0.16379526836188177,23,1275.0,0.07650016077947175,7,1040.0,0.20443050343053518,14,649.0,0.2900677107233038,8,979.0,0.14236902659963796,8,488.0,0.20312536505066062,176,11987.0
2060.0,148,1106.0,2.1944444444444446,4.066805764094386,21,670.0,0.16477262334492923,13,541.0,0.2105588771286884,0,19.0,0.5229873256858888,0,5.0,0.7589329393620516,16,1582.0,0.1731756482747931,12,862.0,0.258350431489293,7,522.0,0.18711977975024544,17,427.0,0.20548754803669933,5,771.0,0.2540190624476053,1,2.0,0.7638289105616181,12,1543.0,0.12634233551091661,12,1344.0,0.21045172548004112,13,1098.0,0.10719211259687629,7,565.0,0.2120730637972277,5,729.0,0.27791297041769253,7,505.0,0.21766351532289696,148,11185.0
2065.0,171,1282.0,2.5691382765531063,3.826735100237386,15,646.0,0.2117768934573199,13,512.0,0.16176900007946582,2,7.0,0.2524095149280453,0,4.0,0.9013133583771158,6,1627.0,0.19090659187122386,18,943.0,0.24899747740612926,13,574.0,0.05490109528087126,20,522.0,0.28302153672100905,8,781.0,0.3147224803728546,3,13.0,0.5335504916436072,18,1618.0,0.08613944268494746,10,1396.0,0.21842957004373595,20,1182.0,0.17300084657169393,6,591.0,0.13989869108060754,6,703.0,0.25391359232914684,13,558.0,0.18888012848727606,171,11677.0
2070.0,205,1697.0,3.4491869918699187,3.4694522274525514,14,720.0,0.21202034508713852,10,397.0,0.16380985755363422,1,7.0,0.09897832597893204,0,0.0,0.7501999924786821,7,1648.0,0.30166774734194823,25,1049.0,0.14509125820683394,19,661.0,0.04022234765198999,20,619.0,0.1563708600654999,13,837.0,0.24666883806746936,0,10.0,0.4580025206695979,22,1503.0,0.14747486079062175,13,1457.0,0.14357495946029558,19,1084.0,0.26410619978844496,13,647.0,0.10308154198646323,9,745.0,0.1739645495003522,20,644.0,0.1849974857398769,205,12028.0
2075.0,226,1883.0,3.81947261663286,3.106514035976424,8,655.0,0.24049237423649406,11,441.0,0.19704447852222698,3,15.0,1.4633804634436276e-05,4,8.0,0.30582772204528674,15,1706.0,0.24065936206470268,27,958.0,0.10428464853589325,24,777.0,0.16813416610580487,15,577.0,0.07820783239054521,13,772.0,0.15933904243565775,1,7.0,0.6644295879440205,15,1578.0,0.13200962768417804,17,1336.0,0.049931778494619654,13,803.0,0.25961853365034315,19,731.0,0.2750692441368467,15,808.0,0.13766471899235513,26,758.0,0.14212484602756334,226,11930.0
2080.0,219,1933.0,3.8429423459244534,3.1808822218359207,8,592.0,0.19971505356794883,11,489.0,0.1990559096084124,3,32.0,0.08931648687045302,3,23.0,0.08378905640467822,21,1796.0,0.18285985409311495,20,653.0,0.18601387792565532,18,770.0,0.28084976294420505,8,428.0,0.1806283947506846,14,590.0,0.18711528220381016,1,7.0,0.7610835098165699,18,1637.0,0.08399406443457025,16,1063.0,0.2277225103873629,4,744.0,0.21138941240824993,24,841.0,0.19426606716806075,21,898.0,0.17668042289612698,29,900.0,0.08535733720365798,219,11463.0
2085.0,210,2020.0,4.056224899598393,3.029142804396115,9,628.0,0.15446823061942913,13,469.0,0.1778324298048794,0,16.0,0.8021519054449977,4,26.0,0.47611645474451997,26,1916.0,0.060809834614829736,8,702.0,0.2376877333314063,12,524.0,0.09639692865042895,2,393.0,0.47235040359167485,9,641.0,0.19468066170065754,3,15.0,0.6620709783502323,21,1739.0,0.03869607571768023,13,1116.0,0.2178569704937195,8,773.0,0.1849015016479991,29,972.0,0.08495569336084281,24,866.0,0.2475260158595378,29,1051.0,0.03780310387433532,210,11847.0
2090.0,208,2330.0,4.6138613861386135,3.2542090444676175,12,667.0,0.1583009078646697,10,356.0,0.19492569170200147,0,2.0,0.8489777838970488,0,20.0,0.8149727935250343,33,2068.0,0.02806432425381285,7,707.0,0.21644362281434745,8,569.0,0.15120927456371427,7,410.0,0.38339748423194525,11,681.0,0.23880341857470982,1,9.0,0.3748259683506078,18,1620.0,0.15694671303412347,9,1164.0,0.1626509255561654,14,828.0,0.22457555300223211,29,1119.0,0.01705111358061745,20,665.0,0.17159632493445523,29,1196.0,0.16837211923514322,208,12081.0
2095.0,240,2927.0,5.784584980237154,3.121169807718411,18,743.0,0.14171728404451064,8,380.0,0.21761372874334187,0,0.0,0.7913672381386458,1,6.0,0.5457981749766351,31,1963.0,0.04039317413993059,15,769.0,0.1105196475526544,7,599.0,0.1909849011633522,14,463.0,0.13860150247469413,16,748.0,0.1782378444397029,6,24.0,0.41189530437505995,15,1290.0,0.2631636302323224,10,1039.0,0.13001433174560337,20,918.0,0.23449799774919397,29,1266.0,0.14526715604970816,17,749.0,0.11131134439785131,33,1352.0,0.11570851819117843,240,12309.0
2100.0,240,3070.0,6.055226824457594,3.217871922269439,19,733.0,0.1289443907028498,7,411.0,0.2595549629282704,0,4.0,0.7031622192264494,2,8.0,0.11073286222788563,23,1446.0,0.2006425611424372,16,681.0,0.19331890835932994,14,659.0,0.26264885555462364,21,555.0,0.03463967523909617,23,853.0,0.11929069739267352,0,24.0,0.4876825539767309,14,1274.0,0.21681668941573587,6,658.0,0.2563536264714362,21,855.0,0.17445805212779114,29,1413.0,0.17843202219206505,14,817.0,0.16705173035415055,31,1352.0,0.07759946363972671,240,11743.0
2105.0,229,2931.0,5.885542168674699,3.228275861015585,19,618.0,0.1616507116682278,13,465.0,0.22438623732763244,1,6.0,0.5598253497447118,1,7.0,0.6676914667013101,16,1529.0,0.2834450829006133,11,517.0,0.1253809266642156,14,619.0,0.3184727737018234,15,529.0,0.23411738661496884,31,995.0,0.11038563040907137,2,6.0,0.4574370146037497,13,1346.0,0.14545623544169062,4,590.0,0.3253916913370013,19,674.0,0.14506281842102542,30,1557.0,0.1423963598799623,16,884.0,0.21350009875816603,24,1188.0,0.08603806215637172,229,11530.0
2110.0,202,2632.0,5.253493013972056,3.319818179049012,15,660.0,0.18087469683859317,21,554.0,0.14172506751891728,3,25.0,0.5962761017642455,1,4.0,0.7941390079260223,15,1597.0,0.24145267663963327,6,453.0,0.18330036127096785,13,478.0,0.19281214340495595,5,387.0,0.44686216242156945,25,988.0,0.13546176361761905,0,7.0,0.5892892416242534,8,1211.0,0.11014480451279741,8,624.0,0.32456348638620935,14,742.0,0.1406065499432502,34,1723.0,0.029073394473153026,21,978.0,0.1919897039818257,13,1118.0,0.2217926535034342,202,11549.0
2115.0,193,2602.0,5.132149901380671,3.4194339083112593,12,726.0,0.17802108237528427,27,674.0,0.09248377895806681,2,20.0,0.4940462607015078,3,11.0,0.48431946668220427,14,1659.0,0.17395576727658693,6,475.0,0.28044145178870566,9,431.0,0.15006467262604636,2,359.0,0.20804594011878494,16,819.0,0.21115302784368042,0,4.0,0.8962885915669598,4,928.0,0.244756586446825,14,680.0,0.23986736417625504,12,785.0,0.1358948963319088,35,1898.0,0.12611643740987002,27,1100.0,0.08990902533575143,10,1157.0,0.2700561372528549,193,11726.0
2120.0,207,2786.0,5.44140625,3.411107761151249,8,668.0,0.19417175713397145,31,829.0,0.12502554989989423,5,28.0,0.5414463618531268,0,5.0,0.12680509957145417,20,1747.0,0.07039343712802316,12,522.0,0.3061066074634427,7,456.0,0.28718587116725225,7,387.0,0.15933233166751953,8,744.0,0.2484603046823433,0,4.0,0.8642320530353581,4,849.0,0.26517849233868146,14,592.0,0.1552701339717789,15,848.0,0.11675142512131488,29,1831.0,0.16960361720294723,34,1260.0,0.027458636739691334,13,1209.0,0.20242126652572262,207,11979.0
2125.0,236,2973.0,5.784046692607004,3.2573382462017233,7,571.0,0.19385814529652412,32,985.0,0.1167787575302601,8,63.0,0.41661784811954533,0,0.0,0.4858846224994585,19,1603.0,0.14886036361495164,17,599.0,0.2070877901189238,13,507.0,0.2883278004921811,13,438.0,0.21139216903737523,6,772.0,0.26512101639915,2,6.0,0.6497175804000569,9,877.0,0.16168388887816865,12,456.0,0.1755862205089224,21,938.0,0.1822109087077676,21,1527.0,0.1024341206109239,36,1433.0,0.10025969621545909,20,1296.0,0.047125698531967165,236,12071.0
2130.0,268,3389.0,6.671259842519685,2.938888834200566,10,610.0,0.14160502485085236,30,1016.0,0.09463222022875231,8,103.0,0.18029179856573235,1,6.0,0.2907108692285311,17,1218.0,0.22586663865186773,22,704.0,0.2879434652950854,19,586.0,0.2444811864796291,19,524.0,0.23557984529204634,12,822.0,0.17550603269615564,1,5.0,0.4035905565012114,15,939.0,0.09062623105143439,9,499.0,0.1739213006477367,28,1060.0,0.1787040763643459,15,1612.0,0.10107722478466546,36,1613.0,0.1515709845640096,26,1413.0,0.021714645180879975,268,12730.0
2135.0,268,3407.0,6.693516699410609,3.063535735274339,13,646.0,0.14812769558886216,21,903.0,0.18383111209728092,3,94.0,0.3305941750273452,1,13.0,0.6769209567205497,14,801.0,0.2530943173983808,25,820.0,0.13275127642560205,23,697.0,0.21466544832006157,22,628.0,0.07956893544800293,21,909.0,0.2433613275905756,3,13.0,0.5340511097561524,15,850.0,0.082369649268193,8,527.0,0.19228989912738367,35,1217.0,0.09982351172999793,12,1666.0,0.23297709898318925,30,1596.0,0.10924200940088584,22,1358.0,0.16966330557544093,268,12738.0
2140.0,246,3302.0,6.538613861386138,3.177107221559863,17,690.0,0.17525251568756445,14,922.0,0.21225811433594383,1,39.0,0.7358031390443591,0,7.0,0.8809917920931247,6,841.0,0.2035762253097233,30,958.0,0.004288870221803044,23,812.0,0.07776683980097594,16,593.0,0.05312419633814784,25,1026.0,0.12550792267903513,3,28.0,0.5493852790040884,11,613.0,0.22368342408388933,16,592.0,0.11436484574463232,30,1191.0,0.1210346627400583,15,1735.0,0.27389577687363964,27,1426.0,0.06327177984854195,12,1107.0,0.34737684181568423,246,12580.0
2145.0,233,3022.0,5.984158415841584,3.237678175511787,26,798.0,0.10771326079948017,11,979.0,0.20267250134892012,2,16.0,0.6253928884136616,0,4.0,0.9149861382898731,7,870.0,0.24753288926208944,34,1123.0,0.05229599999514501,23,927.0,0.0,8,438.0,0.2789114512937089,24,1001.0,0.11835791372820682,0,14.0,0.5756511493561477,10,608.0,0.24517422538748873,19,629.0,0.158407441185851,22,1007.0,0.14320226636349204,21,1829.0,0.15077851025466138,16,1521.0,0.09068229338657388,10,1085.0,0.24397366300236095,233,12849.0
2150.0,220,2447.0,4.816929133858268,3.1139423273355704,27,773.0,0.09385246638894622,14,1039.0,0.2082976870102377,1,15.0,0.24459536859209147,3,9.0,0.583057558335864,10,776.0,0.29149607046218684,28,1127.0,0.17797369015094708,17,892.0,0.08405507276320101,4,445.0,0.39455425857944965,16,817.0,0.19412015379416722,2,11.0,0.676984721669964,15,675.0,0.16680255258304982,21,729.0,0.16691661389615556,13,1076.0,0.13583613476948708,24,1739.0,0.044427424894606174,15,1583.0,0.1715847202633307,10,1136.0,0.15714392894290244,220,12842.0
2155.0,205,1936.0,3.78125,3.4525110541708486,23,886.0,0.12411599372300487,20,1130.0,0.13988495875274992,6,31.0,0.4123113746982402,6,31.0,0.18476900020747727,9,818.0,0.20562117576943342,20,979.0,0.265313100885396,8,691.0,0.4124592774395815,9,477.0,0.40422462203484455,10,564.0,0.2887548849377848,0,7.0,0.7656457967173503,13,739.0,0.08985410567379075,26,852.0,0.16460660331337343,11,1132.0,0.08771016423064538,21,1479.0,0.09928373989125361,9,1478.0,0.2508458358630314,14,1202.0,0.10551813736928636,205,12496.0
2160.0,215,1944.0,3.7674418604651163,3.05995633280904,23,980.0,0.14811837456841165,27,1252.0,0.0864090638719598,7,64.0,0.433706930801841,8,71.0,7.014489635920879e-06,10,844.0,0.06686951839878365,14,1059.0,0.18945623095044428,6,721.0,0.2882016709364102,14,539.0,0.2685002950888639,2,566.0,0.32931804389242664,2,7.0,0.6123677387402474,20,828.0,0.14621174342041332,26,984.0,0.09551004792406319,15,1198.0,0.08935705308876893,12,1371.0,0.24542891232055358,7,1207.0,0.2019915665214752,22,1297.0,0.22067070768197689,215,12988.0
2165.0,240,2362.0,4.542307692307692,2.900488423864872,16,953.0,0.14063517315458507,31,1405.0,0.12329580677160824,7,97.0,0.20253234300047665,2,71.0,0.38540555610868615,16,916.0,0.0628482615712802,12,1117.0,0.16084912494464307,8,750.0,0.24305987272743004,21,633.0,0.11066825211036736,8,577.0,0.29321751196064927,8,37.0,0.27079408055057025,21,776.0,0.16580277725078957,28,1125.0,0.10915084382125505,19,1208.0,0.15976676308610474,8,1415.0,0.30479516728572825,7,1242.0,0.09530735320334234,28,1424.0,0.16601460406298846,240,13746.0
2170.0,269,2971.0,5.659047619047619,2.931616558996433,13,906.0,0.15834142861049944,27,1394.0,0.1283517965468039,7,132.0,0.0,0,24.0,0.8267079408039395,22,1016.0,0.1256344337869711,15,1183.0,0.15092561380463154,16,816.0,0.20842439873290328,22,742.0,0.043170773003889,13,632.0,0.22349264543957859,12,89.0,0.2361857940279104,22,760.0,0.07502091521370391,32,1278.0,0.09465146557524744,17,1072.0,0.2822462544449235,6,1275.0,0.2937046676073167,12,1288.0,0.09222355849447589,33,1584.0,0.14015188611027188,269,14191.0
2175.0,261,3208.0,6.2412451361867705,2.7777437259447324,11,955.0,0.12956057053865974,23,1235.0,0.14766428288692424,1,106.0,0.23378487182047594,1,17.0,0.4462113460395891,22,965.0,0.1855026158227737,22,1284.0,0.15022568841635767,16,748.0,0.1777361501851809,17,702.0,0.11622128714896618,12,592.0,0.3281380474485107,12,153.0,0.2129903209878146,19,863.0,0.08179602936042418,35,1450.0,0.00038706041862753975,12,1140.0,0.21675363399676043,8,893.0,0.24001398649846256,17,1363.0,0.09469781588104227,33,1749.0,0.11714712828336378,261,14215.0
2180.0,218,2797.0,5.420542635658915,3.294927209491325,13,986.0,0.16684415262387745,17,959.0,0.21225213814064928,0,22.0,0.7726739383500623,1,24.0,0.6657874658312888,20,784.0,0.12148574176828691,22,1244.0,0.20770410907564488,11,524.0,0.13644149482603082,8,534.0,0.40653382064540866,7,421.0,0.323621432822983,12,213.0,0.3872186284401927,18,949.0,0.16521595578521872,30,1439.0,0.020507364432450246,12,1204.0,0.1544767925617613,5,920.0,0.19067395232620132,15,1269.0,0.17548644167902355,27,1704.0,0.10936935403524883,218,13196.0
2185.0,183,2156.0,4.219178082191781,3.4637475853667214,18,1063.0,0.16648942458692287,10,793.0,0.3211847167572018,1,8.0,0.8402105603365417,0,8.0,0.8452108298303767,17,815.0,0.09690421809999993,20,1050.0,0.1533549736197488,3,548.0,0.2983155980095317,2,444.0,0.28120142857180974,4,431.0,0.2604087743723935,12,273.0,0.2939093193565776,18,1033.0,0.22799635936817336,20,1166.0,0.06158048043303987,15,1278.0,0.12712739245062196,9,937.0,0.264879138311883,14,1254.0,0.18545999238001187,20,1436.0,0.0895998485382595,183,12537.0
2190.0,201,1852.0,3.6171875,3.31533767857072,20,1016.0,0.1075333275565952,4,690.0,0.399145185233574,1,13.0,0.8379219329436052,0,4.0,0.8498685833754128,14,887.0,0.14353336563971858,15,1060.0,0.11873683893072227,8,564.0,0.24848660055886523,7,469.0,0.14887386912768186,9,461.0,0.19514716256748427,12,275.0,0.17096805523863257,25,1141.0,0.16456812214022976,14,1248.0,0.1286669875589067,23,1379.0,0.16029472845087456,16,995.0,0.15545977418583767,20,1341.0,0.13145470994698305,13,1421.0,0.10513250230821278,201,12964.0
2195.0,216,1726.0,3.332046332046332,3.4170191357499156,18,851.0,0.1468973500004429,5,672.0,0.3722521308339884,2,20.0,0.2938927205196861,1,1.0,0.6721664000754207,14,953.0,0.22724920848006575,14,1126.0,0.1797826846985345,15,628.0,0.2905611606540837,6,397.0,0.1522634023618253,16,527.0,0.17889169723329373,5,203.0,0.3086031440648983,32,1288.0,0.028942634093465324,12,1309.0,0.2289222889160117,30,1511.0,0.18731635345432207,17,901.0,0.02772664763191608,20,1443.0,0.17858474410368944,9,1476.0,0.09377799611386115,216,13306.0
2200.0,217,1920.0,3.699421965317919,3.489121405850987,15,923.0,0.16874513228278806,12,708.0,0.21553448879558715,1,11.0,0.449283965361745,1,9.0,0.5332772385018234,15,894.0,0.1741357337745277,15,1194.0,0.17774708440937226,21,723.0,0.2331411388331172,3,241.0,0.36451728156069796,16,490.0,0.14359967458164766,1,152.0,0.40461533087414603,30,1287.0,0.04222673305973777,14,1372.0,0.31950147656150263,33,1669.0,0.1032362614079599,11,654.0,0.13141251790487762,16,1362.0,0.2000978398827199,13,1532.0,0.10341739523030972,217,13221.0
2205.0,220,2122.0,4.168958742632613,3.3650888507862127,12,983.0,0.17130551936210886,13,647.0,0.13971806670953765,0,5.0,0.7727007988234823,1,18.0,0.6588404261503253,14,773.0,0.07544258229775301,21,1286.0,0.06532387681095399,23,836.0,0.07753566163869247,2,211.0,0.4719390365833101,15,353.0,0.1894159802264883,8,171.0,0.4555607102461014,23,1120.0,0.18873876330109324,20,1462.0,0.2160218759641141,33,1834.0,0.05356411682960463,2,668.0,0.32458324776195835,19,1127.0,0.10881417911072822,14,1399.0,0.1584754111749402,220,12893.0
2210.0,226,2555.0,5.0594059405940595,3.388004389235779,10,908.0,0.19951617127865323,10,470.0,0.25606797921654123,1,8.0,0.8123223141952672,0,8.0,0.901047443909094,15,847.0,0.0936592482013306,28,1411.0,0.011342017645459126,23,951.0,0.07782296975852986,10,244.0,0.2939602576466691,9,201.0,0.26313202458125123,10,218.0,0.45670418060241397,18,1210.0,0.23187268250613075,28,1588.0,0.07860131376764207,33,1999.0,3.3508456493255267e-07,8,695.0,0.3398568325144437,13,1203.0,0.09319251778988152,10,1070.0,0.2669722530872888,226,13031.0
2215.0,239,2936.0,5.836978131212724,3.4749118510633097,8,683.0,0.23881076948744573,4,484.0,0.34908858597942494,1,9.0,0.8251459547260029,0,4.0,0.9079160205800179,17,920.0,0.19762878637648226,35,1570.0,0.0005021621592731537,23,1066.0,0.19580902557463353,14,304.0,0.13511322887466778,6,218.0,0.3136236418816908,14,277.0,0.23433493649650308,14,1286.0,0.15504851082122295,33,1746.0,0.015300647341135667,27,1949.0,0.039078553235710266,16,754.0,0.21060330437925132,13,1259.0,0.1684696538768342,14,1126.0,0.30514121441924347,239,13655.0
2220.0,229,3068.0,6.099403578528827,3.4810512646198104,8,491.0,0.2636882313651785,10,515.0,0.23539808543761093,0,2.0,0.31446318271715057,0,0.0,0.7375320247951817,14,927.0,0.2549866576297291,29,1536.0,0.16179755109574784,23,1185.0,0.16383562173033298,14,374.0,0.10946942547857393,7,231.0,0.29156948360376156,20,367.0,0.11524389882065193,15,1284.0,0.08357870115896716,29,1724.0,0.147950793488635,17,1677.0,0.23356855570490645,18,842.0,0.319685829411486,15,1325.0,0.18192698118754907,10,1184.0,0.21744034981681404,229,13664.0
2225.0,225,2798.0,5.49705304518664,3.095456643297791,6,376.0,0.32854198219508707,10,440.0,0.20253779695919483,3,12.0,0.0003019805588889174,2,12.0,0.7362513989040329,20,1014.0,0.15149602115217933,20,1251.0,0.2837074616714196,18,1107.0,0.1678220549637947,8,331.0,0.3522385800156186,8,230.0,0.22937153667265678,22,481.0,0.16875765635140308,20,1375.0,0.04865371211812325,22,1771.0,0.18905015147216306,14,1752.0,0.2512724022792132,14,751.0,0.16507596814066017,22,1422.0,0.10174974400929544,16,1249.0,0.06725598334506643,225,13574.0
2230.0,212,2349.0,4.605882352941176,3.1985575629323506,2,366.0,0.3171928712102262,9,240.0,0.21993680794144166,0,5.0,0.8285602918250837,2,22.0,0.6243565913199431,26,1113.0,0.11889896739226558,13,1329.0,0.2625243633224876,14,852.0,0.12206000407519466,0,181.0,0.6390751045038149,6,194.0,0.3153455560875441,22,591.0,0.28182424839837494,23,1472.0,0.0407494138126809,20,1865.0,0.10652974376126269,15,1819.0,0.136192100941522,11,506.0,0.2054025289326212,28,1554.0,0.031088214761711787,21,1347.0,0.04682901429910581,212,13456.0
2235.0,212,2350.0,4.527938342967245,3.2874021084948226,8,366.0,0.2763968029617039,4,220.0,0.2258996681740819,0,0.0,0.9280057261420849,0,3.0,0.2036224187338528,27,1242.0,0.11397846911526983,11,1386.0,0.19203068595130338,9,814.0,0.23160026872506984,2,165.0,0.4283352907698086,4,189.0,0.2399638378505449,24,706.0,0.12790679696029547,26,1580.0,0.10749802619340593,17,1957.0,0.05835803994578099,16,1893.0,0.09226920594104497,5,243.0,0.3382696268557801,30,1508.0,0.10764719322626563,29,1480.0,0.19749851361441711,212,13752.0
2240.0,236,2906.0,5.55640535372849,3.55790712229417,15,421.0,0.23064172926962576,9,258.0,0.23460974333423978,1,1.0,0.5125825266926487,0,4.0,0.45826674927001676,30,1383.0,0.07075632018364421,8,1264.0,0.14781333032262342,9,846.0,0.24964580596646416,8,195.0,0.1866844711833596,8,214.0,0.2410434915559726,29,843.0,0.11316158214969547,29,1718.0,0.18022352733444527,20,2048.0,0.16000926172003688,18,1770.0,0.17888147120676734,1,238.0,0.3858076653665932,22,1263.0,0.15605314395549602,29,1625.0,0.19383562829040896,236,14091.0
2245.0,256,3351.0,6.456647398843931,3.3927040848146603,16,412.0,0.2075562198134401,6,223.0,0.255726232073014,4,15.0,0.18201096729859703,2,8.0,0.638852258861306,29,1365.0,0.051236342728881286,8,1019.0,0.2749646912122751,15,909.0,0.21392337182618099,14,253.0,0.00041092504411779056,9,215.0,0.20412056061638556,29,992.0,0.13311485971960965,28,1672.0,0.18277114600766492,25,2170.0,0.1729767517013668,13,1453.0,0.2934896606618877,7,240.0,0.43282284898055806,17,1349.0,0.12262162962514221,34,1785.0,0.028172774650255188,256,14080.0
2250.0,232,3262.0,6.510978043912176,2.945286168728714,14,318.0,0.17210302404870512,7,148.0,0.3010854642469854,0,19.0,0.3926170013770141,2,16.0,0.7545283525815524,23,1085.0,0.1609841713829689,4,962.0,0.3003717779324472,16,805.0,0.06873448707762396,8,224.0,0.06299517217414285,8,175.0,0.2836390309859675,30,1138.0,0.13031837939557323,26,1724.0,0.08146287380589112,33,2318.0,0.07020000286076643,7,1407.0,0.18544925760189732,12,295.0,0.31271694539020023,13,1419.0,0.10067242749649868,29,1705.0,0.09020357250264255,232,13758.0
2255.0,209,3055.0,6.122244488977956,3.1560045540124984,12,335.0,0.18333846409201005,7,173.0,0.2121424785045139,0,4.0,0.866208223647427,2,24.0,0.7013096317085499,15,1161.0,0.17709026606888376,10,999.0,0.15794646767706877,12,604.0,0.26394059249076757,0,97.0,0.6512922562166845,4,175.0,0.2301147048508344,34,1298.0,0.09692519943823594,24,1841.0,0.06475138765279256,36,2496.0,0.022746943801627766,6,1441.0,0.14686804732037728,18,374.0,0.09109144263153061,9,1277.0,0.11398696307814943,20,1394.0,0.23270113932407277,209,13693.0
2260.0,205,3033.0,5.9940711462450595,3.6107972363021883,14,403.0,0.20956534373785873,9,215.0,0.21076442063140446,0,4.0,0.8389374905206741,1,1.0,0.4370210855097474,11,1227.0,0.12249757564089665,15,1060.0,0.12592855655442342,10,657.0,0.2782741430232965,0,22.0,0.8342978982891496,7,203.0,0.25241405142113876,36,1476.0,0.09923259696925157,19,1934.0,0.18583777268451918,30,2421.0,0.1514928341958715,7,1282.0,0.26591192670425906,19,472.0,0.18680146107135134,11,1324.0,0.1926458152938455,16,1470.0,0.17880633528016537,205,14171.0
2265.0,206,2722.0,5.422310756972111,3.3236194758172823,8,373.0,0.2165956022478225,16,283.0,0.1653108404891845,3,6.0,0.3102575345072481,5,18.0,0.4297063160056049,9,1133.0,0.10668306167026217,21,1154.0,0.18454186829741273,7,690.0,0.1703569570845865,0,13.0,0.28798966445513846,15,260.0,0.14302993880218312,31,1470.0,0.09959374612561911,20,2018.0,0.16899772084203077,20,2099.0,0.24592525198791573,4,943.0,0.43160219592835525,19,567.0,0.2750778101129871,15,1390.0,0.21566840432099602,13,1543.0,0.1080304764629499,206,13960.0
2270.0,212,2595.0,5.088235294117647,3.024243848816259,5,274.0,0.23782589465648662,22,380.0,0.15829075843708137,2,21.0,0.2817890086219268,1,25.0,0.5060025445194719,5,915.0,0.20966793421043453,27,1275.0,0.18632846307961298,9,604.0,0.06859310084331936,5,37.0,0.16806241700563126,23,354.0,0.13300126785565963,22,1285.0,0.16719484101566967,27,2138.0,0.11322407363911838,12,1582.0,0.22986940827739658,3,865.0,0.2672473721108735,22,666.0,0.06843105954177099,19,1473.0,0.18367199327897016,8,1366.0,0.10479640226570079,212,13260.0
2275.0,223,2763.0,5.438976377952756,3.1446572559576285,5,260.0,0.21526486557479385,29,511.0,0.12645280312439497,2,18.0,0.74852778919899,1,5.0,0.594064230509295,4,878.0,0.2611581367320658,34,1429.0,0.09285479572358266,7,413.0,0.30014371124260947,1,35.0,0.6175676641555732,24,458.0,0.14434033254853681,14,1288.0,0.1947761614185609,35,2303.0,0.02602368798436448,5,1613.0,0.24372589487384327,7,892.0,0.12619751460091064,26,792.0,0.03250810612249955,23,1577.0,0.13604551687506172,6,1004.0,0.1422246200379871,223,13476.0
2280.0,231,2913.0,5.745562130177515,3.510823838287569,9,302.0,0.19148617919834476,28,578.0,0.10994241517549172,1,9.0,0.7759542222441564,3,14.0,0.3538385722305729,9,908.0,0.2785270987773487,36,1606.0,7.418544964405744e-05,4,421.0,0.34033266008463386,0,8.0,0.8867398714831309,24,578.0,0.14726449201166958,10,1344.0,0.19879304991204413,34,2176.0,0.13683365883853205,6,1635.0,0.26100844561951675,15,949.0,0.24296746412591594,20,762.0,0.19512100754387932,28,1708.0,0.07425480987483946,4,948.0,0.29517036503124977,231,13946.0
2285.0,236,2792.0,5.474509803921569,3.5663483370191726,8,276.0,0.20986852401468753,21,557.0,0.18023378293528852,4,16.0,0.34330995592331837,4,36.0,0.5421971632095104,15,967.0,0.2365183225889538,30,1572.0,0.020508964676739717,10,454.0,0.1625987225737982,0,4.0,0.5333806361579765,18,593.0,0.2522708110860165,14,1401.0,0.19781686710105015,23,2296.0,0.16683986194377398,15,1694.0,0.15323024072741134,21,1036.0,0.1799556523792941,10,589.0,0.3509627730470736,36,1880.0,0.023681865836586345,7,973.0,0.3532133504527982,236,14344.0
2290.0,246,2832.0,5.467181467181467,3.2816900647380223,10,320.0,0.15576319798907837,15,603.0,0.19293918365054816,3,20.0,0.3808336388788722,0,21.0,0.7377516785603553,21,1058.0,0.18047422085138468,21,1211.0,0.1714580384885379,15,523.0,0.20244019916183886,6,26.0,0.37065714856513055,13,498.0,0.1993189460120579,21,1492.0,0.15888044128034293,21,2399.0,0.09287326481769098,20,1784.0,0.028582180356625388,27,1157.0,0.0927613559441514,4,572.0,0.31215730412210413,36,2060.0,0.10984659697478612,13,1027.0,0.23716769676445787,246,14771.0
2295.0,254,2935.0,5.743639921722114,3.0159598867203314,11,364.0,0.12380169200260517,12,658.0,0.21690723737945414,2,18.0,0.6474124312448531,0,0.0,0.7342718312471098,30,1188.0,0.06471733680625484,12,1288.0,0.28960202567955573,20,614.0,0.21830438472908606,0,26.0,0.19747836964367074,11,550.0,0.20756485580389863,28,1616.0,0.10615358534835664,16,2271.0,0.07524786730397091,27,1909.0,0.16491781482963955,28,1299.0,0.013085631577872488,8,601.0,0.24600102661162726,30,1967.0,0.15895021238928117,19,1115.0,0.07055840657891674,254,15484.0
2300.0,265,3242.0,6.4453280318091455,3.067852231476112,17,427.0,0.13946956242754727,9,634.0,0.22075791160456656,2,22.0,0.618850000754909,2,6.0,0.5260406484439899,35,1348.0,0.015804738350972285,11,1344.0,0.27477830342168413,25,729.0,0.2536314537901657,2,6.0,0.32188204600527076,9,596.0,0.234878295747056,35,1776.0,0.0757347886187723,8,1908.0,0.2354911936774867,27,2044.0,0.20364332161368748,22,1202.0,0.18700670693224175,15,668.0,0.1901868689241189,23,1656.0,0.11903740442916341,23,1225.0,0.16352553557353186,265,15591.0
2305.0,274,3880.0,7.683168316831683,3.097796955666441,24,531.0,0.11492962541153615,8,534.0,0.22081400235463378,0,0.0,0.30162832581312216,5,33.0,0.44944825409246864,36,1523.0,0.0382445751992692,15,1403.0,0.17016918982925536,25,850.0,0.23107004111872562,0,0.0,0.9191612767864088,16,665.0,0.21285378829480597,35,1951.0,0.09684122965153172,8,1818.0,0.27944096736318985,31,2186.0,0.02371087133768307,12,827.0,0.3274577717170884,19,758.0,0.2998704144946381,15,1651.0,0.11984052146434936,25,1345.0,0.12229324223759036,274,16075.0
2310.0,266,4008.0,7.98406374501992,2.8247435708594986,24,567.0,0.10105647992678221,4,485.0,0.24125148581170175,2,7.0,0.3145556198173474,5,58.0,0.5255194674897873,36,1701.0,0.12720126613418892,22,1495.0,0.04628823274384974,19,804.0,0.09634275013697881,0,4.0,0.796093557891739,18,703.0,0.11698655821888733,29,1913.0,0.11555440014055142,10,1864.0,0.2287128513631697,29,2089.0,0.032787812257690674,6,867.0,0.25842599969844204,21,857.0,0.1277310536777627,12,1715.0,0.22581872971173134,29,1485.0,0.1336399270645163,266,16614.0
2315.0,254,3669.0,7.294234592445328,3.0657154282693178,22,535.0,0.15567916776035298,7,501.0,0.30675504053427466,3,22.0,0.6393577581652209,5,83.0,0.32339298679977446,31,1687.0,0.16206488697730043,21,1406.0,0.09929947671060975,14,633.0,0.11629462725818758,1,5.0,0.6206374170735744,25,816.0,0.11074933004672755,21,1669.0,0.18824975054081683,8,1704.0,0.1473606263553824,19,1720.0,0.20831016773968067,9,901.0,0.23615832652618238,26,975.0,0.0674169711376977,12,1772.0,0.24606483646600227,30,1634.0,0.05768503894151402,254,16063.0
2320.0,227,3044.0,6.015810276679842,2.750242041860043,16,624.0,0.16941280052404348,13,551.0,0.2402292708341523,3,39.0,0.4903572566192947,7,113.0,0.3455736127399274,25,1474.0,0.12583369516158774,14,1160.0,0.24365304567738733,5,614.0,0.25691053927210483,6,22.0,0.5070754144150744,25,938.0,0.12241797794920284,14,1663.0,0.20097319078149087,11,1750.0,0.09992472563489835,12,1659.0,0.28624677520128106,15,967.0,0.1019187115144817,20,950.0,0.05894493958741504,16,1645.0,0.1334590064540146,25,1557.0,0.05570826762583949,227,15726.0
2325.0,205,2228.0,4.403162055335969,2.8190215794690197,14,697.0,0.16565660455399028,14,535.0,0.13518344007588612,2,26.0,0.43100507592932635,7,148.0,0.2177715905719201,18,1480.0,0.09651131360315231,14,1222.0,0.13117806525421516,7,619.0,0.16642524000341655,2,31.0,0.3807801810342826,24,1059.0,0.12513388955737115,12,1726.0,0.20390076727408937,15,1806.0,0.15898316563739343,10,1709.0,0.2143012015819122,21,1059.0,0.15687430025375967,10,753.0,0.2714284944591853,18,1379.0,0.09508054087902335,17,1236.0,0.2208147772257895,205,15485.0
2330.0,192,1703.0,3.3067961165048545,3.295136783557795,9,667.0,0.1917732696276025,12,516.0,0.21602263148262948,0,8.0,0.6881090523829368,2,106.0,0.11719842294013638,13,1546.0,0.11457391638579197,13,1289.0,0.09958144264339516,13,669.0,0.20070166664620998,5,27.0,0.3620852316612626,28,1188.0,0.11253848461126977,14,1786.0,0.1971457079368602,18,1874.0,0.15896707507170735,7,1517.0,0.12454278573213381,27,1182.0,0.2164129412266223,2,720.0,0.36032122867709293,14,1445.0,0.1645547103608715,15,1299.0,0.22810952415907076,192,15839.0
2335.0,210,2003.0,3.8667953667953667,3.5538973310993445,7,558.0,0.21680960508934738,7,559.0,0.2501702854912981,4,14.0,0.507684727527217,1,8.0,0.770001771063456,8,1420.0,0.2602757774203161,9,1167.0,0.2072075446599875,21,759.0,0.1998518186838581,6,45.0,0.2234657973514607,32,1341.0,0.10155639018146942,22,1877.0,0.15734371107519224,23,1975.0,0.09820311614901633,7,1093.0,0.1340160883117091,28,1320.0,0.18550463031228764,7,740.0,0.24906599607448165,14,1492.0,0.2391144029121834,14,1370.0,0.16436382032264465,210,15738.0
2340.0,225,2661.0,5.258893280632411,3.169549149177351,7,438.0,0.21604798331211444,11,601.0,0.17330602094293723,5,38.0,0.4810214252680218,0,0.0,0.90897444624598,5,1129.0,0.3566065065710289,5,880.0,0.3007297610696983,17,738.0,0.18348015238499382,2,47.0,0.1589256866279826,36,1511.0,0.0929410835430853,28,2004.0,0.08879690966142408,28,2102.0,0.008736242325206506,5,1025.0,0.28239297389483353,32,1472.0,0.07821434252936901,13,794.0,0.1689556822571108,15,1551.0,0.23064486600034612,16,1438.0,0.07216053536330937,225,15768.0
2345.0,254,3364.0,6.648221343873518,2.8756141416481307,3,448.0,0.2418578236501746,17,674.0,0.14059001547967226,0,28.0,0.4766570271917882,0,0.0,0.7941155261429985,6,1147.0,0.2826731595092718,6,830.0,0.20693037868339145,17,592.0,0.10419643670371503,2,20.0,0.705298095943399,31,1524.0,0.11612584731296152,29,2152.0,0.13397276901731847,36,2267.0,0.012882615027842135,8,1050.0,0.31246477787808924,35,1645.0,0.05265928279973733,19,880.0,0.16599231406763285,23,1651.0,0.14226997879646466,22,1541.0,0.1203306933650808,254,16449.0
2350.0,265,3577.0,6.932170542635659,2.9215342715783876,9,466.0,0.29470355885002253,25,786.0,0.10045627761788917,0,0.0,0.44099657529400593,1,1.0,0.41263005596801927,10,1185.0,0.22428356653933348,8,868.0,0.13499504377226815,10,645.0,0.2426482441966678,0,6.0,0.9299322338191036,22,1356.0,0.15594212231894428,25,2060.0,0.16877630532325497,31,2176.0,0.11346681095963478,15,1113.0,0.15001771221176904,31,1561.0,0.019168365678371508,19,979.0,0.1545284331611929,30,1785.0,0.04428155680841513,29,1675.0,0.1786083137763848,265,16662.0
2355.0,271,3465.0,6.663461538461538,3.2541725554976515,16,530.0,0.1952044109207511,31,920.0,0.09872601904281611,0,0.0,0.6072447829983394,5,18.0,0.23089382425741473,16,1251.0,0.1845212958814893,13,922.0,0.1770663162968084,8,663.0,0.35086986612088084,1,6.0,0.38411905632871784,17,1313.0,0.17622732359192914,21,1731.0,0.1507202050885206,23,1828.0,0.2578337039876629,22,1212.0,0.1826153721435556,22,1288.0,0.07801982232782831,15,901.0,0.22830118439351502,31,1731.0,0.017404973074909406,30,1824.0,0.2006478177580561,271,16138.0
2360.0,250,3216.0,6.137404580152672,3.20917639076249,22,623.0,0.12603512550148296,34,1086.0,0.10029335312106546,1,5.0,0.20110949646023454,0,21.0,0.38754572029571976,18,1170.0,0.1388807408626318,20,1011.0,0.20576318478963068,15,722.0,0.2350068146699541,6,34.0,0.11697808355577487,10,1360.0,0.19512370292478864,14,1592.0,0.1981386831661326,14,1680.0,0.281793507996096,25,1327.0,0.17271965849846768,11,1275.0,0.1324452776631572,7,651.0,0.16085031259649107,23,1466.0,0.12070279504780286,30,1974.0,0.1317764671304505,250,15997.0
2365.0,248,3018.0,5.871595330739299,3.2377974897096413,28,749.0,0.11162807072205165,28,1103.0,0.14674840465360328,2,15.0,0.4799139131301512,0,2.0,0.46967636994907946,15,926.0,0.07601240526681077,21,958.0,0.2021364654231226,24,826.0,0.14596800628125464,0,32.0,0.575763980735468,11,1391.0,0.25152854016874626,10,1643.0,0.23421707270026615,12,1745.0,0.23544712493205772,27,1321.0,0.18683602984147152,11,1333.0,0.25448138337350995,4,669.0,0.29148637905349406,19,1564.0,0.2005553907992008,36,2141.0,0.02644629175760188,248,16418.0
2370.0,226,2613.0,5.194831013916501,3.0097198962627645,28,788.0,0.09434740959941122,19,966.0,0.17550258702586397,2,29.0,0.40402806620626075,1,5.0,0.6360137766829862,14,992.0,0.12565532730921583,20,780.0,0.16270555072261944,25,950.0,0.1250047380945167,0,4.0,0.8817487537323585,21,1476.0,0.1428612525638524,7,1479.0,0.23526751379193542,8,1565.0,0.19667187589309432,20,1017.0,0.10187584869017093,8,1195.0,0.3399941242054128,9,705.0,0.3189762225873047,14,1628.0,0.207787663045537,30,2060.0,0.014175666477730558,226,15639.0
2375.0,211,2258.0,4.453648915187377,2.928837108714282,29,927.0,0.10979042850894512,16,1050.0,0.16659108454999938,0,8.0,0.6843904889293038,1,9.0,0.8041838149202024,14,1057.0,0.17711491565720025,16,859.0,0.1102816699599638,28,1085.0,0.03150127218672048,0,0.0,0.6791071177824008,24,1589.0,0.1152671429233074,7,1121.0,0.21688528327485604,7,1175.0,0.1495633512348687,11,1083.0,0.1379120764973303,7,941.0,0.2801500763846439,16,766.0,0.2742647206966526,15,1693.0,0.16714580654505168,20,1728.0,0.09183272148086555,211,15091.0
2380.0,203,2171.0,4.240234375,2.9368224950232333,25,1047.0,0.11791496374903769,13,1115.0,0.19041386685863645,0,6.0,0.8837407368653957,0,2.0,0.8360111113845856,12,1031.0,0.18568525669629551,11,912.0,0.13274688244460803,31,1237.0,0.10536369088811487,0,2.0,0.6275857779791068,33,1735.0,0.10199610921056362,5,1133.0,0.22524030636852768,3,1189.0,0.13123834935851417,13,1137.0,0.1857287996770421,3,828.0,0.20818308836285304,16,694.0,0.10207829577096411,24,1793.0,0.05611272554546204,14,1699.0,0.2264098179084843,203,15560.0
2385.0,216,2244.0,4.3828125,3.124933861567543,21,1157.0,0.11662055075374962,10,1032.0,0.17772113960402264,2,10.0,0.5797867969164178,0,0.0,0.9503137279161104,14,875.0,0.10886164713254914,17,979.0,0.08988959223558354,31,1392.0,0.10319607589454116,0,2.0,0.8999928328329344,29,1708.0,0.14405369659916487,9,1167.0,0.24107542713258323,10,1204.0,0.19154713220722228,14,1204.0,0.19833150755539455,6,847.0,0.21841540245351163,13,489.0,0.24272973803894596,31,1935.0,0.11922282911367932,9,1755.0,0.25700883325327717,216,15756.0
2390.0,228,2203.0,4.336614173228346,2.8617845673521454,19,1121.0,0.12301447740244804,14,1092.0,0.1492469503160796,6,28.0,0.5664105871336129,1,3.0,0.1593560165846296,12,935.0,0.0879615888898932,16,910.0,0.1258273740791816,26,1359.0,0.04268324253372075,0,4.0,0.7703713619893389,23,1372.0,0.15917839526466737,16,1232.0,0.24606213704984795,10,1049.0,0.2298228796856185,16,1061.0,0.09279559382402733,13,895.0,0.13938034518218287,5,397.0,0.38308604078050595,36,2090.0,0.12241410210318575,15,1812.0,0.1623274565438042,228,15360.0
2395.0,235,2327.0,4.553816046966732,2.846861780989854,16,968.0,0.1977552696095625,14,1147.0,0.1697506724046601,7,59.0,0.5382870146825851,2,15.0,0.6552793545127402,16,994.0,0.1752378912194603,14,759.0,0.23394113477246742,21,1140.0,0.18239014057354827,0,4.0,0.6800920692302205,14,1359.0,0.22691362577507693,24,1333.0,0.13859629246076216,8,804.0,0.13083193701705978,17,817.0,0.10894690125234067,18,982.0,0.1410682771351807,7,418.0,0.2798894536990842,36,2258.0,0.04784497232140245,21,1898.0,0.01693412267177718,235,14955.0
2400.0,239,2280.0,4.43579766536965,2.8638627164620427,18,1003.0,0.14710130743353503,19,1225.0,0.11850336168869824,7,98.0,0.33660825085103646,0,4.0,0.8730257087108948,20,1083.0,0.20416336857565695,13,830.0,0.1997687294263585,14,1132.0,0.2777747739600965,0,8.0,0.8295430552386249,8,1402.0,0.2139930966042662,30,1465.0,0.1084093302201597,10,839.0,0.0916190189706898,13,880.0,0.20086961833484995,24,1090.0,0.1419097227592645,12,469.0,0.1410004302251225,31,2175.0,0.03906963259485099,20,1766.0,0.08362751604701552,239,15469.0
2405.0,230,2388.0,4.583493282149712,3.314018194888924,9,1052.0,0.16087200867372378,22,1325.0,0.11445454319354419,3,84.0,0.38625183293341636,0,2.0,0.7738700947115472,22,1180.0,0.11432437987797016,11,891.0,0.1024750592991318,11,1176.0,0.2843789717908665,0,4.0,0.8934830996143036,12,1453.0,0.2174480974939238,31,1619.0,0.08292626592491174,10,888.0,0.07599042585725668,13,924.0,0.2531806081325749,31,1233.0,0.17920669112547527,19,551.0,0.1249462472735551,23,1829.0,0.19749531694784242,13,1401.0,0.2717680471103173,230,15612.0
2410.0,248,2770.0,5.306513409961686,3.4461143364482196,11,1087.0,0.2135767403885371,22,1266.0,0.1326863210621114,4,41.0,0.6152459098848386,0,4.0,0.8648665395341102,30,1316.0,0.008613579633444907,16,962.0,0.028182191331224134,15,1237.0,0.19049573064810355,0,0.0,0.8250605714900037,19,1539.0,0.15725809646247593,25,1521.0,0.15227759623282505,16,960.0,0.18216183937600375,15,985.0,0.19798856851057592,31,1384.0,0.14175127159387024,14,503.0,0.1700966521821531,17,1815.0,0.20148423169510835,13,1362.0,0.30657653790335104,248,15982.0
2415.0,267,2965.0,5.680076628352491,3.1621588632086746,17,1158.0,0.1262966058373342,20,1050.0,0.16938272535560892,3,38.0,0.3865539131103556,1,5.0,0.8075806914533564,35,1482.0,0.025532342892104765,25,1060.0,0.09408502945540229,19,1325.0,0.02306749393691501,0,0.0,0.8053735130232373,26,1651.0,0.16420941755082633,16,1174.0,0.1894298597987817,24,1063.0,0.20498642193561598,21,1080.0,0.039765753685135595,27,1338.0,0.09632302308995316,6,333.0,0.22387421932849416,14,1872.0,0.12574550708912535,13,1417.0,0.2752983147888467,267,16046.0
2420.0,274,3221.0,6.254368932038835,3.152348975993532,24,1264.0,0.11108237417485631,15,1128.0,0.17114056412376458,8,51.0,0.2113924248980864,1,10.0,0.5516639304273434,30,1462.0,0.15116210464375987,27,1196.0,0.187791323190481,27,1449.0,0.1326634683192959,0,0.0,0.7209735345063415,31,1795.0,0.10167928320559999,7,1017.0,0.2585138663029942,29,1192.0,0.16631259530178297,23,1039.0,0.029338524139528154,21,1107.0,0.16592247596154688,2,313.0,0.3733723239481101,13,1929.0,0.1666004174512761,16,1482.0,0.22223372421442575,274,16434.0
2425.0,284,3636.0,7.1015625,3.1069675376760624,31,1402.0,0.12685268792988255,11,1187.0,0.1951650877115474,8,95.0,0.08153661078342628,1,5.0,0.6319542640034724,22,1250.0,0.21046643546500277,28,1336.0,0.2678486436956353,29,1593.0,0.20437678346496677,2,2.0,0.021434406192703297,34,1963.0,0.10153812713620523,7,1025.0,0.2692371460972073,35,1355.0,0.09169679391752386,15,906.0,0.22397256161581688,11,1111.0,0.2221119580752622,9,340.0,0.33016550551962887,20,2015.0,0.202459057003596,21,1576.0,0.04750303045390547,284,17161.0
2430.0,287,4031.0,7.998015873015873,2.6158548621633955,34,1565.0,0.07620868671574879,11,1079.0,0.16923888993141872,2,83.0,0.43009729794810736,2,17.0,0.6433891577429275,17,1339.0,0.13802788032212324,32,1488.0,0.14665115726669445,29,1734.0,0.11302726734050139,3,19.0,0.24609849456803282,34,2135.0,0.1076655496245644,13,1077.0,0.19685683754115965,32,1300.0,0.11010848155263885,9,962.0,0.24459221001058368,11,1140.0,0.17450502487316943,15,401.0,0.24278575084511692,21,1872.0,0.1679688573857301,22,1459.0,0.06182861270601579,287,17670.0
2435.0,269,3988.0,7.850393700787402,2.865479087230448,36,1743.0,0.09491852382230305,10,1130.0,0.13739926924757095,0,30.0,0.8047111741161391,2,25.0,0.7197222114828378,13,1412.0,0.11947643570517477,29,1437.0,0.06576619897122375,29,1881.0,0.012817665854900944,0,8.0,0.8130974698219995,31,2065.0,0.10889889598328899,18,1157.0,0.13217496453943364,25,1064.0,0.16340284010247974,11,1005.0,0.15930272076729046,10,1020.0,0.13470209683513912,19,490.0,0.19731345745355167,21,1527.0,0.1291148677900547,15,1158.0,0.24214722180406212,269,17152.0
2440.0,246,3711.0,7.205825242718447,3.1038226675689846,33,1733.0,0.1077720255270431,14,1187.0,0.16991179914742752,0,8.0,0.5934218221885329,2,35.0,0.7977940821651872,9,1286.0,0.11286755506614785,22,1201.0,0.10334848267660394,29,2028.0,0.06314575394517163,0,0.0,0.9332087463009364,24,1778.0,0.15874700692519625,23,1265.0,0.26447143148116564,17,1089.0,0.17137306632700325,10,908.0,0.09972671605452223,11,794.0,0.14200161182860682,20,592.0,0.2684057652675408,21,1534.0,0.09101559939212353,11,1128.0,0.24763283466872835,246,16566.0
2445.0,208,3116.0,6.109803921568627,2.595123085491523,25,1538.0,0.13958904940236136,16,1254.0,0.1710048447858179,2,11.0,0.23793428910457276,0,4.0,0.5634632770107254,8,1334.0,0.0823158887119178,15,1279.0,0.16820833395444432,34,2190.0,0.027243043082364856,0,0.0,0.5988816561648096,14,1749.0,0.18168348186807148,25,1384.0,0.1239584898746988,13,1155.0,0.11472577016976458,7,666.0,0.24341394375513992,8,825.0,0.16007527915804756,15,574.0,0.07316075733840267,14,1605.0,0.20555754642725482,12,1182.0,0.17263685888753472,208,16750.0
2450.0,210,2421.0,4.756385068762279,2.9087446811352144,20,1402.0,0.1772911157802826,23,1350.0,0.11753223121698816,5,27.0,0.4176297018727704,3,7.0,0.2091312918780323,14,1398.0,0.16511217369464956,12,1325.0,0.23987741114322564,29,2112.0,0.13764349644430265,4,9.0,0.12298531299484494,9,1795.0,0.22169953460321237,25,1301.0,0.12633461472204408,10,1056.0,0.1144459947600181,6,695.0,0.29528245216129045,8,851.0,0.20613640595218546,14,456.0,0.18206579989667626,14,1640.0,0.23501103835049236,14,1246.0,0.09996499724350326,210,16670.0
2455.0,189,1916.0,3.6495238095238096,3.5499235744196445,10,1445.0,0.2140096381345011,25,1298.0,0.14288096573793707,0,32.0,0.528393391947355,2,25.0,0.2058325774705395,19,1485.0,0.2284959660744564,16,1385.0,0.1786125839428838,20,1782.0,0.2452607778437745,0,18.0,0.5778107693743341,14,1854.0,0.23590990950803484,17,989.0,0.19203307988609286,6,840.0,0.14651074933490896,8,734.0,0.20619403263331768,15,915.0,0.2475305411601635,2,394.0,0.26546553208884227,20,1710.0,0.1018372554522574,15,1127.0,0.16301185888105238,189,16033.0
2460.0,193,1577.0,3.0268714011516313,3.4446431869460183,10,1469.0,0.2193450709094355,22,1085.0,0.1455179699146848,2,12.0,0.6041593381360105,3,25.0,0.6388696913984765,23,1587.0,0.16712588110384582,20,1398.0,0.026947603826150524,14,1861.0,0.13580337986937602,0,8.0,0.8968243634259973,17,1709.0,0.15067370835597393,6,940.0,0.22873674183451198,5,851.0,0.2216322872737141,9,662.0,0.13507905426978248,23,1013.0,0.1434074067187306,6,409.0,0.2071998698206523,22,1584.0,0.028283725384178466,11,753.0,0.2530435356827181,193,15366.0
2465.0,217,1721.0,3.315992292870906,3.1575383624787174,18,1542.0,0.1545291279027901,16,1097.0,0.16466821693826156,0,10.0,0.7533110616389505,3,37.0,0.6998811733842171,32,1729.0,0.08611125622277778,27,1520.0,0.03271958185303122,13,1933.0,0.1124824453836137,2,10.0,0.5623868370026416,15,1364.0,0.15350761814559297,8,970.0,0.24936169261340455,10,890.0,0.23170513656338307,9,487.0,0.10440469782802149,28,1144.0,0.07744197698105551,12,461.0,0.22144033723459167,19,1292.0,0.09044778809820365,5,711.0,0.2721750404210273,217,15197.0
2470.0,239,2113.0,4.047892720306513,2.8604289383970807,27,1659.0,0.11098959404914512,11,1151.0,0.20314331659308751,2,8.0,0.569561488094767,5,52.0,0.24385231073660363,32,1665.0,0.03436096133479963,23,1634.0,0.17182787013815357,10,1780.0,0.24608183278718374,5,28.0,0.4416790065800781,12,1412.0,0.18979771372096696,14,1028.0,0.19850283066398444,13,947.0,0.14756119270572343,8,518.0,0.14454754111698565,34,1307.0,0.011841014294875121,18,544.0,0.27088055781224224,17,1367.0,0.19587655923895683,8,747.0,0.14995785454762156,239,15847.0
2475.0,250,2724.0,5.228406909788868,3.067338734959062,30,1793.0,0.09109128375528873,12,1192.0,0.2010649177669988,6,32.0,0.19398612575729285,3,45.0,0.38253805251540846,24,1426.0,0.14650463085873194,24,1739.0,0.14316732703443824,6,1417.0,0.3550220528636028,1,27.0,0.5875824145473897,12,1459.0,0.1954832243758396,20,1117.0,0.10566525479552936,21,1042.0,0.05997938222602082,10,556.0,0.236243460236994,35,1482.0,0.121496354603418,18,630.0,0.22410749821000361,14,1440.0,0.22919535224711646,14,804.0,0.20844992717875396,250,16201.0
2480.0,269,3429.0,6.581573896353167,3.041829103649241,35,1945.0,0.10777314624475298,13,1095.0,0.14139674498079163,2,38.0,0.08973639348542582,1,11.0,0.6578882532252782,18,1457.0,0.17337248229727278,31,1883.0,0.056611942653131124,8,1352.0,0.2871500162975817,4,16.0,0.5366511054773436,9,1288.0,0.19712939833549853,27,1239.0,0.12574932295302904,21,995.0,0.1608807701905609,17,632.0,0.2347212992294268,35,1657.0,0.1463334077696709,18,720.0,0.19960861646015135,11,1322.0,0.19825431144715688,19,890.0,0.1409168142912242,269,16540.0
2485.0,269,3781.0,7.160984848484849,3.045928071833159,32,1905.0,0.09336425267416192,13,869.0,0.20724015053893236,2,19.0,0.3826018013772485,2,14.0,0.6611982613780869,14,1510.0,0.13248233293475642,34,2048.0,0.07259036606737965,8,1386.0,0.2158664702415131,0,16.0,0.4028234533247989,10,944.0,0.22091650813865257,29,1385.0,0.14477322598562137,19,782.0,0.2170945085880529,22,732.0,0.14577205174796382,29,1609.0,0.08516316574848978,18,814.0,0.20212948173065312,11,1024.0,0.09877867578977335,26,1003.0,0.16074477805869863,269,16060.0
2490.0,269,3886.0,7.430210325047801,2.8444065023598464,26,1678.0,0.15375594319015712,7,907.0,0.21463367759106763,2,16.0,0.28522873313091696,2,24.0,0.7169056873139331,15,1573.0,0.09614132854235785,30,1999.0,0.12154169734369002,16,1452.0,0.07912474090464242,4,21.0,0.38663112294828966,7,973.0,0.17400725407840087,34,1545.0,0.07390365700868622,16,870.0,0.15284217505754222,29,868.0,0.03131483672732154,25,1353.0,0.09801989346803339,18,904.0,0.31195549928334704,7,1063.0,0.12250063195976063,31,1148.0,0.15849302018963965,269,16394.0
2495.0,259,4165.0,7.963671128107075,2.9052907021251415,21,1614.0,0.16679137286095885,10,940.0,0.19337523437562631,2,30.0,0.2585387993278222,2,10.0,0.38581857300802974,20,1663.0,0.16169883603724072,20,1612.0,0.14500163455131848,21,1544.0,0.2083563357436097,0,23.0,0.555888355563627,11,1011.0,0.1939337720072302,35,1719.0,0.11811899004382465,12,941.0,0.09734329918360507,33,1029.0,0.1329726736707849,12,1331.0,0.2285481963439968,19,996.0,0.12088195118194642,8,1094.0,0.21108814509867,33,1311.0,0.11100990372242957,259,16868.0
2500.0,248,3811.0,7.342967244701349,2.909819427105031,14,1673.0,0.18302319853381954,8,826.0,0.20630108624301288,0,6.0,0.7745308177688097,6,32.0,0.2876462465472097,27,1785.0,0.15980928342142062,16,1262.0,0.23216360229844793,26,1664.0,0.14361440428765834,0,2.0,0.6468227998351254,13,972.0,0.21011716980707448,29,1677.0,0.12186615913552996,8,863.0,0.11894207124271566,33,1196.0,0.1810176245651038,9,1357.0,0.24983553961378818,18,928.0,0.06874130043497045,14,1155.0,0.2142386516305267,27,1259.0,0.045764633347723134,248,16657.0
2505.0,235,3219.0,6.108159392789374,2.893005185134654,12,1692.0,0.20989737081489493,6,578.0,0.18782700268075375,0,8.0,0.8492269783572705,4,41.0,0.3044992795505636,33,1936.0,0.0752366416832981,6,1296.0,0.25568610622044774,32,1808.0,0.0018827182416004443,0,4.0,0.31271945692614384,17,1047.0,0.13792661633082864,23,1412.0,0.13615841188489078,9,845.0,0.19893409432787398,35,1361.0,0.06531170984277597,11,1252.0,0.14712054000500496,10,699.0,0.15062127312092705,16,1055.0,0.09012583130691727,21,1022.0,0.15771110572349145,235,16056.0
2510.0,230,2985.0,5.579439252336448,3.270629242115928,19,1768.0,0.15559679761307554,11,617.0,0.18128412341612962,0,4.0,0.8482778959377905,1,18.0,0.512997423236332,36,2114.0,0.0256642552424578,8,1319.0,0.21058372426245106,29,1722.0,0.0716875058774249,0,8.0,0.748031544678131,20,1130.0,0.11577958342612536,16,993.0,0.21671241678250977,11,891.0,0.23687141952122162,30,1344.0,0.023117567642867456,12,1015.0,0.13180353343903975,4,724.0,0.2629273889771026,19,1056.0,0.04297973258168192,14,1099.0,0.19738092387066813,230,15822.0
2515.0,220,2524.0,4.708955223880597,3.295069276638641,26,1884.0,0.11673481580582339,8,649.0,0.20582837418062094,3,12.0,0.20369630101974037,1,7.0,0.4558514180361297,31,2043.0,0.044935034973439,13,1380.0,0.22369726534691778,19,1269.0,0.22278043546082538,0,8.0,0.8608263219163117,27,1248.0,0.11394221592330096,6,1022.0,0.2827992518683035,17,958.0,0.2178101921594756,23,1037.0,0.07770884120444428,5,973.0,0.2799925833551303,9,759.0,0.12394254964038413,20,1146.0,0.13405999074441727,12,1157.0,0.16530701236971052,220,15552.0
2520.0,233,2572.0,4.974854932301741,3.2146232243010724,32,2033.0,0.09716704998588108,14,698.0,0.18712583079446685,6,38.0,0.42027778087675094,2,15.0,0.3766368323560533,22,1674.0,0.18436604746449192,22,1469.0,0.24501878971331711,13,1345.0,0.225269713545856,2,10.0,0.5656917236634929,30,1388.0,0.07977019965511442,6,1022.0,0.3253173339953711,19,1045.0,0.12016140252636105,12,1103.0,0.24710443394317322,7,982.0,0.2654513376555867,16,823.0,0.19245504446782133,19,1228.0,0.20352652125239493,11,1050.0,0.11010664900601048,233,15923.0
2525.0,248,2823.0,5.492217898832685,3.04060823168915,36,2206.0,0.11550020847088333,20,721.0,0.14757159376798065,0,37.0,0.7214734204329725,0,6.0,0.32359964955365694,13,1312.0,0.3027077966872975,24,1490.0,0.08403191899376639,10,1403.0,0.15039501910801753,1,13.0,0.2212824848332456,33,1548.0,0.10475000307698346,13,1073.0,0.1945435205750235,27,1166.0,0.06207947873376652,8,1145.0,0.29159500988833204,13,1024.0,0.23722842676163547,22,919.0,0.23189294544563702,21,1327.0,0.22199845020141942,7,834.0,0.17550400052281237,248,16224.0
2530.0,281,3109.0,5.944550669216061,2.9324202726916493,32,2149.0,0.10660507949647113,23,832.0,0.14475856893922748,2,10.0,0.6379189436641349,0,4.0,0.8583213875550375,7,1353.0,0.3428438300475984,27,1222.0,0.05966888296495557,14,1465.0,0.09970923759867527,6,27.0,0.3650772079898718,30,1504.0,0.11886642572254638,19,1158.0,0.19333890201728454,26,1153.0,0.06970802447718794,12,1192.0,0.19500549936509415,21,1111.0,0.07873948362729216,26,1043.0,0.21124225129501017,27,1452.0,0.11798658366223763,9,857.0,0.266528515897063,281,16532.0
2535.0,277,3309.0,6.3028571428571425,3.07069944715721,25,1840.0,0.12293703980033349,18,922.0,0.2113074209587328,1,8.0,0.40604780109821953,0,4.0,0.8941694251076627,8,1385.0,0.3559983383004767,17,1316.0,0.19494633225036953,22,1565.0,0.057850321053071814,7,60.0,0.34409393725682746,22,1239.0,0.17359422923798862,18,1067.0,0.2615315050288398,23,996.0,0.09274490446138331,19,1280.0,0.0925588374266048,27,1234.0,0.0013395543022977714,26,1173.0,0.1284943644948273,35,1612.0,0.025838730908579587,9,885.0,0.2916647751003183,277,16586.0
2540.0,280,3805.0,7.206439393939394,2.91098127160348,18,1324.0,0.19784066744514328,21,1009.0,0.14585250938276018,3,13.0,0.27153898841735313,2,7.0,0.5723606731063271,14,1444.0,0.2861265222880756,13,1365.0,0.24812119232134192,28,1694.0,0.1324593270107414,7,91.0,0.2855238688034513,12,1123.0,0.2026868928182512,14,842.0,0.21725838057227226,17,1085.0,0.08926710368108942,25,1395.0,0.13773215133832387,29,1382.0,0.027074234253399585,26,1303.0,0.03674574631747765,36,1792.0,0.011640033665026332,15,949.0,0.16738642460210978,280,16818.0
2545.0,279,3858.0,7.224719101123595,2.976725426843746,14,1398.0,0.24029012497410074,27,1134.0,0.09978524467720543,5,38.0,0.30779073481426267,7,32.0,0.3921128350851643,17,1437.0,0.10832852787707352,16,1436.0,0.2431448890269658,33,1850.0,0.21717091422671933,1,77.0,0.4518329070488886,9,1170.0,0.2398645651035166,10,829.0,0.23393253414082354,14,1163.0,0.07971922725303847,26,1350.0,0.18399137294796689,29,1531.0,0.17520232049021348,20,1235.0,0.06393621142533068,30,1722.0,0.08582158729267524,21,1049.0,0.06985197652370971,279,17451.0
2550.0,260,3580.0,6.793168880455408,3.003136178936651,10,1421.0,0.22150576927125462,27,1030.0,0.10023816365230782,1,29.0,0.12936413400606786,7,69.0,0.2130350952804531,21,1161.0,0.05489648309942889,20,1525.0,0.15377785874263641,33,2011.0,0.1753661250819344,2,17.0,0.6687339030483128,7,1050.0,0.2423148228396465,9,871.0,0.24174926486909756,16,1238.0,0.10284082727421569,20,1145.0,0.12117602393640645,30,1675.0,0.19330046881345783,11,940.0,0.285711729850064,22,1432.0,0.15226064796694916,24,1167.0,0.13458324798941282,260,16781.0
2555.0,244,3360.0,6.292134831460674,2.7746360313121925,15,1433.0,0.23113070673440456,18,1125.0,0.12859233159937292,5,24.0,0.3431239803803546,7,108.0,0.3655187372113874,17,1239.0,0.11628622948289893,20,1403.0,0.0538199751110094,28,1895.0,0.07426867563971225,1,19.0,0.6835077526853125,7,785.0,0.2267581520896661,9,787.0,0.23076854317817605,22,1336.0,0.1421314934151317,12,1152.0,0.12781965924575642,34,1833.0,0.06568592836643969,4,884.0,0.33549271863190083,17,1433.0,0.09672300721806264,28,1297.0,0.018832784472809862,244,16753.0
2560.0,243,3245.0,6.099624060150376,3.0807509766797554,21,1516.0,0.15236181442941824,19,1216.0,0.14741996880895322,0,22.0,0.6459201277502586,7,141.0,0.3825563374262901,18,1303.0,0.15455788871900564,20,1309.0,0.06647222602051307,24,1537.0,0.08358360388026209,1,24.0,0.7611173061267548,3,741.0,0.23591162282257733,9,589.0,0.23380286698983466,23,1279.0,0.20145279294842905,9,1201.0,0.2605089235855257,36,2012.0,3.592295766109381e-07,10,914.0,0.2003064531043548,12,1501.0,0.08875289833531738,31,1449.0,0.13314054592255084,243,16754.0
2565.0,225,2922.0,5.544592030360532,3.013570277793436,27,1638.0,0.09386400560908595,11,1120.0,0.13740097977436927,0,2.0,0.8041647125676941,10,182.0,0.3549839005051087,18,1382.0,0.09424681049061265,17,1394.0,0.06380742194460634,16,1514.0,0.2074565383670843,1,25.0,0.7657671610596033,8,774.0,0.2578036179063955,5,552.0,0.20801210565442188,19,1058.0,0.18542273481825575,14,1259.0,0.235655074072565,30,1946.0,0.14001189879399573,15,983.0,0.065821517109217,9,1375.0,0.11230192297057034,25,1408.0,0.19484428703796533,225,16612.0
2570.0,217,2443.0,4.566355140186916,3.1829021075398223,30,1454.0,0.10070330541769697,6,869.0,0.1943721712077958,1,6.0,0.5601414914735383,12,236.0,0.2635122669871459,26,1488.0,0.03510775280413487,15,1463.0,0.05623920401030306,12,1549.0,0.2577968134560625,1,1.0,0.628558095357486,15,831.0,0.24022294832935884,8,579.0,0.2574053267253452,17,1147.0,0.0944937128955709,21,1347.0,0.1332100201285633,20,1645.0,0.2662329565646904,13,877.0,0.3753525420888997,4,1157.0,0.1512170365727482,16,1175.0,0.23583298355840576,217,15824.0
2575.0,205,2103.0,3.945590994371482,3.0284943739211823,23,1573.0,0.14279854104619313,6,901.0,0.20711440703411763,5,25.0,0.5802260620491545,12,296.0,0.0581499599223272,29,1616.0,0.01295047676485672,13,1332.0,0.08961479352009995,8,1393.0,0.15095627341923523,1,8.0,0.7507060805197108,15,774.0,0.16722833002476523,10,511.0,0.2544493172362696,15,1220.0,0.1177702788800424,27,1472.0,0.02828352748327974,14,1633.0,0.18953700909028628,6,537.0,0.356366035163443,7,1187.0,0.17538353890983885,14,1250.0,0.2213180275562377,205,15728.0
2580.0,196,1741.0,3.297348484848485,3.321900226901821,20,1679.0,0.12240013591860749,10,943.0,0.19768637651881027,0,19.0,0.6243992722710737,6,264.0,0.2983180841314027,36,1778.0,0.00043066450723197613,10,1089.0,0.2247050703017721,10,1076.0,0.15145722804957784,1,15.0,0.8046865475371411,15,638.0,0.20266622987547195,8,334.0,0.2733658272539028,13,1119.0,0.20621638905687997,32,1625.0,0.1251638950441725,11,1692.0,0.13727726664481837,4,557.0,0.2348582783410287,10,1233.0,0.18691584155517801,10,1304.0,0.17776171430004967,196,15365.0
2585.0,197,1721.0,3.2288930581613506,3.4193542555086767,18,1773.0,0.13153376536507677,15,1007.0,0.1779627712826284,4,11.0,0.5712024824866018,0,122.0,0.593653649470285,31,1712.0,0.08710127235116268,11,1148.0,0.32034818022661815,4,1025.0,0.24242975478385012,0,6.0,0.7379726807326166,10,466.0,0.25990236275269496,5,312.0,0.2249081097594005,16,1131.0,0.19374208784798042,29,1596.0,0.16885986410686046,14,1756.0,0.09375948336519796,7,585.0,0.1384317511499515,17,1304.0,0.0962195686784588,16,1366.0,0.12692374381225208,197,15320.0
2590.0,196,1658.0,3.128301886792453,3.045297173821717,16,1634.0,0.14606030751254861,17,948.0,0.1712160915155403,1,11.0,0.2839753638983589,3,132.0,0.4210061050083428,24,1496.0,0.17722229140212445,10,1199.0,0.2803671724367958,7,1013.0,0.27370135162279957,1,6.0,0.3467683103683992,3,478.0,0.3028090220669857,8,339.0,0.21239044680620958,14,1184.0,0.08096681245953292,21,1385.0,0.13819708490208404,14,1639.0,0.11305110243217403,13,646.0,0.2131471915551091,22,1408.0,0.048195061016837924,22,1463.0,0.016703518793263004,196,14981.0
2595.0,219,1728.0,3.272727272727273,3.1924136279498896,15,1328.0,0.1552577776433742,16,750.0,0.17743886155766306,4,23.0,0.169481807510103,8,164.0,0.35766012668636865,17,1593.0,0.14130582241322362,15,1264.0,0.1840476262575658,13,1062.0,0.20284753886123644,0,1.0,0.5451243970323394,9,490.0,0.3339741375148657,13,394.0,0.17413090741344897,14,1219.0,0.08474777775903991,15,1466.0,0.09861899849769022,13,1325.0,0.2211676862176784,19,736.0,0.3639821905848152,25,1348.0,0.1312849071500707,23,1398.0,0.06174846278455711,219,14561.0
2600.0,226,1845.0,3.5009487666034156,3.1824530947960024,14,1385.0,0.1658019446733531,11,742.0,0.19142943816457048,5,45.0,0.4588250180025329,8,204.0,0.30364700571113584,15,1673.0,0.0645448412407447,23,1367.0,0.03854060393411136,19,1143.0,0.022696251067598365,0,0.0,0.7726582884211467,10,447.0,0.17197185152306835,21,492.0,0.1471699961240899,20,1303.0,0.09832417172560151,12,1528.0,0.11907367001432796,13,1387.0,0.24639699711949847,21,830.0,0.1548654605305014,20,1125.0,0.2927508726599253,14,1144.0,0.2631893417594324,226,14815.0
2605.0,254,2263.0,4.326959847036329,3.003228247267222,14,1453.0,0.19237327375679425,11,794.0,0.21691740235466309,0,29.0,0.7157832277405282,12,255.0,0.3630952776638075,15,1747.0,0.05632924025449966,30,1501.0,0.0015839069978817225,26,1258.0,0.01585747284000524,1,4.0,0.5921331641639599,8,310.0,0.2144479219266306,28,617.0,0.1273358100614711,24,1248.0,0.13677555225433627,16,1595.0,0.20645994209156518,12,1448.0,0.18188734278272572,25,946.0,0.07148289449823284,19,1217.0,0.1915526667062916,13,1208.0,0.2325650483208962,254,15630.0
2610.0,257,2939.0,5.695736434108527,2.6669143477627557,10,1305.0,0.19648059015932012,8,724.0,0.2299138957894851,1,1.0,0.5236204831800356,12,315.0,0.3354312662059798,21,1846.0,0.0488409015546709,32,1660.0,0.1083530133957392,28,1398.0,0.13740379859213364,1,5.0,0.49308868089631935,4,285.0,0.23729303736362475,33,773.0,0.09798144206368402,21,1076.0,0.21045814808402094,22,1691.0,0.2018468652736817,12,1313.0,0.09834166626822181,25,1073.0,0.13686135772795133,16,1293.0,0.09894173704781602,11,1265.0,0.16050440157968973,257,16023.0
2615.0,255,3174.0,6.139264990328821,2.491743748721819,10,989.0,0.17123905223091668,6,492.0,0.23971297734922162,6,21.0,0.23408046311518316,7,263.0,0.08511000847332689,28,1975.0,0.1253577758688134,26,1574.0,0.17908007931491268,28,1542.0,0.20070353772677113,0,0.0,0.9366691985307417,8,299.0,0.3389940167291512,36,951.0,0.09569492963604857,18,1150.0,0.10754590151473692,23,1607.0,0.07470315335375284,9,983.0,0.2418336360994385,20,1011.0,0.20715459621986515,15,1356.0,0.1259373503479526,15,1329.0,0.0784561176098332,255,15542.0
2620.0,241,2822.0,5.365019011406844,2.8606682461739563,10,804.0,0.21541962756891048,7,514.0,0.21880676437339447,0,32.0,0.3229205131787309,6,130.0,0.16657355406797927,28,1880.0,0.17861321576364134,18,1290.0,0.23876433110670847,28,1678.0,0.18038602143598337,0,0.0,0.8644629324623665,17,359.0,0.19083074546022777,30,986.0,0.13226455804513376,14,1220.0,0.10645885359836381,28,1261.0,0.07133544180847574,7,1006.0,0.2940223048567038,16,704.0,0.13320640546553436,16,1258.0,0.17445005026040228,16,1222.0,0.05610857546901246,241,14344.0
2625.0,216,2402.0,4.523540489642184,2.9870532658237807,7,836.0,0.19110452844818257,9,551.0,0.19635672112504493,1,11.0,0.7841234184668728,4,146.0,0.3642774242690362,25,1792.0,0.0852524695403021,12,1165.0,0.14345122154065093,33,1835.0,0.05354566004659012,0,2.0,0.3847199011881255,23,461.0,0.12994987817323372,23,873.0,0.17207901174579507,18,1291.0,0.06812674031001074,16,1346.0,0.2018155057129647,9,1044.0,0.15894315451213828,8,680.0,0.14678680425457438,15,1026.0,0.19218371757044894,13,868.0,0.14439421365813843,216,13927.0
2630.0,207,2190.0,4.108818011257036,3.2177828277630374,8,839.0,0.20914337494475108,8,497.0,0.21961678091432327,0,8.0,0.8571031707661817,6,150.0,0.5499332211314648,21,1899.0,0.06428088131046349,10,1217.0,0.12907917041486383,30,1772.0,0.030190744846226976,0,8.0,0.7089850575814014,25,571.0,0.131628627475076,17,711.0,0.21213602421890482,26,1408.0,0.09643935192513253,10,1377.0,0.24539205062931743,15,1111.0,0.10257827553109462,5,696.0,0.13420457198660402,13,1084.0,0.0824964479994381,13,930.0,0.22226847042086284,207,14278.0
2635.0,218,2212.0,4.173584905660378,3.598317365842118,15,900.0,0.17841797461197798,7,327.0,0.2374026505289969,0,4.0,0.5673203669212729,8,186.0,0.30902775527492193,18,1987.0,0.177322861733718,13,1270.0,0.113180012026057,21,1485.0,0.15502636929681668,0,8.0,0.8751689354147483,26,693.0,0.22798823850545516,10,590.0,0.3297811403598156,30,1536.0,0.1739664835239067,16,1429.0,0.14501751508659097,15,975.0,0.19297472072780986,11,744.0,0.08188103249784198,16,1139.0,0.1350539211485958,12,996.0,0.32572579460894235,218,14269.0
2640.0,228,2279.0,4.324478178368121,3.225014745502791,16,816.0,0.12648874517517206,4,349.0,0.23773620209495816,2,4.0,0.10263273072795591,12,242.0,0.10059005124587407,18,2071.0,0.18679373554764436,19,1352.0,0.1086506164333594,14,1466.0,0.2242635212324376,2,11.0,0.6119266557994631,24,680.0,0.11090059759412041,3,562.0,0.3803345599800579,36,1693.0,0.12832282654998511,22,1533.0,0.044645906229689045,11,739.0,0.29438742150404096,18,831.0,0.1700248416489731,12,1052.0,0.1838955296612474,15,1059.0,0.2924413759498295,228,14460.0
2645.0,251,2401.0,4.530188679245283,3.034421951351724,15,619.0,0.15144333114398645,9,381.0,0.24197243670782165,5,24.0,0.25874175896207163,7,210.0,0.3215919340805455,19,1924.0,0.09435361935486364,26,1472.0,0.22880527836542014,12,1525.0,0.17258781005761145,6,27.0,0.5120474849650783,19,595.0,0.1820974978706548,7,544.0,0.3680493860075972,31,1665.0,0.05520267699901377,28,1668.0,0.16384957382730514,10,788.0,0.2549064896344843,25,942.0,0.15392962746462616,10,813.0,0.21847430526758355,22,1156.0,0.16735776090054785,251,14353.0
2650.0,237,2549.0,4.791353383458647,2.860414191463144,11,613.0,0.17652934561325123,9,343.0,0.21538310004919092,1,23.0,0.6240748389623786,1,84.0,0.38662733849369985,20,1477.0,0.08070626873265599,28,1611.0,0.2640741720998297,15,1590.0,0.10022169814686409,3,29.0,0.10407992487676271,10,615.0,0.23784538113821327,12,589.0,0.22884968014767362,27,1436.0,0.058339702191629414,29,1813.0,0.1849146168572174,9,832.0,0.12636560302515606,29,1082.0,0.23832612487356877,5,770.0,0.13323756570405973,28,1287.0,0.00676433597408662,237,14194.0
2655.0,261,2979.0,5.56822429906542,3.018382720276637,13,660.0,0.19048500183335185,9,311.0,0.14981131469652922,1,9.0,0.7124902196508414,3,84.0,0.3265486186493202,16,1555.0,0.21157113301348726,32,1762.0,0.15595527543766413,16,1466.0,0.16063612965967874,2,17.0,0.3280124294042974,8,651.0,0.1961924586479401,18,669.0,0.10788218017759936,22,1465.0,0.1691296466781436,34,1967.0,0.07055920688278251,17,900.0,0.20458225361910523,29,1223.0,0.20771954238495968,11,801.0,0.13791852720095157,30,1237.0,0.09558672290934182,261,14777.0
2660.0,246,3103.0,5.810861423220974,3.3529341615645496,8,599.0,0.20058910854023887,8,348.0,0.17398890657670657,1,14.0,0.7655919697127236,8,115.0,0.28275003590800685,12,1602.0,0.27581598358602605,35,1936.0,0.02484064251326333,10,1124.0,0.2996685362745409,2,27.0,0.6608928825524844,13,704.0,0.18681905384399927,25,782.0,0.13440030800402705,14,1530.0,0.19287026854694297,30,1890.0,0.036813795778583874,22,1000.0,0.24119623680819183,25,1154.0,0.13451663616817244,13,859.0,0.10400060156802249,20,1006.0,0.20268821208124013,246,14690.0
2665.0,236,2975.0,5.581613508442777,3.4008207430388047,7,505.0,0.18974045985012725,13,405.0,0.19185094091133345,2,6.0,0.7193624187755397,6,109.0,0.24244366859366195,14,1652.0,0.19841155807528324,30,1856.0,0.04910909065799615,7,1076.0,0.2998439130046888,0,6.0,0.8844542751942301,21,792.0,0.13552253044700158,25,907.0,0.13203844987201238,14,1551.0,0.13631586937830198,21,1551.0,0.19441916891388242,24,1116.0,0.2622598665145983,19,939.0,0.13429170298349116,20,948.0,0.16575454203998802,13,1012.0,0.20474513737134747,236,14431.0
2670.0,230,2816.0,5.243947858472998,3.2433904039872976,7,527.0,0.14471526862452555,14,376.0,0.1534430328314559,3,16.0,0.6866212815545926,4,52.0,0.3837485076617087,19,1629.0,0.06051790083163259,20,1500.0,0.185779616500084,8,1110.0,0.24670059959355564,0,2.0,0.694578406490221,21,794.0,0.14579937728029985,25,1036.0,0.15090629701546868,22,1645.0,0.07827748704266713,12,1085.0,0.30914991302523176,28,1247.0,0.0913024486488653,10,943.0,0.15618770929707723,26,1061.0,0.1597075373448306,11,1068.0,0.10021524384064728,230,14091.0
2675.0,243,2803.0,5.249063670411985,2.953986595720565,13,563.0,0.18035884292729526,12,310.0,0.1792410118115364,2,10.0,0.3695866734190483,3,55.0,0.5272645433958467,26,1744.0,0.06699349720386315,14,1474.0,0.22338056651845484,14,1169.0,0.12007755799215097,1,6.0,0.21416934784431813,17,687.0,0.2157789430042759,25,1161.0,0.20986041400219446,31,1787.0,0.11990657883341731,4,1104.0,0.24257517365354722,27,1191.0,0.04648040871100681,7,959.0,0.2606434886343995,33,1212.0,0.07142129291966258,14,1127.0,0.11868915999993465,243,14559.0
2680.0,256,2917.0,5.566793893129771,2.8283674624647195,10,516.0,0.19380195058270833,8,354.0,0.20615418309217445,3,17.0,0.28287926976226657,7,66.0,0.5282594425314245,28,1864.0,0.1530025364985805,9,1524.0,0.17739692321095699,21,1257.0,0.14728338905754332,3,21.0,0.5615865711790798,16,758.0,0.19595212628992115,22,1141.0,0.14495759001512404,32,1928.0,0.14797273186424095,6,1126.0,0.2097574043155381,22,885.0,0.08892625728066753,13,996.0,0.25777907309690684,36,1393.0,0.010562169940600597,20,1217.0,0.19322652783550545,256,15063.0
2685.0,264,3101.0,5.8731060606060606,2.994001438547063,13,432.0,0.14437593473887544,11,393.0,0.1914094673016854,3,32.0,0.18842847900879184,9,101.0,0.454195629652918,29,1997.0,0.13625957506523598,5,1366.0,0.16331569960174833,22,1179.0,0.24516779095918528,3,38.0,0.6746779051482604,11,824.0,0.1866632033531637,17,970.0,0.15852003916728463,36,2078.0,0.06507171885991626,13,1178.0,0.2204667951641255,14,956.0,0.24069907415920905,20,1084.0,0.05936457177566011,30,1363.0,0.1181189993660198,28,1340.0,0.16786104148653028,264,15331.0
2690.0,232,2685.0,5.037523452157599,3.103726282224699,10,475.0,0.15717513960830354,11,371.0,0.2040747711566643,1,18.0,0.5486100281325101,10,155.0,0.3310240124514627,25,1879.0,0.05141246062648402,4,1023.0,0.2726600438687252,15,911.0,0.22726717249621164,3,51.0,0.7247194308532198,8,776.0,0.21300329386240502,10,1030.0,0.2169744523767628,34,2035.0,0.04348892039904946,19,1263.0,0.23436707207615096,9,1012.0,0.24939634983700043,22,1042.0,0.03913819926933968,22,1128.0,0.21037198591401485,29,1484.0,0.09431663240009538,232,14653.0
2695.0,203,2102.0,3.958568738229755,3.0625742425788784,11,524.0,0.17938247802306473,9,290.0,0.21436061324429306,1,15.0,0.5433093074897266,5,142.0,0.30890326383192374,24,1589.0,0.06387737342289065,5,1033.0,0.30424938435691684,13,903.0,0.10849147750687993,3,66.0,0.7165841123061018,7,622.0,0.19873020101392816,9,1073.0,0.20918399518596456,28,1768.0,0.16130361007758712,19,1087.0,0.1933600207589148,8,894.0,0.18130303871801484,14,844.0,0.24246649222573746,18,1143.0,0.1310740233477639,29,1442.0,0.02147412023096565,203,13435.0
2700.0,169,1463.0,2.7551789077212807,3.0558946023983524,17,597.0,0.13458902208169427,8,314.0,0.2086243247274533,0,4.0,0.7917960638627312,5,61.0,0.3029781424256819,18,1679.0,0.09980682251163464,8,1067.0,0.12522821815774093,10,953.0,0.16227493485913363,1,28.0,0.21900176080278524,5,642.0,0.17423111093026497,16,1138.0,0.17734210941123485,17,1860.0,0.23619681464975248,15,1158.0,0.07037878815337269,9,685.0,0.12253645009849595,7,811.0,0.325681410510459,12,1213.0,0.11563731960771212,21,1067.0,0.07570740001280617,169,13277.0
2705.0,179,1338.0,2.50561797752809,3.6635026786743734,23,697.0,0.12622030767077017,10,354.0,0.21665409876601002,0,6.0,0.7529512237598345,5,46.0,0.4728104326785746,14,1731.0,0.19368656755157665,8,938.0,0.08256266399727294,14,1013.0,0.18346090114804,5,15.0,0.1376930195013208,9,674.0,0.19499651425557074,23,1238.0,0.11780881303350524,15,1908.0,0.18454305838523805,12,1219.0,0.2119958483391467,5,656.0,0.25030716219532373,9,850.0,0.22960487434932467,14,1268.0,0.2252666115045309,13,1141.0,0.2517624639097764,179,13754.0
2710.0,194,1362.0,2.5649717514124295,3.5503931844727514,24,703.0,0.1209239020207273,12,347.0,0.20373060448013527,0,4.0,0.6631760528626907,1,37.0,0.5248483840037447,15,1799.0,0.2314702006704536,5,655.0,0.15020496980416045,21,1104.0,0.11124424070626415,2,27.0,0.1683984425302102,10,618.0,0.21008847051097532,23,1197.0,0.16422456095359111,14,1972.0,0.17800196232013638,15,1282.0,0.2040571563308621,9,665.0,0.26369774938389307,13,904.0,0.13948639561437323,20,1355.0,0.24993094531286827,10,1195.0,0.28782044950422936,194,13864.0
2715.0,218,1628.0,3.112810707456979,3.2246265071374713,23,546.0,0.14315454387335794,9,281.0,0.27555822955030207,0,4.0,0.8617632880047859,1,10.0,0.738025383612493,16,1672.0,0.17939537769853708,5,679.0,0.24759733506491893,23,1044.0,0.029801306712507192,3,24.0,0.5494092151805907,9,513.0,0.1741658817087396,19,981.0,0.16499882079177353,15,1824.0,0.07210180541395737,20,1371.0,0.06659467175202131,14,719.0,0.1512528489159364,20,992.0,0.015367274371586926,28,1479.0,0.17520680955367215,13,1241.0,0.2719367608645143,218,13380.0
2720.0,242,2055.0,3.944337811900192,3.2538164290544067,17,506.0,0.21779067602761706,9,314.0,0.2032014489063364,1,3.0,0.7927467556356432,1,13.0,0.7523977005636125,19,1358.0,0.2200726962136374,9,712.0,0.34039973262816187,21,854.0,0.1341507037541801,3,41.0,0.7662872923397369,7,536.0,0.1769704121746001,13,970.0,0.1928681115528472,16,1495.0,0.07953646828475429,26,1497.0,0.10741087590774995,21,812.0,0.040882776287225475,26,1114.0,0.020894842011203747,35,1638.0,0.10179780656098798,18,1321.0,0.191321870872289,242,13184.0
2725.0,240,2615.0,5.0,3.114781619133877,9,546.0,0.2737931169609224,9,349.0,0.20281434282923497,1,8.0,0.6971504736032753,1,4.0,0.34002418194573697,13,1237.0,0.24289957660091652,11,693.0,0.24965356095116098,13,564.0,0.2915091322803908,1,21.0,0.6538323705995049,11,565.0,0.1868694482929635,12,1023.0,0.21634010250208058,14,1560.0,0.10496220046901848,30,1637.0,0.1323219712240475,25,934.0,0.16837347140890968,29,1260.0,0.1333131242246502,36,1818.0,0.010443846604121048,25,1430.0,0.09197971848331729,240,13649.0
2730.0,239,2954.0,5.648183556405353,3.050613214895981,8,571.0,0.2669042465681336,9,337.0,0.1993724996324576,2,5.0,0.10253017172869545,3,13.0,0.19811659689918887,12,1280.0,0.2128158277626254,18,768.0,0.12521542337525154,4,571.0,0.3500624836913208,5,22.0,0.4050506989692466,13,517.0,0.16605418131728764,12,1079.0,0.19696160616628275,14,1622.0,0.20301973826843,33,1799.0,0.1519470634551331,25,1059.0,0.2011102825693207,23,1205.0,0.21001424793872542,30,1801.0,0.10043862055083289,28,1568.0,0.04319216109105547,239,14217.0
2735.0,242,3239.0,6.076923076923077,3.195350354086855,15,632.0,0.22519443158469102,9,287.0,0.18293335091818794,5,26.0,0.422544315747687,1,10.0,0.38699047890974675,12,1326.0,0.18305029363693556,23,866.0,0.0692314047645789,6,594.0,0.29960309779236594,8,49.0,0.15651847509823813,12,393.0,0.18553937567184933,19,1163.0,0.1517272313954798,10,1481.0,0.2858732620666537,33,1964.0,0.09317537561546471,25,1180.0,0.06551476840115604,14,965.0,0.23716435906815317,22,1581.0,0.16742214432132138,28,1710.0,0.16183562562107948,242,14227.0
2740.0,231,3199.0,5.913123844731977,2.949791031985421,16,625.0,0.16773073099543206,10,327.0,0.22342854011992924,0,23.0,0.6609576491874732,1,11.0,0.4299896013866567,14,1188.0,0.12351358345202193,22,967.0,0.10366981229736734,12,646.0,0.09930104167492901,7,55.0,0.28700972769978345,11,437.0,0.19734088279339304,26,1281.0,0.12775962822165293,8,1420.0,0.1630666179079567,30,1889.0,0.04504790503172652,25,1311.0,0.04612259508637372,6,938.0,0.2007008051808477,16,1591.0,0.09626083827936327,27,1643.0,0.12735952415816634,231,14352.0
2745.0,234,3006.0,5.6716981132075475,3.1937365968395084,15,531.0,0.18294687148966382,11,370.0,0.19396428530209261,0,4.0,0.7374160708432517,0,3.0,0.8522893929975434,15,823.0,0.1600634747076261,27,1086.0,0.08866749280988453,13,605.0,0.20366583355132564,8,76.0,0.25293812933966353,13,485.0,0.1753221922969222,32,1433.0,0.07642030710273692,14,1477.0,0.06734998249447298,22,1456.0,0.19457444919840153,25,1438.0,0.2251564480476644,6,960.0,0.25845727141488495,14,1668.0,0.12102652201790542,19,1396.0,0.13264543069936333,234,13811.0
2750.0,211,2453.0,4.645833333333333,3.092810132242383,13,557.0,0.18738953943990228,11,360.0,0.17428101327494,3,10.0,0.5346953311320143,0,3.0,0.842317888851348,11,872.0,0.13789461724081942,29,1041.0,0.042839049512504335,8,452.0,0.31390488044400977,2,80.0,0.383931088760889,14,501.0,0.19548892330749998,29,1389.0,0.13016644733733976,16,1536.0,0.08959391818966816,14,1527.0,0.24506753079319385,22,1367.0,0.1736663332696759,14,1015.0,0.18739208489515186,11,1626.0,0.2467348000373414,14,1481.0,0.12640536713691755,211,13817.0
2755.0,203,1832.0,3.482889733840304,3.4836886370147107,12,620.0,0.22111679046126503,9,278.0,0.20593216796664746,6,33.0,0.24712744045771506,0,0.0,0.8841612453388119,12,906.0,0.13368110903626873,22,854.0,0.174250805819601,2,473.0,0.3622578806625837,3,43.0,0.5653167256566363,21,591.0,0.160873971430411,21,1063.0,0.1744291397249133,20,1620.0,0.13956063357106824,11,1579.0,0.15350712452245113,17,1132.0,0.1233209887154279,20,1100.0,0.1722937746530346,15,1688.0,0.242655760761226,12,1542.0,0.22822380744757925,203,13522.0
2760.0,190,1557.0,2.9657142857142857,3.117260026348149,9,583.0,0.2043151107149797,9,317.0,0.19811628580958873,0,40.0,0.27806931937559887,0,0.0,0.8968440476891487,18,985.0,0.11104014747818239,16,930.0,0.1883193816082865,7,504.0,0.14668338616871887,2,25.0,0.544239482055136,20,677.0,0.10434680504723526,13,1056.0,0.21163137940926388,22,1515.0,0.13970219505414594,9,1420.0,0.15911315276512936,11,1125.0,0.16390371118193348,24,1218.0,0.04875825790335167,20,1774.0,0.12332790495044656,10,1402.0,0.267623952040047,190,13571.0
2765.0,209,1771.0,3.3227016885553473,3.1703579408975964,8,545.0,0.16838546390040388,9,356.0,0.20310177973423763,1,13.0,0.8367864046762231,2,4.0,0.5141116839671769,25,1098.0,0.19221811321362353,14,998.0,0.10495579754678927,14,561.0,0.19946715164991122,6,41.0,0.4051542954926359,27,786.0,0.12891433168664626,9,1105.0,0.22211086367252858,19,1227.0,0.0795633038136451,5,1262.0,0.23287176046027624,9,1166.0,0.2481110034632828,29,1356.0,0.15663167162251593,25,1887.0,0.04515398720944678,7,1102.0,0.1460824586395569,209,13507.0
2770.0,236,2399.0,4.543560606060606,2.9532242789949192,9,574.0,0.1612373047507588,12,379.0,0.19043747995273197,0,6.0,0.8670741155418038,5,25.0,0.08610713594443545,29,1216.0,0.16336832185746403,9,908.0,0.129636366380323,20,652.0,0.20088634330154204,7,76.0,0.2705872411329491,29,927.0,0.13487826992644653,14,1162.0,0.21456576806583383,14,1307.0,0.11435620444721195,9,1287.0,0.239707943286149,15,1222.0,0.2655904606979439,29,1499.0,0.19782783147855598,30,2030.0,0.022689083271607513,5,1048.0,0.13742630207822076,236,14318.0
2775.0,260,3140.0,5.980952380952381,2.856057862286184,14,623.0,0.15990173108972838,16,453.0,0.11913660192096184,1,3.0,0.5825546076576291,0,25.0,0.6714258110286854,35,1356.0,0.08031546722052116,6,689.0,0.27220352636684353,19,644.0,0.17087534685504596,7,117.0,0.11677083585822971,27,940.0,0.09769733038544899,21,1252.0,0.14579149069707506,12,1373.0,0.20484869099765882,12,1336.0,0.14908199213439657,21,1314.0,0.1585734391135819,29,1642.0,0.1331814322286421,33,2188.0,0.11063179419747907,7,1078.0,0.2801997962305054,260,15033.0
2780.0,275,3326.0,6.335238095238095,2.9786402260637095,16,599.0,0.14424290744779547,23,552.0,0.13134966835974654,2,11.0,0.4690734000944599,0,2.0,0.9329767038260799,36,1535.0,0.031248786373517537,6,653.0,0.31026698767814553,17,528.0,0.12328740476992896,1,94.0,0.6485686865356154,22,833.0,0.1541745890546881,28,1376.0,0.16669765358797906,10,1229.0,0.25185188784089885,16,1202.0,0.0907158028570262,29,1446.0,0.05713642326713544,24,1564.0,0.11696014091175765,30,2114.0,0.12426950774534995,15,1143.0,0.24769931637710832,275,14881.0
2785.0,247,3201.0,6.0169172932330826,3.2155103769918614,15,503.0,0.1806306373988117,23,664.0,0.16020847055606555,3,18.0,0.6038858950044528,0,0.0,0.8425412732078553,32,1489.0,0.015294357535871226,8,686.0,0.30467940132708543,10,534.0,0.2671779003457006,0,8.0,0.8891544945441012,15,912.0,0.17808928931601387,32,1526.0,0.10267618348830271,7,1003.0,0.13546404872524803,12,910.0,0.209103509454902,29,1595.0,0.07440911984005445,17,1257.0,0.187476839153704,24,1826.0,0.08608794976937909,20,1230.0,0.22367841020860305,247,14161.0
2790.0,243,3200.0,6.0263653483992465,2.8503024516603976,16,535.0,0.15250947561554878,28,793.0,0.08551919798950658,3,17.0,0.33727454034885823,3,15.0,0.20433369622568628,25,1199.0,0.0808290911083206,11,616.0,0.3078438850472241,8,562.0,0.29159965289452094,1,6.0,0.3345993633165554,12,965.0,0.18431974804013354,34,1696.0,0.12241613085903384,8,1033.0,0.07460495306911111,11,952.0,0.25280220033889117,34,1757.0,0.12415116695268,7,1299.0,0.16723519283657876,16,1819.0,0.12214262974976169,26,1353.0,0.030979076853293944,243,14617.0
2795.0,243,3214.0,6.064150943396227,3.0568344919952573,15,594.0,0.18994687450691394,33,949.0,0.09589911080327593,7,34.0,0.008490193235104013,0,16.0,0.7610930258383594,15,1279.0,0.20307992027602975,7,451.0,0.19476094913373349,15,621.0,0.16286039643201208,7,32.0,0.11504017682201323,8,897.0,0.2030989420488121,28,1647.0,0.13059465454816643,12,1084.0,0.10008567065946293,12,1000.0,0.18418209418497383,35,1932.0,0.15652643157720172,9,1325.0,0.19994730131672545,11,1880.0,0.22242493921474157,29,1494.0,0.15789806600465284,243,15235.0
2800.0,232,3054.0,5.861804222648752,3.005566523151406,13,630.0,0.23023160291150785,36,1123.0,0.0959989311065734,3,45.0,0.16324919416397748,0,8.0,0.9141937590145383,13,1352.0,0.2138644616465741,6,472.0,0.13343448582676787,17,595.0,0.07522092709347902,1,37.0,0.5065392500804786,12,942.0,0.14946956373814343,21,1316.0,0.18210675491884817,16,1159.0,0.18053280455894005,13,975.0,0.16086776806614056,29,1869.0,0.09403838105435619,14,1389.0,0.12148224706726052,14,1938.0,0.23698079962925112,24,1416.0,0.20909014880804005,232,15266.0
2805.0,222,2618.0,4.977186311787072,3.127194507496947,20,715.0,0.14486923569744428,30,1158.0,0.11314396975231682,0,18.0,0.7654630079899756,0,2.0,0.45124862504218305,10,1237.0,0.13196819376706184,9,499.0,0.15797855613651704,12,410.0,0.23457477984296438,0,14.0,0.8497008051801264,14,1001.0,0.13914688589116944,14,1392.0,0.18418372612454673,18,1052.0,0.24306413510190428,19,1064.0,0.08588553046126807,25,1594.0,0.09035271685736815,21,1488.0,0.17089194851769587,14,1799.0,0.12159111392709274,16,1019.0,0.1484464005890083,222,14462.0
2810.0,223,2244.0,4.2180451127819545,2.970690007618769,28,837.0,0.09512304622908296,22,1055.0,0.16698357688579327,0,6.0,0.7593208775956836,6,17.0,0.21916956218995848,10,996.0,0.13070015917123634,16,567.0,0.15476340000519903,7,450.0,0.3441732221208834,2,10.0,0.5766025905984984,15,1070.0,0.15849187690153085,11,1454.0,0.20640258309549306,16,804.0,0.17281665091292045,22,1161.0,0.059792371244476734,17,1592.0,0.21532067817456457,27,1609.0,0.1569652557954643,16,1480.0,0.07897375455333099,8,1072.0,0.16157702343063163,223,14180.0
2815.0,236,2320.0,4.377358490566038,2.7291218709430023,35,994.0,0.09511156977662251,14,1072.0,0.19686338450186455,2,11.0,0.5142826658460613,2,26.0,0.21143071864801227,6,953.0,0.12755153314563136,21,665.0,0.16613280566613298,8,482.0,0.2783707550711807,5,29.0,0.35302791288671176,22,1169.0,0.11401627440948212,9,1331.0,0.21451920929480642,18,882.0,0.08435722293507854,28,1280.0,0.02145395368489322,12,1638.0,0.24546826970974375,29,1749.0,0.16017374083478067,15,1550.0,0.10651227080958847,10,1115.0,0.2441442481343292,236,14946.0
2820.0,242,2629.0,4.998098859315589,3.0776057389393836,36,1163.0,0.08220835657894929,11,1128.0,0.19525742349828326,6,38.0,0.520893432426313,0,7.0,0.7707934939952382,11,990.0,0.21931598992376963,22,672.0,0.20054797822297177,8,426.0,0.13802363285830727,5,60.0,0.45761180838434173,23,1141.0,0.13004147375905648,8,1068.0,0.20113918200641637,15,953.0,0.12201303973896592,30,1422.0,0.11832597068200848,15,1686.0,0.16799637532501688,30,1895.0,0.05616309558444287,14,1595.0,0.21394227816717162,8,977.0,0.24335056809928476,242,15221.0
2825.0,238,2795.0,5.263653483992467,3.249996740428835,36,1342.0,0.09644434694952013,13,1123.0,0.19519968731301943,7,69.0,0.5525757749257644,2,5.0,0.649166730221045,13,1048.0,0.24244089534416804,16,520.0,0.11220743461805043,9,294.0,0.2704947654856448,0,44.0,0.7399287773784871,21,923.0,0.16985774965724013,6,1091.0,0.2171381588637086,16,928.0,0.20028683448578055,33,1582.0,0.13897380898298034,17,1557.0,0.06115260174353111,25,1800.0,0.04524311701441209,16,1668.0,0.2296979377960735,8,693.0,0.11444888748877811,238,14687.0
2830.0,220,2629.0,4.904850746268656,2.941500374312159,31,1357.0,0.10990062453503685,18,1203.0,0.1469741134900815,7,104.0,0.347837466804301,4,18.0,0.2812464829050211,16,961.0,0.20674528359106775,6,520.0,0.18509806475280696,5,314.0,0.30568034631699953,0,6.0,0.7272571686600224,13,995.0,0.20463396026809832,11,1130.0,0.20740551033860524,19,1018.0,0.16865438678678718,29,1517.0,0.06170942615127221,15,1236.0,0.11620383206916518,16,1463.0,0.2407911857299445,23,1763.0,0.08277184770578923,7,721.0,0.14922547962173682,220,14326.0
2835.0,224,2349.0,4.358070500927644,3.0352737896909154,24,1202.0,0.16334032831942996,19,1284.0,0.14704660860322835,13,155.0,0.049595999452950665,1,18.0,0.17446184785652716,17,784.0,0.21702390584636566,7,545.0,0.3025111985759979,9,336.0,0.3378313218865602,1,9.0,0.406787257792805,10,1049.0,0.2035833088459836,16,1198.0,0.15516309949549464,21,1108.0,0.04400936149843465,24,1285.0,0.07359298576907332,9,1281.0,0.27100518694459097,14,1528.0,0.26720305536459454,30,1896.0,0.008150283796823005,9,745.0,0.1438187972702739,224,14423.0
2840.0,227,2311.0,4.240366972477064,3.0891373811011884,19,1183.0,0.17962368300178286,24,1385.0,0.11410975451805586,7,160.0,0.2917169478675397,0,9.0,0.7662291961214862,13,789.0,0.12760593589576422,13,596.0,0.2944846635370856,15,396.0,0.20713062304169885,0,7.0,0.530800886104272,8,966.0,0.2115840350125752,22,1301.0,0.14005366651177387,27,1211.0,0.05982534507811811,14,1295.0,0.22222455564926516,9,1312.0,0.2188204157866452,13,1587.0,0.193746488033739,28,1813.0,0.14318465947024178,15,812.0,0.0853049876712692,227,14822.0
2845.0,245,2450.0,4.545454545454546,3.4535638539527973,15,1214.0,0.20470457848044205,30,1523.0,0.10845452131781443,0,79.0,0.5666353556587465,0,6.0,0.8722653534796337,12,827.0,0.13234013094735278,20,679.0,0.11487854194658689,22,490.0,0.06399800225029446,0,4.0,0.8525160544535035,8,773.0,0.23500606081754793,23,1238.0,0.15095497663321922,31,1357.0,0.008617885778272575,13,1343.0,0.2652527699939435,16,1372.0,0.1332856161364402,11,1417.0,0.16711907692182632,22,1373.0,0.2742416448788573,22,908.0,0.2580279699356013,245,14603.0
2850.0,248,2769.0,5.185393258426966,3.314945989366206,9,1251.0,0.197009935390882,33,1682.0,0.0955216798607304,2,17.0,0.5423850405566667,0,4.0,0.6943608496292393,11,755.0,0.16733763658235132,27,805.0,0.0272962516307381,19,509.0,0.027927072549211316,0,4.0,0.6247591914122849,7,802.0,0.20577951383154408,20,1008.0,0.17417992709465477,34,1521.0,0.012099715189980372,13,1397.0,0.24372423657861386,21,1467.0,0.046532580235627105,10,1074.0,0.1455061184421534,15,1459.0,0.22322116282024912,27,1034.0,0.19659340893611588,248,14789.0
2855.0,250,3135.0,5.870786516853933,3.430027865743732,17,1289.0,0.19035003583364873,37,1860.0,0.07310776219089553,1,17.0,0.47452112757175985,1,7.0,0.49394280511247146,12,580.0,0.25491772721703126,23,807.0,0.14701628674312062,9,377.0,0.1343272705386315,0,4.0,0.8329494286980148,10,835.0,0.2403542196346061,13,917.0,0.22156987626249647,31,1482.0,0.13500775353770048,20,1488.0,0.1581335206149467,28,1589.0,0.14000144801582343,6,1106.0,0.14311591146072491,12,1526.0,0.1431314909234381,30,1178.0,0.19847868648099729,250,15062.0
2860.0,249,3531.0,6.764367816091954,3.4161421246927093,23,1389.0,0.12874177070531395,37,2045.0,0.0934360548102251,1,5.0,0.49881271291180207,4,19.0,0.3883817175180375,7,608.0,0.20587725306279137,19,671.0,0.2142167198973602,1,364.0,0.43462348184586835,0,6.0,0.8552212651384691,16,902.0,0.18398116666792172,11,971.0,0.23323544221920076,22,1186.0,0.2565616664203217,25,1605.0,0.12060878215856038,30,1739.0,0.19661530479772862,10,1131.0,0.24704598441623954,13,1583.0,0.08130614169571554,30,1328.0,0.20835770551685784,249,15552.0
2865.0,267,3870.0,7.413793103448276,2.9989867243130695,30,1524.0,0.08330945901121682,32,2026.0,0.09521437292510718,0,4.0,0.4999228869301646,4,33.0,0.4218327910575232,12,626.0,0.12339140160848752,15,755.0,0.22793533919770398,5,380.0,0.3485788290067501,0,2.0,0.8863897194793621,22,1003.0,0.15166441601602007,13,1029.0,0.19645877653791233,15,1268.0,0.2674966938506158,33,1755.0,0.05056492516302425,30,1885.0,0.14816831683335813,11,988.0,0.2793448801800774,21,1670.0,0.1027667494102647,24,1243.0,0.16233996310703872,267,16191.0
2870.0,281,4136.0,7.833333333333333,3.289132227221958,35,1690.0,0.07523386034647798,23,1799.0,0.17264000902290574,2,14.0,0.74090212698615,2,21.0,0.3530712615939176,16,686.0,0.1421072833702561,10,817.0,0.15016482317670585,13,424.0,0.19935139818805345,2,3.0,0.27302177091354396,23,1120.0,0.2139333762909415,19,1113.0,0.13295336643292732,13,1340.0,0.2381402414143755,36,1931.0,0.024936583808216225,30,2035.0,0.11007584387006379,9,614.0,0.24567151460312767,29,1797.0,0.1586452405893931,19,1018.0,0.14357755116718512,281,16422.0
2875.0,275,4025.0,7.537453183520599,3.083836782872097,37,1871.0,0.09348333502459738,15,1792.0,0.194418908400503,2,24.0,0.6403636053921314,3,20.0,0.15317974265571266,18,641.0,0.07175141780470067,16,891.0,0.11281582601023732,11,401.0,0.045247739755545434,3,23.0,0.20549289831114378,26,1241.0,0.12349288695939675,27,1235.0,0.1478290303431103,15,1405.0,0.2011966939571027,30,1888.0,0.03891279321483859,25,1909.0,0.14891222615258337,6,335.0,0.29481612562306525,29,1686.0,0.18855369754384516,12,1087.0,0.13313628504571964,275,16449.0
2880.0,258,3669.0,7.028735632183908,3.0984965728865084,38,2058.0,0.09174110627015415,10,1843.0,0.2019800821541429,1,11.0,0.2237858645436144,4,34.0,0.24780480748505415,19,499.0,0.0768703817692531,17,854.0,0.1897563874518758,10,295.0,0.14665319841058355,3,40.0,0.697826210715989,29,1384.0,0.09129256214363271,28,1375.0,0.09133545406857686,23,1503.0,0.07357652090900814,21,1603.0,0.21094010553360196,17,1557.0,0.16831272952539855,4,347.0,0.4494587161690698,25,1379.0,0.23315872072545302,9,1112.0,0.186150416913965,258,15894.0
2885.0,238,3466.0,6.782778864970646,2.9772475522979387,32,1943.0,0.10938935320064745,8,1701.0,0.2273266912869452,5,20.0,0.24430622689632986,0,19.0,0.7033068469101977,14,517.0,0.11765136669884867,15,665.0,0.2812331314755156,3,301.0,0.43397749519316603,3,55.0,0.7166661009500835,30,1536.0,0.13236960483591148,28,1515.0,0.09195423572812425,28,1631.0,0.03537063495392982,17,1690.0,0.2155805562872068,13,1529.0,0.1795320726922802,8,347.0,0.3845625981884932,19,1380.0,0.15231484844286639,15,1166.0,0.08472981929717927,238,16015.0
2890.0,232,3398.0,6.598058252427184,2.99987501456437,22,2067.0,0.13446219728818407,9,1398.0,0.21399765241148408,2,21.0,0.49095812797198607,0,6.0,0.8726509907927715,12,560.0,0.22099908771565985,14,731.0,0.2192988697470951,7,320.0,0.335152038126135,1,26.0,0.25425533255960137,31,1687.0,0.14505483511378992,28,1655.0,0.14733478831176136,35,1790.0,0.0006986320138858059,13,1744.0,0.1420306169540806,10,1579.0,0.19132913978802468,14,400.0,0.16127606090787033,13,1444.0,0.17126774627122066,21,1261.0,0.05495019104571422,232,16689.0
2895.0,246,3454.0,6.629558541266794,3.355586866163967,22,2179.0,0.1235405068320648,7,1423.0,0.18170945651165848,2,20.0,0.6904867300603231,0,4.0,0.7797073161126996,15,627.0,0.2953975891909254,12,796.0,0.12704259838632817,14,372.0,0.1614437131306417,3,15.0,0.26862560780717076,30,1648.0,0.11912450861221476,28,1799.0,0.11144781261418468,30,1770.0,0.11318299986044836,15,1812.0,0.11060313333292059,12,1635.0,0.1598399183748304,19,488.0,0.1268418698409409,14,1499.0,0.15261174605694564,23,1181.0,0.19700743210391958,246,17268.0
2900.0,242,3293.0,6.284351145038168,3.3417822844466603,20,2283.0,0.1085464155781569,9,1459.0,0.21974315063787,0,8.0,0.5653780708161836,0,2.0,0.7592214260437694,22,719.0,0.24839584862239972,9,735.0,0.11003006461227845,21,467.0,0.05599270814987244,1,13.0,0.5514711039299534,21,1395.0,0.15836363362810105,28,1939.0,0.16541148574145076,25,1905.0,0.17326592355568374,22,1909.0,0.1477701546057987,15,1470.0,0.11975292599090666,13,462.0,0.2223343309328775,21,1589.0,0.04856127930761642,15,950.0,0.2573784288753369,242,17305.0
2905.0,230,2865.0,5.509615384615385,3.532354724114653,22,2386.0,0.12558996009729512,17,1531.0,0.14218529591408566,0,4.0,0.7463736574151187,1,4.0,0.4739851702482608,28,848.0,0.13814054207572596,5,517.0,0.14059174890420664,17,475.0,0.2982320347957843,3,20.0,0.6506265940070624,13,1290.0,0.22868844595193114,28,1845.0,0.12023535825608257,23,2017.0,0.15261184243279755,29,2041.0,0.16020245110114198,13,1151.0,0.12183304209791575,3,294.0,0.40907560173234847,22,1475.0,0.1045117627785394,6,856.0,0.2112491317945799,230,16754.0
2910.0,233,2583.0,5.044921875,3.450507895905132,23,2290.0,0.12641465018631753,27,1651.0,0.12159851856432881,2,6.0,0.38303862317767096,5,25.0,0.2630375481362259,35,1011.0,0.07702590854390688,7,546.0,0.2973176210632505,10,369.0,0.3022496932683322,3,35.0,0.7211819743753487,10,1344.0,0.19882310555138136,22,1518.0,0.1601074880068069,21,2125.0,0.09483640238645705,32,2193.0,0.08652812962568528,8,1200.0,0.26160252597602474,2,269.0,0.23790156768119167,20,1206.0,0.18988449727787296,6,884.0,0.2103278599117182,233,16672.0
2915.0,221,2471.0,4.807392996108949,3.472492513986158,22,1994.0,0.1508658546314157,27,1773.0,0.16715903517120043,4,23.0,0.3663129782529072,0,24.0,0.7874896192506168,31,1026.0,0.03767801056128913,7,576.0,0.3040955153209987,7,332.0,0.21774262476734033,3,50.0,0.6753396402237655,12,1394.0,0.2079012204222961,14,1504.0,0.19335863879673973,18,2007.0,0.037087531594143554,32,2361.0,0.049222339871157914,8,1234.0,0.2615368406500988,8,297.0,0.10626629565279266,16,1195.0,0.19006845055889168,12,934.0,0.2524064145626496,221,16724.0
2920.0,231,2465.0,4.8619329388560155,3.335953442160251,19,1796.0,0.20813675086696531,32,1914.0,0.12548954312710933,0,16.0,0.7283040553261375,0,2.0,0.9088317259885724,25,928.0,0.13827837285344505,14,633.0,0.21000240531048375,7,365.0,0.16855717811142049,5,71.0,0.1455204086410455,20,1480.0,0.1270110483014728,10,1563.0,0.22537675771680724,17,1901.0,0.05464413763717516,27,2254.0,0.1462587218993662,14,1273.0,0.07114103085350096,9,263.0,0.22350686137894732,14,1271.0,0.16782950995151083,18,1014.0,0.20194681323086014,231,16744.0
2925.0,222,2275.0,4.568273092369478,3.1766128850627102,9,1842.0,0.20177914793865495,32,1857.0,0.09450715487932437,0,0.0,0.8590959037613182,1,4.0,0.28906164561676373,14,910.0,0.18835246887719614,14,595.0,0.18819181516748054,7,335.0,0.30148982575477934,11,122.0,0.1546168016152626,25,1592.0,0.14165155407287688,9,1396.0,0.21270011634536243,21,1998.0,0.06784185473653682,20,1921.0,0.21629634236610393,21,1368.0,0.16258217905179637,3,151.0,0.43524858729355104,10,1143.0,0.14217674226641883,25,1126.0,0.06881915811364564,222,16360.0
2930.0,205,2135.0,4.304435483870968,3.454552878018876,12,1874.0,0.23673295872691125,23,1561.0,0.1585126962754583,0,2.0,0.4660523617889315,5,19.0,0.2028049831964129,12,966.0,0.15823582976522427,12,425.0,0.24749440278602675,4,235.0,0.44589767558170956,11,177.0,0.45594675227711895,28,1729.0,0.16202614766135884,7,1069.0,0.2117444632541865,17,2069.0,0.166120276552467,14,1911.0,0.12035180171838508,25,1485.0,0.15568099362486879,2,128.0,0.27618940501012684,7,890.0,0.14767791876293823,26,1084.0,0.09006445527166222,205,15624.0
2935.0,195,2139.0,4.32995951417004,3.367920152794176,18,1948.0,0.17970941771631957,14,1533.0,0.19656222132238577,4,17.0,0.40007661812135503,0,21.0,0.6173816858174893,12,1024.0,0.13051836201177583,6,454.0,0.2025377471118247,1,193.0,0.2899946698031826,11,232.0,0.3377151116117373,32,1878.0,0.12367819391363948,4,1015.0,0.2509288071408344,19,2141.0,0.2142987067269512,11,1978.0,0.1281562322731038,29,1626.0,0.17475537737233254,7,153.0,0.08123061739222734,7,907.0,0.18134312138198838,20,900.0,0.2118881203861729,195,16020.0
2940.0,211,2434.0,4.868,3.354526497019851,25,2058.0,0.09473423937618045,10,1583.0,0.20512389493841057,0,22.0,0.6749426299742947,0,0.0,0.6336567095145229,13,982.0,0.13136322003865353,8,490.0,0.16551485982089917,7,217.0,0.15862695330394072,15,296.0,0.009587788569861207,29,1801.0,0.10397610529876582,7,1042.0,0.2629334143130209,25,2251.0,0.15404309488811174,8,1797.0,0.260214941064563,30,1774.0,0.1596204825067256,11,200.0,0.3036704275838581,10,946.0,0.20192133363174097,13,908.0,0.20798516316889812,211,16367.0
2945.0,227,2544.0,5.077844311377246,3.1530725893475857,27,1959.0,0.11130931936805256,12,1535.0,0.21024714983084994,1,5.0,0.4712784562573429,0,0.0,0.30439762128825915,10,826.0,0.17583864441750602,9,443.0,0.3368167583381318,13,272.0,0.21152485097396004,19,388.0,0.040462730432189,20,1468.0,0.16322379361127554,13,1101.0,0.24685620620858426,33,2398.0,0.04813379783003133,5,1421.0,0.31046483368531635,26,1662.0,0.11910880849154858,11,259.0,0.3933318776418261,16,1011.0,0.2232748906921764,12,967.0,0.10380436643504798,227,15715.0
2950.0,231,2566.0,5.081188118811881,2.9147701897763962,24,2075.0,0.12299469123927945,17,1607.0,0.14718110342938331,0,4.0,0.22662522634637933,0,2.0,0.8409213104583069,10,596.0,0.18678277244142982,5,306.0,0.2940051883942011,20,361.0,0.3034517032203259,19,483.0,0.2009025198899807,14,1458.0,0.21112546863456602,19,1183.0,0.1690987061941412,33,2327.0,0.034818251690791405,5,1443.0,0.22658356645292382,24,1330.0,0.08868661208200204,11,310.0,0.395292216906461,18,954.0,0.2045769517852509,12,1025.0,0.14886182300809217,231,15464.0
2955.0,229,2618.0,5.246492985971944,2.6972722576647237,23,2195.0,0.1145188337686422,18,1685.0,0.11587579733477313,3,15.0,0.19159270270020323,0,4.0,0.8560807002877919,6,630.0,0.20344308186757698,1,243.0,0.14035084923003038,23,467.0,0.08880780243439561,19,578.0,0.23018825783850488,9,1512.0,0.19117733760807346,26,1301.0,0.11490006220725978,24,1895.0,0.16347797596506855,10,1485.0,0.17734627025690097,15,1304.0,0.236130236272421,12,366.0,0.2808283889254749,22,776.0,0.08548612382624723,18,1107.0,0.19021224361191597,229,15563.0
2960.0,250,2839.0,5.577603143418467,2.8731611207225507,21,2307.0,0.09443628736212147,23,1787.0,0.13424458985989726,0,12.0,0.7087492880068719,1,7.0,0.6767674075445067,8,658.0,0.22306775731385667,8,266.0,0.17503614813142482,29,601.0,0.013446880305887383,14,546.0,0.08660957965607628,15,1571.0,0.19066826855371505,29,1445.0,0.11793560083480913,16,1695.0,0.2697780636896281,14,1549.0,0.21368593869931765,11,1352.0,0.2600857520983504,14,431.0,0.17463374565323495,21,864.0,0.07043120094636214,26,1224.0,0.1410890805716798,250,16315.0
2965.0,250,3042.0,5.895348837209302,2.7926614657241275,24,2415.0,0.11756928089751931,26,1910.0,0.12045660015365914,0,8.0,0.7925731654268315,3,13.0,0.1497515098635424,6,601.0,0.29039558304185714,12,315.0,0.16114752206912067,29,748.0,0.11169330589304007,8,414.0,0.15509229234635286,20,1659.0,0.1324322726193146,29,1590.0,0.11910822034872041,7,1628.0,0.25304927731172205,17,1413.0,0.2394538049563911,11,1183.0,0.20620233114256495,18,521.0,0.2402653268328862,13,916.0,0.12636508701552202,27,1185.0,0.07234906251357487,250,16519.0
2970.0,244,3043.0,5.885880077369439,2.887041118891878,24,2280.0,0.1161248194629623,29,2053.0,0.0963698343083059,0,6.0,0.6788317048505805,6,29.0,0.10506786381868999,5,412.0,0.2968854704500551,12,299.0,0.12309248529628361,29,897.0,0.1539010536653377,2,379.0,0.395734485334639,27,1782.0,0.09276529652724101,23,1506.0,0.11680112715514908,8,1657.0,0.23251599090872868,16,1080.0,0.18018486371598696,11,883.0,0.20384630352620636,13,483.0,0.30177164633099535,15,914.0,0.18565788678074263,24,992.0,0.08162373101503173,244,15652.0
2975.0,233,2882.0,5.48952380952381,2.87056252943356,23,1902.0,0.145459060928156,25,1929.0,0.16360046356438704,4,20.0,0.5692052584449322,7,62.0,1.7924866512755723e-05,5,430.0,0.17498481077581016,11,232.0,0.11232993103527934,29,1038.0,0.1043830216803505,7,387.0,0.4010826890321213,29,1931.0,0.13981958402416061,14,1207.0,0.23523803066198484,14,1713.0,0.12156115711446223,12,1141.0,0.1325811348074655,8,836.0,0.14297951737324407,9,323.0,0.16412175243056398,21,1003.0,0.21855059390149648,15,1081.0,0.11268750954164654,233,15235.0
2980.0,222,2713.0,5.0427509293680295,2.992457966758491,20,2010.0,0.16839893202942446,22,1451.0,0.162939826798097,1,19.0,0.4609650976359766,1,57.0,0.15508585886334614,10,473.0,0.11888986339376714,11,244.0,0.24405246631297142,34,1202.0,0.02755577474768793,12,436.0,0.17784444326006085,23,1822.0,0.17839613062569276,7,1163.0,0.25943828875081365,21,1806.0,0.06202480050709064,10,1189.0,0.1561275857319053,8,853.0,0.1975429859351549,5,304.0,0.17160101149354687,25,1090.0,0.10501500575309036,12,1124.0,0.20948315249030258,222,15243.0
2985.0,240,2923.0,5.504708097928437,3.131222982981946,18,2107.0,0.1348940438950907,15,1528.0,0.1863753377004381,6,32.0,0.5688902982267509,0,13.0,0.8169282494184676,16,540.0,0.2185506947201796,8,288.0,0.23526277476581245,36,1380.0,0.09140116997891112,12,496.0,0.0,20,1389.0,0.15718488628357896,8,1194.0,0.2771612920438658,21,1694.0,0.03633937409845987,16,1260.0,0.10222676285725422,14,905.0,0.1414467660530659,7,318.0,0.2766512249629811,28,1183.0,0.06153122822695718,15,1193.0,0.28173993438155676,240,15520.0
2990.0,245,2885.0,5.495238095238095,3.0185530094147786,17,2169.0,0.14351844366920755,12,1594.0,0.19672799010121764,6,62.0,0.5211952044853669,0,4.0,0.8773087822365139,16,515.0,0.263803951609087,14,344.0,0.21284688417153386,30,1401.0,0.16791040201553972,6,433.0,0.12402958160817616,14,1380.0,0.20760496010701818,13,1252.0,0.18989152937997006,19,1374.0,0.10535949163223338,16,1120.0,0.2136715262520627,20,996.0,0.030069401051986012,15,374.0,0.2630422425431885,30,1327.0,0.06125070903096023,17,1097.0,0.17113201230264627,245,15442.0
2995.0,253,2905.0,5.5018939393939394,3.2114454737158904,23,2235.0,0.160039238531378,15,1656.0,0.20138468249496183,6,92.0,0.5273243228871556,0,0.0,0.8680999690647397,12,385.0,0.2729790477676157,20,434.0,0.11204817575807252,22,1250.0,0.25146838109242325,0,238.0,0.6783903702264003,9,1436.0,0.22575021540958104,21,1341.0,0.12995539117599564,15,1345.0,0.22511625562167514,13,797.0,0.24065930755055975,27,1127.0,0.1818081272482141,18,458.0,0.1371889353615725,33,1488.0,0.004384752785919632,19,908.0,0.09615238096408527,253,15190.0
3000.0,270,3324.0,6.271698113207547,2.725550328442929,29,2360.0,0.09537315495131118,16,1390.0,0.13632351903390127,6,122.0,0.5102686462602615,1,1.0,0.5835764150666491,15,449.0,0.1401271066754371,29,566.0,0.02847095614453591,14,1264.0,0.24959163782841803,2,204.0,0.5778616963377319,8,1288.0,0.23730077114947506,28,1472.0,0.11227634854282667,10,1410.0,0.29564160012942525,14,861.0,0.13621517770180994,32,1275.0,0.14052567584704334,18,548.0,0.17320039067120027,37,1666.0,7.481525945923008e-05,11,852.0,0.15881654492863354,270,15728.0
3005.0,256,3215.0,6.020599250936329,2.6999506729641727,31,2224.0,0.10500088134353393,13,1453.0,0.18527124833338773,2,94.0,0.32503785828008436,4,19.0,0.4364550957703986,13,518.0,0.113627607197927,32,705.0,0.14019122930457983,11,1318.0,0.19147053830505575,7,229.0,0.2186188558931221,7,970.0,0.22923958103695088,31,1620.0,0.13846067354388583,12,1370.0,0.22647051615213537,10,924.0,0.12067389577528721,33,1435.0,0.04895674880636754,12,498.0,0.20995635127904871,31,1635.0,0.020846724647646944,7,863.0,0.3396855086309906,256,15875.0
3010.0,230,2874.0,5.292817679558011,3.0327108700498884,24,1831.0,0.14849049570675285,12,1515.0,0.2090579143103451,0,8.0,0.5595210927579255,2,23.0,0.4973860173646463,11,473.0,0.11291182298865854,33,868.0,0.17572420759263807,13,1374.0,0.17263034852310497,6,176.0,0.11583064119076888,5,988.0,0.2045475732953445,29,1544.0,0.11153225191596339,17,1148.0,0.11224230585987618,16,989.0,0.21672177566058787,29,1377.0,0.033154777385403955,4,335.0,0.28480518518427944,22,1409.0,0.07914280041599667,7,778.0,0.2967219057821323,230,14836.0
3015.0,207,2464.0,4.529411764705882,3.270465913341469,17,1604.0,0.19139893081533518,10,1339.0,0.15020711447649868,2,8.0,0.559781005178002,0,12.0,0.7659196584838377,16,499.0,0.06711816604266263,35,1035.0,0.09186778960520801,16,1302.0,0.05683710756225979,2,49.0,0.4967162458040587,8,1022.0,0.2257216722556635,23,1256.0,0.14564043076188982,16,1218.0,0.06256062229445716,16,883.0,0.17729282042517616,19,1134.0,0.21562582497348592,4,341.0,0.39043037892810845,14,1038.0,0.17263034517456846,9,597.0,0.1433939202281598,207,13337.0
3020.0,183,1872.0,3.4730983302411875,3.385501382622915,7,1660.0,0.18616058012117898,7,888.0,0.20484783426070063,6,30.0,0.4299201852171742,1,11.0,0.652960608029329,14,567.0,0.05182285877709278,31,1081.0,0.042387149051755876,17,1114.0,0.2307413743774524,2,43.0,0.6050567276818146,16,1090.0,0.19402493214291114,17,852.0,0.22565109139649112,15,1260.0,0.09009431171164753,15,874.0,0.05754144738807394,14,1121.0,0.24548493335656152,10,375.0,0.15683459127714144,4,842.0,0.4066236390295268,7,568.0,0.1230857004366177,183,12376.0
3025.0,174,1443.0,2.707317073170732,3.447411920688472,7,1659.0,0.2121980947626715,6,904.0,0.22121261270684212,3,39.0,0.36864723714385905,3,28.0,0.551630514196654,14,598.0,0.0757769364761672,23,1006.0,0.19519227128008915,9,1162.0,0.19031303978946687,6,66.0,0.4929417934477817,25,1199.0,0.13293141894283006,10,672.0,0.35724115733925105,16,1320.0,0.06772494174763052,15,951.0,0.05256293319793112,13,1185.0,0.11751275499350923,15,440.0,0.005201524308401905,0,747.0,0.5556739744524913,9,581.0,0.14283369491846468,174,12557.0
3030.0,185,1600.0,2.985074626865672,3.5341964798345913,14,1709.0,0.19131500489388792,11,946.0,0.20774380537650722,0,19.0,0.5943817099192114,0,19.0,0.5236181453380735,20,661.0,0.03311280759617035,14,1028.0,0.2585178661588707,11,1187.0,0.12714024285197378,5,64.0,0.10274255251487016,27,1318.0,0.09882569640416687,3,554.0,0.40198908916874027,21,1416.0,0.17116334721531548,12,1011.0,0.15166194952259646,16,1250.0,0.10272986719362363,19,536.0,0.04592104408981218,2,751.0,0.3587575049261311,10,521.0,0.24162940118884774,185,12990.0
3035.0,218,2063.0,3.8488805970149254,3.579207056291053,16,1541.0,0.148232502989629,14,1006.0,0.2009774643071477,2,17.0,0.48066411918748403,0,4.0,0.8394680352296439,27,787.0,0.023660609249608958,11,1079.0,0.16357966489384956,15,1251.0,0.1313710119371221,3,37.0,0.4516100941350944,32,1466.0,0.12309772186615546,6,531.0,0.302273673014445,27,1544.0,0.15515117095005107,14,905.0,0.237260842358176,15,1169.0,0.19494826282596778,19,635.0,0.2143170467703581,9,780.0,0.1873870580498407,8,357.0,0.24616348003691857,218,13109.0
3040.0,240,2461.0,4.634651600753296,3.2963442844144497,16,1172.0,0.1571337348054719,16,929.0,0.19673477359378685,6,42.0,0.37611274990793375,2,4.0,0.5682187837479201,27,813.0,0.12052924794104732,14,1145.0,0.11688817133062186,22,1346.0,0.18495876419221108,3,33.0,0.4603987998787692,32,1630.0,0.12422228034557355,12,574.0,0.1830528282652897,35,1702.0,0.08595402102528865,11,674.0,0.19964608545091847,12,877.0,0.32476229707620313,13,595.0,0.4362767941771002,14,839.0,0.18730549243771102,5,369.0,0.12708642279465662,240,12744.0
3045.0,247,2515.0,4.754253308128544,2.9291011639969944,13,1129.0,0.1816285978095516,15,852.0,0.12869311066096983,9,79.0,0.13265571826250394,2,14.0,0.0,22,738.0,0.2698904463163115,13,1102.0,0.2089657342464469,28,1473.0,0.13768954042851342,6,48.0,0.23589156166025493,27,1549.0,0.12163496131380985,18,662.0,0.15984011767409675,34,1641.0,0.02714075788941578,10,726.0,0.13356019424413837,10,925.0,0.24254763468070462,8,418.0,0.308605733293455,21,932.0,0.13437326094371005,11,414.0,0.12441357590936651,247,12702.0
3050.0,230,2389.0,4.533206831119545,3.103896738472961,15,1174.0,0.20442947941189815,15,924.0,0.1533636782343285,11,130.0,0.33292731132624515,0,2.0,0.4432540567741189,17,790.0,0.23728803028781317,11,943.0,0.2548166813926523,30,1624.0,0.046668717270989105,2,46.0,0.18401115601305956,21,1240.0,0.18312949481931717,18,752.0,0.32296882803468074,25,1332.0,0.1688906540531239,11,774.0,0.17559529999383708,11,983.0,0.17270288382602889,5,396.0,0.22438461709493007,23,912.0,0.055093850004222004,15,480.0,0.21336741901279527,230,12502.0
3055.0,221,2332.0,4.433460076045628,3.141880601901022,15,1237.0,0.21173508859544304,14,995.0,0.1729025014669046,12,190.0,0.35399299178915095,0,2.0,0.8258895621670632,12,849.0,0.12560612855661482,12,991.0,0.15755223682348302,29,1592.0,0.021242229150016587,2,22.0,0.4636621320379863,14,1234.0,0.22044931191017003,20,845.0,0.17371362923771413,14,1225.0,0.29090454790961273,12,712.0,0.21820838027541375,16,1051.0,0.1245954715803215,6,418.0,0.2586459105225818,22,792.0,0.07494307986315847,21,579.0,0.24797087247883343,221,12734.0
3060.0,221,2009.0,3.8709055876685934,3.1863586216964808,18,1103.0,0.15868992861209308,22,1086.0,0.15049999795643643,7,186.0,0.20025810762597507,0,6.0,0.8093385512711818,12,908.0,0.15157438863982012,11,1053.0,0.16175652597950008,20,1365.0,0.14421927614549704,0,8.0,0.8455115279936618,12,1296.0,0.18648060364953725,20,789.0,0.1316564758018664,11,1268.0,0.23534477812413396,7,551.0,0.23910823221702177,21,1146.0,0.14463235949417985,15,475.0,0.15807133931353531,17,882.0,0.1704197428031669,28,702.0,0.08098767429781847,221,12824.0
3065.0,222,1969.0,3.7433460076045626,3.3501255960441916,15,937.0,0.1464877465059413,23,1018.0,0.1324934975644225,5,87.0,0.2188415225206509,2,9.0,0.6812745459561016,15,874.0,0.17723992107163808,16,1120.0,0.2518604686792901,11,949.0,0.23257483080023994,0,4.0,0.8358217923014585,14,1360.0,0.21012326055360322,12,611.0,0.2091682184213517,9,1143.0,0.1401358329787535,7,575.0,0.15172481890216732,27,1269.0,0.16664638872430015,19,565.0,0.00031623779874211214,14,943.0,0.2085191078490015,33,864.0,0.040410170050974324,222,12328.0
3070.0,217,2066.0,3.8981132075471696,2.8470264668760463,16,1000.0,0.1579463972639013,19,1105.0,0.12111009615530693,3,95.0,0.261062661607189,1,13.0,0.5115799503602328,14,756.0,0.167507467325898,21,1214.0,0.15128261723251282,5,983.0,0.2124233182763387,2,9.0,0.5090193863361688,22,1452.0,0.15413749646162941,4,635.0,0.25457031987417783,9,886.0,0.11845176000542558,10,618.0,0.09794096776679946,34,1419.0,0.10113318638716805,13,523.0,0.0726553849828479,11,866.0,0.12742993343055828,33,1031.0,0.15221164199851764,217,12605.0
3075.0,218,2216.0,4.196969696969697,2.7242442193045875,15,1067.0,0.168744107999649,22,1210.0,0.12472620373732493,4,89.0,0.5379714996357551,1,6.0,0.26971194413983046,12,807.0,0.08650917626021515,22,1185.0,0.044711612047677166,9,1016.0,0.3178537240361528,5,28.0,0.3732334891277709,22,1351.0,0.09755801606729005,9,666.0,0.2373017469519464,3,896.0,0.220658657275639,14,678.0,0.20019776315698043,29,1392.0,0.05599540977331362,3,344.0,0.4067710293415921,14,873.0,0.08362683426011756,34,1200.0,0.14632341861342713,218,12808.0
3080.0,206,1948.0,3.654784240150094,3.167209843109847,19,1146.0,0.15691231278800438,14,1104.0,0.13866496324141814,1,52.0,0.41699147651713725,7,30.0,0.24547458101266473,12,851.0,0.1293293500119611,22,1020.0,0.0826027592363734,8,893.0,0.3396561538726265,5,41.0,0.4748347399088555,18,1021.0,0.1743480660516199,9,597.0,0.32516806941746934,9,898.0,0.21136532898699048,18,711.0,0.18943752824078564,21,1183.0,0.0893181144358635,2,311.0,0.5529791517244959,10,927.0,0.15126562804539073,31,1207.0,0.04580610538621044,206,11992.0
3085.0,194,1638.0,3.033333333333333,3.1822663458843956,21,1079.0,0.13134800162261695,11,881.0,0.17993946832993687,4,25.0,0.4402393886329968,8,69.0,0.47467736845590586,17,918.0,0.1778795154438512,13,1096.0,0.11161605630372463,6,628.0,0.16583509343640762,3,31.0,0.60324545516757,11,1076.0,0.22203885248688987,7,420.0,0.25593546098288983,10,816.0,0.11249913049351794,22,818.0,0.096152109035812,14,1185.0,0.1231638792334855,7,332.0,0.24034899703082654,15,970.0,0.18212811326672435,25,1053.0,0.07614146480125654,194,11397.0
3090.0,188,1445.0,2.6465201465201464,2.9516189739980954,17,1156.0,0.10364472467117342,11,926.0,0.15605547134751097,6,54.0,0.5839980601543456,2,68.0,0.5188008233293265,24,1023.0,0.19505257415379587,9,1145.0,0.1113217005200008,5,582.0,0.12996443548181605,2,26.0,0.4140860080888858,10,1117.0,0.21255699299121966,3,377.0,0.271252592250521,11,747.0,0.08546741879708114,30,967.0,0.03323223805616055,11,1239.0,0.23033677985755047,13,392.0,0.04876732724931957,21,1059.0,0.0997742901683597,13,1002.0,0.11738498780954161,188,11880.0
3095.0,222,1751.0,3.2010968921389398,3.010177669611617,22,1243.0,0.12849184035264005,14,988.0,0.17207344669957758,2,48.0,0.35653410190676116,1,27.0,0.3566756057921475,28,1139.0,0.11941293593545312,14,1203.0,0.20544115089254744,9,616.0,0.17960503679488993,6,37.0,0.16105075318885625,14,1172.0,0.18310790437863275,8,399.0,0.2559939073564368,10,788.0,0.17919329535306106,29,1103.0,0.13747455879055104,8,1123.0,0.33060115470414003,19,482.0,0.21311272653612573,29,1190.0,0.03397777941347974,9,1033.0,0.1402471626524483,222,12591.0
3100.0,249,2372.0,4.336380255941499,3.2134375610973787,17,1163.0,0.1341924148974141,11,895.0,0.2073088500486846,6,36.0,0.17057847857204367,6,24.0,0.001105114067565346,35,1297.0,0.06729895850419806,19,1287.0,0.16562930457674005,8,519.0,0.24668925222065305,10,80.0,0.21290447772914142,20,1265.0,0.1493552145971352,13,453.0,0.17789423376900704,12,829.0,0.18410355720349134,30,1222.0,0.1541589638807147,7,876.0,0.24173496749789145,19,575.0,0.36227669858537453,30,1087.0,0.12232581036481785,6,945.0,0.288739356049975,249,12553.0
3105.0,261,3096.0,5.76536312849162,3.263554387471044,13,983.0,0.1447596700208619,11,697.0,0.1917143100264044,8,74.0,0.36184549516797754,1,31.0,0.4948228051091558,36,1477.0,0.01615395429489844,26,1398.0,0.05527286056586121,4,332.0,0.3992024504899724,11,141.0,0.31710928000971145,28,1391.0,0.12538824659399314,19,541.0,0.1610162500345586,16,847.0,0.13680061634331186,34,1374.0,0.04208832743977276,7,840.0,0.2291940167913805,20,669.0,0.16724757767592666,24,1203.0,0.14412440090387357,3,778.0,0.37106485572253645,261,12776.0
3110.0,261,3646.0,6.802238805970149,3.006010956614431,10,1030.0,0.16919617323841257,8,677.0,0.19387802836403784,8,114.0,0.48350961150687494,0,6.0,0.7960379320596014,31,1495.0,0.13794496988167382,30,1545.0,0.07174066419491097,2,311.0,0.34010604305822967,11,196.0,0.3603661817621582,34,1549.0,0.1005649692966718,19,636.0,0.16840535584390615,23,954.0,0.04471209608229088,35,1553.0,0.025988448285862432,7,866.0,0.2500980872694132,21,647.0,0.12690598660328997,20,1306.0,0.0510058062118664,2,743.0,0.33612377305245333,261,13628.0
3115.0,260,3576.0,6.7727272727272725,3.0615492869123417,14,1083.0,0.19214298187809103,10,719.0,0.22148747351811757,11,158.0,0.40494597266664256,1,9.0,0.22739298326543947,23,1338.0,0.19329294516932696,24,1504.0,0.21261204434531653,7,339.0,0.17677418456108096,16,266.0,0.26549230687639586,31,1510.0,0.11833590347806262,19,733.0,0.14734149472552657,27,1072.0,0.13195018394414637,30,1541.0,0.14060042259804506,15,926.0,0.11526908045930172,13,498.0,0.2052916415959659,13,1220.0,0.06964961231765358,6,774.0,0.26802926635870883,260,13690.0
3120.0,251,3379.0,6.473180076628353,3.357278479389137,14,981.0,0.16624522312671317,14,780.0,0.18561513925276207,15,225.0,0.3518014742098839,6,31.0,0.0010774248694342054,20,1439.0,0.09495827709286296,19,1257.0,0.23785330829316587,14,390.0,0.3260074647860652,18,351.0,0.08148329081925337,23,1279.0,0.14065393698238157,19,830.0,0.2766751654887495,29,1194.0,0.1619246741746112,20,1328.0,0.2533857940136682,21,1008.0,0.16220890361310286,5,278.0,0.3225442143588298,6,886.0,0.26010589987496424,8,716.0,0.1604797647533395,251,12973.0
3125.0,232,3307.0,6.311068702290076,3.11237422155911,12,758.0,0.1652239400651323,19,869.0,0.16498295633708163,15,302.0,0.36713210845257926,0,31.0,0.22483570040500359,21,1547.0,0.07429871753712926,13,1252.0,0.1499416899806768,16,466.0,0.28174523463786577,18,445.0,0.037932768315557905,17,939.0,0.22169014319263916,21,930.0,0.2252539063618093,29,1328.0,0.08120386279114535,13,981.0,0.24791026237834413,18,942.0,0.09711824013354323,3,274.0,0.3259643102794723,8,828.0,0.323988994350853,9,576.0,0.13443984344359833,232,12468.0
3130.0,207,2738.0,5.2251908396946565,3.036304910440831,9,792.0,0.17899691700264656,26,986.0,0.11482556575586532,10,295.0,0.1444544184634426,0,6.0,0.8071346719311816,17,1613.0,0.1640675491092022,10,1310.0,0.13948863766104339,16,442.0,0.22720846294678176,18,539.0,0.23873380446663825,9,741.0,0.34222794382906263,20,862.0,0.17780127180263017,33,1486.0,0.01992383339035592,5,1017.0,0.22503267165700325,14,712.0,0.0930040333535975,7,281.0,0.3737447985510802,8,859.0,0.2844437136167047,5,554.0,0.16112556770440536,207,12495.0
3135.0,213,2232.0,4.2272727272727275,3.4216659014016675,10,832.0,0.17927349729711164,29,931.0,0.1067966318432373,9,224.0,0.1173029160671215,0,8.0,0.8463508035664378,23,1681.0,0.18969530797124606,13,1366.0,0.20149782074526038,10,319.0,0.1937047634959,12,526.0,0.36585096213780544,4,671.0,0.36229831832579584,19,643.0,0.149640854520717,32,1479.0,0.12449375553477883,5,1034.0,0.23747158539304938,13,721.0,0.12075226148664056,13,331.0,0.1836571286988694,13,914.0,0.1873705858141245,8,565.0,0.2581869131120352,213,12245.0
3140.0,203,1755.0,3.292682926829268,3.2156766796405827,13,829.0,0.1716824155044953,23,1045.0,0.13768710834406261,3,206.0,0.2013465539924786,2,11.0,0.6376082067255725,28,1802.0,0.13991187476257627,13,1248.0,0.1869105641623134,4,300.0,0.19890644232154933,6,352.0,0.15964246933782708,8,666.0,0.34752565077022535,14,714.0,0.17087284597215488,26,1608.0,0.17002132120348112,7,945.0,0.16411055577612724,9,773.0,0.23865446513732003,18,417.0,0.04666265810009611,15,879.0,0.09617239613832046,14,629.0,0.26428639640711615,203,12424.0
3145.0,230,1855.0,3.4543761638733708,3.1505283138550553,20,910.0,0.13533973219631598,20,1143.0,0.1638490528639876,9,213.0,0.038353792053428364,2,15.0,0.2677405845215188,33,1775.0,0.07690044924841846,12,959.0,0.19733841305222527,7,315.0,0.41444277551690045,2,334.0,0.20631075258300796,15,716.0,0.20296017689533147,12,780.0,0.19613419200474566,25,1734.0,0.0811300442446064,4,727.0,0.25995574075924116,13,829.0,0.2913211236990046,21,519.0,0.18620195204226142,14,740.0,0.2207765841102257,21,718.0,0.20963529016064883,230,12427.0
3150.0,245,2110.0,3.951310861423221,2.8637794163714525,22,997.0,0.10840375318831849,12,1093.0,0.14968872358696575,15,274.0,0.0007331346111465203,5,23.0,0.19605422492606206,27,1493.0,0.07420248496916038,9,929.0,0.3263859519176321,14,366.0,0.23342004265815813,8,349.0,0.32940111742746686,20,806.0,0.1343177042186502,14,844.0,0.15176537546117685,22,1854.0,0.04451023010169162,2,735.0,0.3182381401276392,14,767.0,0.21896000719803568,21,626.0,0.2240206474604089,12,733.0,0.26066230059128703,28,839.0,0.007010071453645294,245,12728.0
3155.0,257,2591.0,4.870300751879699,2.9782983038916084,26,1111.0,0.10267461329231602,9,833.0,0.20190529396494747,15,349.0,6.947348506112372e-06,0,22.0,0.3564162884228925,15,1493.0,0.22786564476271293,12,974.0,0.26527462378948424,15,341.0,0.05930679724804474,14,410.0,0.30644282210057205,22,917.0,0.24514346267299986,20,936.0,0.15258086172746146,18,1748.0,0.1713245251635751,9,765.0,0.22819314315525793,17,605.0,0.13394082841537552,21,729.0,0.2318905071710171,13,778.0,0.190163104392821,31,993.0,0.10648323423449789,257,13004.0
3160.0,253,3028.0,5.69172932330827,3.0422853909152887,29,1252.0,0.10312744709512982,8,858.0,0.23787780986659693,9,323.0,0.04936214639599869,3,17.0,0.5842758750838739,12,1537.0,0.2657437503611929,10,862.0,0.13487319787040497,10,267.0,0.13075501961803873,17,486.0,0.29458302080830934,24,1031.0,0.12912783916097498,21,901.0,0.1519983674610177,14,1376.0,0.27666705855654744,14,831.0,0.2093836245669003,18,622.0,0.15299910962446928,24,839.0,0.09410214771594531,8,713.0,0.102558148506515,32,1157.0,0.20174624835352067,253,13072.0
3165.0,251,3497.0,6.573308270676692,3.148698843777842,34,1409.0,0.07760026482024429,8,893.0,0.2281551908828364,0,179.0,0.4740037929680937,0,10.0,0.6439119195943727,13,1594.0,0.19503320914839328,14,663.0,0.16891037091478492,3,280.0,0.2824254026541763,18,577.0,0.07867724574767951,29,1171.0,0.09024479235126888,17,739.0,0.2065556437645137,14,1341.0,0.22418937552046592,22,926.0,0.1850039666058982,8,659.0,0.2131002019190761,28,971.0,0.03335174339436745,9,655.0,0.1210155733076365,34,1316.0,0.12234675772464311,251,13383.0
3170.0,248,3971.0,7.422429906542056,3.191091778848919,36,1585.0,0.09226391469611168,9,808.0,0.22233970460917388,0,61.0,0.7760824096701181,0,4.0,0.7183254125693541,14,1487.0,0.09097392550156434,7,647.0,0.19821847524484282,10,308.0,0.14650627860305412,23,683.0,0.1629533547475824,29,1320.0,0.13373175673357407,7,717.0,0.24244088128430943,11,1405.0,0.20726650812287067,21,907.0,0.21265208671372965,14,705.0,0.2268105677355626,28,1115.0,0.035838771568241126,8,689.0,0.21665222014505836,31,1321.0,0.06651549550876493,248,13762.0
3175.0,229,3590.0,6.722846441947565,3.393887662152012,30,1574.0,0.12011917733272681,5,605.0,0.24990393756319226,1,58.0,0.7272300421511564,3,4.0,0.5280106396830015,13,1209.0,0.2008391653971381,8,660.0,0.21907402414875357,10,286.0,0.13740469253651108,23,802.0,0.20479009987587185,23,1260.0,0.17760607347412113,8,745.0,0.27015215554281247,7,1281.0,0.2281407328369606,13,748.0,0.19860819375653888,22,788.0,0.2039751952415672,22,1095.0,0.17775888630704698,15,722.0,0.21338692165553216,26,1071.0,0.06209043732728667,229,12908.0
3180.0,200,2804.0,5.250936329588015,3.676529237277108,23,1362.0,0.18004458249304256,4,619.0,0.2889095177404641,3,72.0,0.7429897711523515,5,28.0,0.3804601675162512,11,947.0,0.2881907461529443,14,710.0,0.09795708294881023,6,160.0,0.3414191095592776,23,913.0,0.19396503943796364,20,1027.0,0.177866929141921,8,670.0,0.2692032770030071,5,995.0,0.1794577068098797,7,725.0,0.1963928290125346,22,755.0,0.047167403820552366,12,898.0,0.3030323186401078,19,801.0,0.10843208368384451,18,833.0,0.17160407804830036,200,11515.0
3185.0,182,2126.0,3.9152854511970534,3.41762516959766,17,1048.0,0.2040119444575324,8,646.0,0.2264594277750005,5,92.0,0.45619920656589497,5,53.0,0.2379014346529842,9,966.0,0.16311720241163963,16,661.0,0.10186583322484655,1,180.0,0.4894694901285465,26,1034.0,0.01616071693246162,14,1101.0,0.18671004920194018,6,476.0,0.218024749660879,4,1013.0,0.11217241347081655,8,760.0,0.24501700567321116,20,607.0,0.08654417663027829,7,941.0,0.2789596653844512,31,934.0,0.039163799433643655,5,802.0,0.3506622571977229,182,11314.0
3190.0,181,1782.0,3.312267657992565,3.500625016786108,7,1089.0,0.2708352430316136,14,649.0,0.19176847553848755,9,136.0,0.08058445565264878,0,44.0,0.5815117843001255,10,1004.0,0.1842427270867538,12,481.0,0.22414887891261806,6,201.0,0.48862236254321034,25,1010.0,0.047987663267254815,11,1159.0,0.19867769115997222,4,485.0,0.20982731643993047,8,1051.0,0.09750969833642713,14,817.0,0.22888962676231003,13,670.0,0.22624516276850196,9,981.0,0.10402885198921327,32,1089.0,0.09615460586826305,7,785.0,0.38357427288693313,181,11651.0
3195.0,203,1699.0,3.199623352165725,3.7277457231680273,8,1108.0,0.2865925322788553,13,557.0,0.1435897742828264,10,123.0,0.20979072621032557,0,4.0,0.7095884367174904,16,1076.0,0.23047550244186424,8,262.0,0.3846265159135607,14,257.0,0.3427854346541482,15,819.0,0.24975971044289685,15,1221.0,0.15762840992907048,9,518.0,0.21674816484683715,8,932.0,0.21738572218696492,15,749.0,0.08800009120168788,8,715.0,0.27848184047206587,15,1047.0,0.18477598394797437,36,1245.0,0.09065615864959532,13,831.0,0.21098207953781817,203,11464.0
3200.0,209,1742.0,3.2379182156133828,3.5203172949149395,8,1013.0,0.23709041841598555,12,609.0,0.1814078878953463,0,65.0,0.49363480511309815,1,7.0,0.6206309237062292,17,995.0,0.18982090640201382,3,281.0,0.45032841810657953,19,344.0,0.1055126450125405,7,733.0,0.3149562152915872,17,1145.0,0.14618968881565236,15,584.0,0.1767811844231302,4,718.0,0.29695569116288417,15,567.0,0.16483716720069594,16,776.0,0.19007420788334606,23,1144.0,0.21158573573801223,32,1250.0,0.018331370797648183,20,919.0,0.07051189322833776,209,11150.0
3205.0,227,1976.0,3.6934579439252335,3.298962492381761,6,875.0,0.22635158177434953,14,667.0,0.17258092186561413,1,32.0,0.5929818205894468,6,26.0,0.621231779444863,15,776.0,0.10707991348314522,8,315.0,0.3123696694273834,25,458.0,0.00121837675116885,6,762.0,0.20762252627376987,15,926.0,0.2019780385418183,22,680.0,0.2503099244089612,7,635.0,0.20060728991068025,8,553.0,0.22945405315853662,21,871.0,0.05200379222375103,28,1269.0,0.1329143659283044,28,1097.0,0.10330712289125653,17,889.0,0.1679164764431588,227,10831.0
3210.0,222,2099.0,3.916044776119403,2.970432265172043,6,891.0,0.1512547485125263,17,748.0,0.12813770477644895,2,32.0,0.5817475612509844,2,32.0,0.575076743553773,14,838.0,0.10694199231768237,14,373.0,0.16357424320244057,22,499.0,0.04893869300144554,13,819.0,0.10436504998850206,8,834.0,0.2354565047275733,20,675.0,0.14246710218764,8,673.0,0.12898017154861002,10,582.0,0.2795560095111763,29,1002.0,0.015691854776750044,28,1409.0,0.06222801771970248,17,1183.0,0.22735182666231027,12,743.0,0.226107690879626,222,11333.0
3215.0,229,2257.0,4.226591760299626,3.3578890218331003,10,929.0,0.171475157119838,23,846.0,0.14553220200557038,4,47.0,0.5335855995925287,6,27.0,0.2977967808734704,14,909.0,0.1887823383423735,20,463.0,0.029129007428106746,12,435.0,0.2788352657377133,19,904.0,0.2684395740470261,6,865.0,0.24720986981519927,19,570.0,0.19699563100686787,6,601.0,0.27056832433401906,13,635.0,0.21801095553419791,28,1008.0,0.12929233630073614,28,1551.0,0.07644801059100527,14,1242.0,0.22261464044406665,7,729.0,0.3615231797857875,229,11761.0
3220.0,231,2433.0,4.513914656771799,3.367206160075344,13,853.0,0.188866004468715,29,986.0,0.12410181774801281,6,70.0,0.0833262230486868,11,67.0,0.24040342915514268,10,810.0,0.3145112337815722,21,475.0,0.17030364642573032,7,482.0,0.3933730895356212,25,1015.0,0.23302592057452504,13,909.0,0.21383311595551135,9,581.0,0.23973033086440335,3,407.0,0.30623323540033154,14,563.0,0.15452713686191374,19,891.0,0.26010220294269654,28,1695.0,0.08315512353494109,16,1315.0,0.12602556614417035,7,756.0,0.31620494504053726,231,11875.0
3225.0,249,2783.0,5.106422018348624,2.8553588046156504,15,872.0,0.13590823776772665,35,1149.0,0.09769435344247954,10,113.0,0.10473223522138592,11,122.0,0.14674512440694293,9,571.0,0.246171976014715,11,399.0,0.34967265284479937,10,513.0,0.30200085413844563,29,1149.0,0.24117274162693977,14,822.0,0.1447111012218316,8,617.0,0.2625821618288342,3,360.0,0.18390865989005778,19,646.0,0.12483636796937625,14,910.0,0.18755835549453884,32,1844.0,0.10927449519979224,16,1235.0,0.10742009459602955,13,814.0,0.1684944477166478,249,12136.0
3230.0,263,3223.0,5.86,2.730222898592447,16,928.0,0.12073793238603477,30,1157.0,0.11402168233636394,11,168.0,0.3276399449794285,11,177.0,0.0,9,549.0,0.1397182732219495,10,448.0,0.3127487566804503,15,575.0,0.08364755915218175,29,1294.0,0.16639748623793332,11,616.0,0.2521494469392398,14,673.0,0.24786940450408934,7,390.0,0.11920502280510484,18,723.0,0.0918329714286511,11,971.0,0.15031214463845297,35,2013.0,0.15105281292417003,15,1030.0,0.22797854448487553,21,907.0,0.16637218343730956,263,12619.0
3235.0,263,3613.0,6.474910394265233,2.931874807910173,18,999.0,0.13872137049491712,24,1007.0,0.1507841608711646,11,227.0,0.3437135553343062,5,173.0,0.34022699429744885,12,597.0,0.16958477175184533,9,497.0,0.19299533636857152,22,669.0,0.06964243222660468,29,1439.0,0.1003271628631343,3,582.0,0.3439634109235459,15,638.0,0.17024821723678038,16,455.0,0.22531129858346774,18,810.0,0.04318029074401473,14,1033.0,0.11206815512021435,35,2184.0,0.07095692009563963,14,960.0,0.2019461992009129,18,878.0,0.20659145086202604,263,13148.0
3240.0,261,3603.0,6.456989247311828,3.1596755942024157,23,1097.0,0.10768668102899917,14,1030.0,0.19738778161853743,7,205.0,0.39127531690694173,0,96.0,0.6828118125837684,10,533.0,0.22287269757561687,9,476.0,0.11611444400028113,27,799.0,0.08614616694093039,29,1584.0,0.058506210306038094,8,607.0,0.23840484806234521,15,502.0,0.18650919869116409,22,553.0,0.24036141072037348,22,911.0,0.04452312565484855,19,1055.0,0.17591919159936378,30,2113.0,0.0729820946618837,12,1022.0,0.133431200382509,14,704.0,0.2923874048118705,261,13287.0
3245.0,254,3337.0,6.0343580470162745,3.149554481699144,28,1222.0,0.10055646629243871,13,1086.0,0.21432390409931792,4,118.0,0.37435814283416385,3,67.0,0.6016778714749411,9,389.0,0.2101693341450685,9,350.0,0.18182927168219665,28,939.0,0.07164371175637783,24,1502.0,0.08427310974833428,14,663.0,0.18789170648748404,10,551.0,0.20354444287123175,29,677.0,0.14574990815098596,23,851.0,0.16371464877214864,19,1093.0,0.24478987799226717,22,1805.0,0.09042977261099745,13,1080.0,0.1627339829280628,6,622.0,0.2128691898629811,254,13015.0
3250.0,246,3116.0,5.665454545454545,3.0807011673792513,35,1385.0,0.09707868853745766,10,1001.0,0.22405277836359094,2,102.0,0.27895107984970013,3,82.0,0.5285168239427764,10,366.0,0.1225244317031673,6,374.0,0.24660735584923266,32,1095.0,0.027511529963362688,15,1257.0,0.24797463797739466,20,757.0,0.1601567852952779,10,597.0,0.2259548339444737,30,684.0,0.091215729358393,17,682.0,0.24491212906534657,20,1188.0,0.19112582381116044,16,1306.0,0.261443794419626,14,1000.0,0.18290475562016137,6,649.0,0.19976439707376173,246,12525.0
3255.0,244,2674.0,4.861818181818182,2.9916189552416066,31,1374.0,0.11445964222040254,7,795.0,0.2304509381712321,9,114.0,0.35036963348575884,0,40.0,0.24073824356441342,13,405.0,0.10130901489482194,11,405.0,0.2290520038338242,29,1118.0,0.15776169330530498,6,1130.0,0.2533150210049292,25,878.0,0.18289897258200044,15,661.0,0.13346044952585523,30,773.0,0.07221427847062918,13,748.0,0.14981244714200392,26,1304.0,0.12294240148606032,5,1325.0,0.3502322162380293,11,830.0,0.15764052185309832,13,703.0,0.21809574679923974,244,12603.0
3260.0,237,2543.0,4.640510948905109,3.070505309037141,24,1177.0,0.15092807394004606,4,705.0,0.2736528198176901,12,169.0,0.3462145067007086,0,2.0,0.6884073653542173,13,415.0,0.16207748250972512,10,384.0,0.14689102758408987,19,937.0,0.2611584672426665,7,1158.0,0.19338273081704227,29,1011.0,0.08831132346165252,22,757.0,0.10102450251504032,21,887.0,0.047311240298782246,12,811.0,0.11004495923021268,27,1435.0,0.06961450963172638,7,1339.0,0.32202727509637713,11,886.0,0.11522746450582225,19,783.0,0.20098751392247471,237,12856.0
3265.0,259,2825.0,5.136363636363637,2.902414562062842,20,1110.0,0.18367440353016104,7,731.0,0.2508180342458972,8,155.0,0.2239419206038326,2,9.0,0.6327323866003833,20,473.0,0.15624033777983862,10,433.0,0.06552855453479509,14,952.0,0.1965306076011107,13,1210.0,0.1099453209057779,33,1172.0,0.10401169282250783,25,881.0,0.15838412806221236,18,956.0,0.05082861693109451,12,812.0,0.2332830658072654,24,1405.0,0.1324842348746069,14,1400.0,0.21172175293505935,14,950.0,0.19207719282288763,25,897.0,0.15502550378848937,259,13546.0
3270.0,259,2794.0,5.14548802946593,2.8086617493406885,10,1161.0,0.20367572692772576,12,778.0,0.21141403461948452,6,95.0,0.24735546224925992,4,27.0,0.6649936327506553,26,590.0,0.11182308891995987,11,465.0,0.1747601115256929,10,1005.0,0.15257966884926516,19,1287.0,0.11699403778771442,27,1164.0,0.1118682725789304,20,853.0,0.13258335127905088,21,1045.0,0.04595130659471348,14,824.0,0.24549633172555282,20,1194.0,0.14115508597392382,21,1491.0,0.13372603463019705,10,880.0,0.2815046618281077,28,1035.0,0.05312343779591985,259,13894.0
3275.0,255,2762.0,5.058608058608058,2.8163105184095087,11,1188.0,0.24611120703911601,12,723.0,0.17774605115267483,5,99.0,0.11435781149384038,4,47.0,0.6488368762872287,29,639.0,0.030611492837816313,15,525.0,0.20544102449349103,7,924.0,0.15267801095383898,26,1408.0,0.19495828445049632,19,974.0,0.1947004404084625,12,692.0,0.30328155784329414,20,983.0,0.14771908919950483,19,904.0,0.17404126360127897,14,1203.0,0.11803797924442809,27,1615.0,0.013125420834130578,7,682.0,0.17438248311920224,28,1179.0,0.12020267494321561,255,13785.0
3280.0,249,2739.0,4.944043321299639,2.8539584491811785,17,1260.0,0.1665510477610033,11,737.0,0.16446307585954012,5,100.0,0.4580528999605527,6,72.0,0.2741567922062605,25,606.0,0.08233067064413906,21,619.0,0.16044821826115852,5,736.0,0.26963957617084844,29,1548.0,0.22967236116746956,11,902.0,0.2124336835868727,7,664.0,0.22697678782103445,18,836.0,0.2817048018106967,20,1005.0,0.1710300141802658,11,1260.0,0.09591153077701176,31,1771.0,0.030937506792857575,5,707.0,0.09740351315187466,27,1131.0,0.18380540817931612,249,13954.0
3285.0,245,2785.0,5.036166365280289,2.9296901515463634,24,1366.0,0.14619554277394156,11,794.0,0.1604873927844461,2,78.0,0.6017108984465493,11,122.0,0.07288572017535408,16,690.0,0.19466483689896302,28,747.0,0.005342928419814484,1,678.0,0.3108988599986569,34,1704.0,0.18390538069842194,8,948.0,0.22618294902369498,8,689.0,0.21540080919422117,16,876.0,0.24982572469394512,25,1123.0,0.04573398352532639,8,1150.0,0.2333466653718141,26,1685.0,0.17102278274679855,9,738.0,0.14602490548489613,18,899.0,0.2530166367133774,245,14287.0
3290.0,260,3224.0,5.83001808318264,3.0096918572897446,32,1512.0,0.08058521122601758,13,850.0,0.16324818837339783,4,38.0,0.48102588306495064,11,177.0,0.2803652446399071,15,754.0,0.24890525495902316,33,905.0,0.024372769023295823,7,699.0,0.1885430465397188,36,1882.0,0.10748701135761547,7,844.0,0.2196567575760288,8,620.0,0.20107097399085022,11,938.0,0.2075308100564916,31,1268.0,0.11869593438839442,6,1036.0,0.23553376221849007,18,1366.0,0.23965207458963425,15,806.0,0.22257992968541482,13,894.0,0.1781834158302989,260,14589.0
3295.0,266,3783.0,6.7313167259786475,3.035160044417317,36,1685.0,0.09456055264517584,19,930.0,0.16307505248185014,2,31.0,0.2800336450106781,11,232.0,0.23233741088523877,15,819.0,0.1791865038993903,33,1070.0,0.1374697347975755,13,757.0,0.06286484504693533,36,2062.0,0.04330606949861927,7,638.0,0.24141194298980193,5,459.0,0.30089247871677494,8,884.0,0.20478367273045975,33,1428.0,0.15576895641169472,9,1072.0,0.1126351704458375,15,1440.0,0.16845412235258084,14,751.0,0.21778782976466926,10,947.0,0.15467929391915156,266,15205.0
3300.0,279,4047.0,7.252688172043011,2.634768669268537,31,1648.0,0.09541544867690907,25,1052.0,0.12079443284725583,7,36.0,0.4190074448904351,9,220.0,0.3496102087017707,19,804.0,0.0730361347464277,33,1237.0,0.2180164246970903,19,831.0,0.18970784819237693,31,2000.0,0.019079284694855505,2,605.0,0.2489588330683301,4,422.0,0.22702042540001027,9,922.0,0.1388848181140722,35,1597.0,0.1167212674725872,13,1128.0,0.09465482685725599,12,1504.0,0.10465796673287016,14,576.0,0.13601027046074698,16,1011.0,0.19252537439963513,279,15593.0
3305.0,276,4091.0,7.371171171171171,2.796116436742358,24,1377.0,0.14290050762254924,27,1187.0,0.15673055147507756,7,68.0,0.3234784786293936,0,129.0,0.5035139980992971,18,852.0,0.053607460979086065,35,1406.0,0.11201777150885353,22,939.0,0.2688483288192217,22,1687.0,0.08173369614791076,9,631.0,0.277337606059442,8,453.0,0.22293656054318894,10,963.0,0.06702592913698432,30,1586.0,0.10640620714211678,12,1034.0,0.2122043054761452,15,1569.0,0.23117016550542258,16,646.0,0.09035308751505525,21,1106.0,0.16069512905302405,276,15633.0
3310.0,267,3764.0,6.73345259391771,2.8790586127613556,17,1468.0,0.21051432868686473,26,1153.0,0.1293449253068898,2,62.0,0.09594334120469845,3,118.0,0.2595962953830945,18,928.0,0.13986832839822116,31,1419.0,0.08218552645537933,22,1045.0,0.16294457533286538,14,1546.0,0.15816911802313438,9,572.0,0.21781459405981393,14,515.0,0.20495619499122555,17,1033.0,0.058121681906434526,23,1399.0,0.11247792650922395,8,792.0,0.38925418347006635,21,1659.0,0.19319199144923602,13,708.0,0.2299232114877939,29,1235.0,0.0833033755595758,267,15652.0
3315.0,264,3367.0,6.121818181818182,3.097599470080222,14,1540.0,0.17050417337623627,20,936.0,0.16759361113412613,4,29.0,0.34845939654534125,8,147.0,0.4839667141846022,18,1006.0,0.18519990134637673,24,1258.0,0.16322830427236815,22,1159.0,0.1822769620752684,9,1601.0,0.27648875985472543,9,437.0,0.3659468189440999,19,603.0,0.18175199788910085,24,1136.0,0.11870440753225725,16,1482.0,0.10070601970717197,7,826.0,0.19991413055936755,27,1782.0,0.12282796005836245,10,626.0,0.23849915733781024,33,1399.0,0.034083033276876035,264,15967.0
3320.0,251,3039.0,5.53551912568306,2.784069449684534,14,1604.0,0.1715166059513025,10,925.0,0.22175911861734254,0,17.0,0.7166474324828448,9,192.0,0.42721629024193997,21,1096.0,0.0997067848094526,13,1268.0,0.18524708071047077,18,1098.0,0.06173181926539289,12,1654.0,0.31614384585991456,3,447.0,0.24196004573582444,27,723.0,0.10774208749866719,30,1273.0,0.14783280329937587,12,1540.0,0.09644069591429379,8,869.0,0.12090268033058459,34,1936.0,0.07301816020298255,11,609.0,0.09437838297804954,29,1371.0,0.14241324860274046,251,16622.0
3325.0,267,2817.0,5.075675675675676,2.7473052485543783,22,1696.0,0.16161962676587413,7,965.0,0.23837845718425674,0,4.0,0.8853340737383892,13,248.0,0.26499787236026306,26,1217.0,0.013135795976958832,12,1316.0,0.13824023237660055,13,860.0,0.2485178910775762,17,1522.0,0.16129706994971427,9,474.0,0.26946858621070424,32,874.0,0.10609685655989518,31,1221.0,0.08519657969322283,9,1439.0,0.24690792253271784,14,936.0,0.19994076937901245,30,1848.0,0.09355652192149784,12,658.0,0.0540181035434499,20,1112.0,0.2106697727427411,267,16390.0
3330.0,265,2832.0,5.0661896243291595,2.8736881961436147,27,1817.0,0.08328783967827293,12,1016.0,0.21335463931723886,1,5.0,0.66158693746244,15,322.0,0.05964500603937244,29,1233.0,0.1330481668788974,9,1227.0,0.16760651200158674,6,908.0,0.28242802376666604,17,1201.0,0.16606006688767183,15,538.0,0.1272523187105923,32,1034.0,0.08145692881560895,25,1350.0,0.10682368454097749,6,1171.0,0.2682636019407738,23,1033.0,0.291056952118126,22,1515.0,0.20250465318037725,14,701.0,0.08052014004201997,12,1118.0,0.15935442258836657,265,16189.0
3335.0,266,2987.0,5.30550621669627,2.916473814816625,28,1751.0,0.1163229277407562,15,942.0,0.15438178202506175,5,17.0,0.4122110565300396,16,402.0,0.17819399755979068,23,1102.0,0.23387749595090473,5,995.0,0.29918147954052643,9,940.0,0.1967562489298013,17,1267.0,0.1784995062557009,21,632.0,0.15976931768972483,32,1194.0,0.10255971892146198,19,1447.0,0.12135395556239045,7,1202.0,0.1457702686356336,27,1154.0,0.14874398777378614,14,1391.0,0.20364662521249172,20,781.0,0.15429800957753242,8,1168.0,0.16315622196271284,266,16385.0
3340.0,240,2822.0,5.04830053667263,2.958107049346904,23,1493.0,0.15209565057947957,11,722.0,0.29459918466063456,1,19.0,0.5924701885326159,10,378.0,0.28496799246891646,16,1190.0,0.18880301260455903,4,947.0,0.2145513753067237,10,835.0,0.12166754388006018,10,1297.0,0.1486027130991992,23,749.0,0.24317186595982201,26,1179.0,0.12253128094522896,15,1385.0,0.056236824783825065,9,1247.0,0.114950394983808,31,1306.0,0.07577112992116046,11,1444.0,0.15131106093567076,27,906.0,0.15972234463362028,13,1220.0,0.26587517707247843,240,16317.0
3345.0,231,2613.0,4.708108108108108,3.226462054428026,18,1274.0,0.2114110087846705,10,753.0,0.20115067226507424,2,11.0,0.6957849879074215,5,245.0,0.4090845214153362,15,1269.0,0.17015117901261034,8,982.0,0.1554227852299564,7,602.0,0.22532266930825315,15,1337.0,0.13605120576985422,25,870.0,0.09906107895630438,19,992.0,0.17006885518966497,8,1157.0,0.09569904139157674,9,1145.0,0.1430806604705097,25,1264.0,0.16259132870240114,13,1498.0,0.13564241571339017,34,1054.0,0.06919262314835405,18,1303.0,0.16065944103875548,231,15756.0
3350.0,220,2597.0,4.679279279279279,3.207894911637468,15,1349.0,0.1896812969131972,11,799.0,0.20303283647609952,0,0.0,0.33936990655415505,1,222.0,0.3470609305185047,17,1340.0,0.22224350281117758,9,895.0,0.2507825905926563,6,622.0,0.29812223491161555,21,1431.0,0.08683383242276832,29,1010.0,0.09064762723621941,10,1048.0,0.18559406319042013,4,1168.0,0.1099598234890506,6,971.0,0.24321514733332386,17,1021.0,0.19012826568403943,13,1347.0,0.10508231284207008,36,1234.0,0.010065214860760703,25,1413.0,0.06435501134046802,220,15870.0
3355.0,215,2307.0,4.194545454545454,2.9880836267471564,10,1168.0,0.20852692501172482,11,714.0,0.19647597935203884,5,24.0,0.13720357697333446,6,245.0,0.14757401553986912,15,1281.0,0.1379903897655498,5,641.0,0.3034182345518259,10,658.0,0.22717070273984288,28,1562.0,0.16378183877721858,23,996.0,0.16390036421913698,7,1087.0,0.21770769683108243,10,1196.0,0.08798319517289012,10,1010.0,0.23885978727855758,14,1092.0,0.1505023153898788,9,1044.0,0.22099576223298326,30,1220.0,0.09705366218509322,22,1369.0,0.04695538042893572,215,15307.0
3360.0,202,1928.0,3.5571955719557193,2.97383504315685,6,1168.0,0.18769333584732217,10,524.0,0.19436518169476452,1,35.0,0.6393360786674305,15,301.0,0.004520192940420649,16,1096.0,0.07600240425983569,2,612.0,0.26808522383332456,15,727.0,0.09793458060098685,34,1723.0,0.13898242112600814,15,817.0,0.22287631010790293,10,992.0,0.21090009362568457,10,1108.0,0.10319248737725696,11,1063.0,0.19500203788717957,12,1157.0,0.1067337014229873,10,1005.0,0.22210545665959122,23,1065.0,0.16247223316377385,12,1047.0,0.22301512537294071,202,14440.0
3365.0,183,1649.0,3.0036429872495445,3.08588903790725,8,1145.0,0.15932906443894457,7,549.0,0.19649807836077593,0,11.0,0.8433223520552686,11,292.0,0.1581364149280527,15,939.0,0.16862796433422544,6,634.0,0.15131081957164425,15,657.0,0.184879510007483,34,1897.0,0.07255391890226198,13,871.0,0.18887065379140472,8,724.0,0.21232661636656378,6,893.0,0.20635383802989138,13,970.0,0.12179432924066355,10,1046.0,0.11991916457413887,10,1056.0,0.18504632832207055,16,1151.0,0.07778957164761412,11,1100.0,0.20197086569993988,183,13935.0
3370.0,166,1340.0,2.4408014571948997,3.4695532537422755,15,1185.0,0.1873789626781389,9,581.0,0.21205963500085254,2,6.0,0.48328112725408845,1,180.0,0.42215284781874823,8,927.0,0.2521857621088687,6,555.0,0.18692713575963596,14,663.0,0.29176355208893506,31,1805.0,0.016745274118913262,11,925.0,0.20129868692184844,8,541.0,0.25769660452072013,6,923.0,0.2932912011550456,13,725.0,0.2044661678910058,6,794.0,0.25271597367691956,13,1114.0,0.09561023644687035,13,1225.0,0.0829944473491013,10,1155.0,0.1496853565092078,166,13304.0
3375.0,157,1101.0,2.020183486238532,3.34684686752855,22,1284.0,0.1264413737031114,10,520.0,0.1949349918504391,6,32.0,0.10002185905244257,2,129.0,0.4569689221827587,8,950.0,0.1747121715367995,2,469.0,0.20482460888568374,17,737.0,0.23572365343943968,22,1473.0,0.08892157537673685,9,836.0,0.1992963689959899,3,542.0,0.29974793493224056,9,957.0,0.28673639322182504,8,759.0,0.22842844147175162,8,828.0,0.23468550568029048,14,999.0,0.08607247045111656,8,1137.0,0.16457652419400398,9,1045.0,0.16604027210402314,157,12697.0
3380.0,170,1093.0,1.9908925318761383,3.673037779691738,22,1216.0,0.10691753734984817,9,378.0,0.2165836147731045,1,38.0,0.6230180426882571,8,159.0,0.13197539108339104,14,982.0,0.12916160432138624,6,488.0,0.1026805563691525,18,823.0,0.15087083526923875,16,1445.0,0.2024166714933887,10,626.0,0.2168247582264319,8,547.0,0.3282828364237643,14,1018.0,0.22192127807713447,10,789.0,0.13371767430822565,12,875.0,0.1412208294568208,11,771.0,0.23758712852217126,6,877.0,0.2917215520012857,5,769.0,0.2972661645030651,170,11801.0
3385.0,192,1288.0,2.341818181818182,3.5569331032909512,23,981.0,0.17040923471407754,6,404.0,0.2700013744667113,0,12.0,0.8712955937142381,9,204.0,0.3344134776314908,22,1075.0,0.05309914483750732,13,539.0,0.05827928336548246,21,914.0,0.033109085019880954,12,1509.0,0.23046293869890805,8,659.0,0.2139136364423617,14,604.0,0.21109581954542544,22,1111.0,0.07929928951193962,16,857.0,0.07065919382955871,10,787.0,0.11885206986482948,10,763.0,0.34252441514695603,1,739.0,0.3706102031233477,5,726.0,0.2862108670344839,192,11884.0
3390.0,230,1834.0,3.3900184842883547,2.8321685599495696,15,976.0,0.17969768239772338,10,431.0,0.19981079799964505,2,17.0,0.3738578458587663,9,249.0,0.42155803439208744,30,1208.0,0.04449470373818498,13,479.0,0.10261507656660945,28,1040.0,0.052531032641376214,15,1558.0,0.1564487749941324,11,708.0,0.20013534165128868,15,575.0,0.14539168736508645,28,1241.0,0.02980302550696561,22,958.0,0.1565165934182548,9,679.0,0.1939266427609781,9,808.0,0.23809952565735917,5,755.0,0.2842169087421483,9,756.0,0.23555999925156185,230,12438.0
3395.0,260,2415.0,4.505597014925373,2.6422446662531676,12,1042.0,0.20286186677534063,12,386.0,0.20140726595629227,7,49.0,0.08734195304468984,13,304.0,0.24157371738047653,34,1370.0,0.13404037046635298,12,477.0,0.17238930091059473,34,1203.0,0.11932893868213629,21,1650.0,0.01989310648096839,9,637.0,0.21161905923978244,12,411.0,0.2449519246319352,34,1401.0,0.10635575708589753,22,896.0,0.17644893254868788,8,710.0,0.23337623112501257,11,716.0,0.1363742654372699,11,792.0,0.20702731553668835,8,658.0,0.13084978868530928,260,12702.0
3400.0,248,2764.0,5.0902394106813995,3.039619990713569,9,929.0,0.21894247895642896,11,246.0,0.21902280540350663,2,50.0,0.5993964069595563,15,379.0,0.1420209479730735,36,1549.0,0.22553554548231158,10,534.0,0.16837796290104226,36,1379.0,0.07306521924956873,21,1568.0,0.11377368844176405,9,500.0,0.25086006077218537,4,386.0,0.39331931469164255,30,1381.0,0.13867545199331405,13,692.0,0.14504458734499356,14,766.0,0.1549995434745532,11,520.0,0.1180257377275845,18,861.0,0.13344280592684746,9,450.0,0.11674183563077035,248,12190.0
3405.0,217,2960.0,5.4212454212454215,3.1221268857263715,7,639.0,0.22615975895247326,7,271.0,0.2620324419526048,0,11.0,0.8527949136020924,15,458.0,0.2670232368236399,36,1729.0,0.16755997779882348,13,592.0,0.06330264828703477,36,1559.0,7.400528938781896e-07,14,1294.0,0.2511285532424252,8,482.0,0.1993672465313444,7,408.0,0.25464554048514243,23,1164.0,0.09907226861163189,7,738.0,0.19576477838999823,19,856.0,0.07754684274950244,4,513.0,0.2526709143983658,18,834.0,0.04894151482876051,3,424.0,0.17058680784112754,217,11972.0
3410.0,228,3042.0,5.5510948905109485,3.050710309599288,6,656.0,0.19953887668727124,8,295.0,0.22322970200240155,2,14.0,0.4671767453447,15,533.0,0.2555346733465898,31,1713.0,0.06494572892587525,20,683.0,0.18033358143553027,30,1515.0,0.06794010582351759,10,1353.0,0.21686163344247564,10,526.0,0.21674695408257907,12,458.0,0.24569766589056036,19,1032.0,0.12705945836214333,8,769.0,0.22832394042743417,25,968.0,0.14429925185611,8,515.0,0.2895149563937468,16,700.0,0.09422600733723185,8,425.0,0.2734824314454302,228,12155.0
3415.0,249,2992.0,5.449908925318762,3.016098836613081,8,694.0,0.2095511993904108,10,270.0,0.24200963228216874,7,37.0,0.12908669097204906,21,627.0,0.24500214985547064,26,1499.0,0.07122200837695256,24,800.0,0.257572876291077,20,1168.0,0.2155638194261348,10,1397.0,0.13140986829949639,15,588.0,0.20240622627154406,15,412.0,0.1681572678600377,10,1092.0,0.24108814754575542,14,826.0,0.21803955356912894,30,1110.0,0.14962570624374658,8,441.0,0.19129917165034246,16,709.0,0.1151691301401522,15,487.0,0.22377950984643513,249,12157.0
3420.0,242,3006.0,5.566666666666666,2.8309163953717182,8,601.0,0.2178865045389755,11,217.0,0.21311552101289435,2,36.0,0.2983537726544503,22,735.0,0.11494462504095207,17,1516.0,0.14238757701662846,29,930.0,0.03929600190670347,13,1179.0,0.24080859247234165,15,1462.0,0.16998907064352442,14,562.0,0.1637304186608313,13,264.0,0.205199213468579,13,1127.0,0.291799786945292,15,744.0,0.14642391875345498,32,1271.0,0.15245824572378308,7,294.0,0.13391028392300103,14,777.0,0.21325978221726402,17,452.0,0.10619910929790656,242,12167.0
3425.0,228,2849.0,5.18,3.1484920340087097,8,378.0,0.2079020954759208,7,216.0,0.2414806878830584,0,11.0,0.8163845327156269,22,849.0,0.17110676171929315,13,1567.0,0.13908334565321193,36,1094.0,7.627210778175763e-05,9,1229.0,0.16838378011562932,16,1337.0,0.22708488559420506,15,432.0,0.18408064761451676,3,285.0,0.32337818992579287,19,1206.0,0.178365909581224,17,672.0,0.061162179923548415,34,1433.0,0.02630007161409119,2,239.0,0.2566353129711276,8,713.0,0.30063679745753774,19,322.0,0.11524897910891838,228,11983.0
3430.0,222,2988.0,5.34525939177102,2.963446910827368,3,358.0,0.21497760769493598,8,234.0,0.21018702655502375,2,13.0,0.7573364147093404,25,966.0,0.12583297728985932,13,1626.0,0.09149503270743019,31,1251.0,0.04263625649713746,13,1280.0,0.11702991611381482,14,1017.0,0.18059044010481867,12,486.0,0.18860062713838968,8,300.0,0.23416424897734822,26,1321.0,0.03369524550402755,14,747.0,0.18693219104081998,30,1402.0,0.03195834108382847,7,261.0,0.3190382174989931,8,527.0,0.28512465027656686,8,327.0,0.15468745601440922,222,12116.0
3435.0,243,3371.0,6.073873873873874,2.904072668017045,9,389.0,0.1877537085015344,15,291.0,0.17127315631243528,3,24.0,0.43430233355977077,28,1101.0,0.11340434945643345,14,1508.0,0.0833114051460495,31,1393.0,0.1467148990731481,19,1363.0,0.13920442649397977,10,984.0,0.1304173817376256,12,543.0,0.171768742231662,9,285.0,0.16702722427405625,34,1478.0,0.09824342561641185,13,795.0,0.22446573376060025,21,1142.0,0.2053955914273245,7,210.0,0.4532637170506,8,561.0,0.1932737079584609,10,347.0,0.23320747587795848,243,12414.0
3440.0,246,3709.0,6.635062611806798,3.075848388635618,13,443.0,0.18435420153984786,18,320.0,0.1235349822772085,5,21.0,0.10467777452899622,28,1241.0,0.08353708305036464,11,1298.0,0.21035140738551286,32,1549.0,0.16849923596084546,25,1478.0,0.12169947762141024,8,1025.0,0.21210015482061864,10,500.0,0.19600033184068724,7,225.0,0.2612196837414747,31,1456.0,0.1720576073695277,19,878.0,0.1260536627738907,12,1144.0,0.255254175958675,2,129.0,0.3483949572092168,11,602.0,0.13627266823593914,14,399.0,0.28166362904781267,246,12708.0
3445.0,255,3840.0,6.808510638297872,2.903379462761981,19,527.0,0.15870140771803873,13,386.0,0.14485669172202498,3,27.0,0.5302733079049844,28,1384.0,0.08942825716643721,15,1362.0,0.2806871125238432,31,1498.0,0.06753689747502424,28,1621.0,0.05878169472400346,14,1084.0,0.1746430432882916,9,387.0,0.21443392353306226,3,240.0,0.34951885741544764,24,1243.0,0.15301125390542586,25,996.0,0.10233879064982498,9,1194.0,0.1697955727404539,3,132.0,0.14796083406126528,17,673.0,0.11236675448276451,14,400.0,0.23554489143963814,255,13154.0
3450.0,273,3995.0,7.133928571428571,2.6593386619735404,25,641.0,0.11433390903370158,13,435.0,0.14994059167926185,1,20.0,0.7121651526351306,32,1536.0,0.12584643691892122,15,1436.0,0.24253704700869572,25,1260.0,0.07509913997786295,28,1765.0,0.10050919408126976,21,1173.0,0.13195450660628186,10,264.0,0.2560585458291062,9,270.0,0.23956615411882365,16,1250.0,0.15227396572603938,23,939.0,0.16235718993273018,13,1248.0,0.12611928060825975,8,166.0,0.28226326845101973,20,658.0,0.06030372786844276,14,349.0,0.16617021800520526,273,13410.0
3455.0,252,3685.0,6.5921288014311274,2.5805426462270913,27,654.0,0.10861024552113745,11,416.0,0.1715823869113905,2,19.0,0.7172611513293424,35,1710.0,0.1294470175387583,17,1509.0,0.12283979172042894,13,1281.0,0.13088646788875385,27,1724.0,0.13523509869731218,21,1067.0,0.057342121324153734,1,247.0,0.31685803046225414,9,251.0,0.190961419640022,14,1318.0,0.16521264592822654,19,785.0,0.2641170880622026,18,1333.0,0.08073255471308911,11,163.0,0.2532604333205266,16,516.0,0.19603274127834677,11,398.0,0.13879618592364437,252,13391.0
3460.0,241,3407.0,6.008818342151676,2.9854450580556526,24,556.0,0.15729705188506382,9,336.0,0.2623976501693584,2,17.0,0.14729397297241303,35,1884.0,0.07693782609257276,31,1636.0,0.03765975089180456,12,1325.0,0.22851582215789992,19,1415.0,0.2382176115828627,13,767.0,0.24416886421284584,7,242.0,0.3502225667520462,9,185.0,0.2060153020465669,9,1212.0,0.13100151755192913,14,863.0,0.17834777457621317,25,1451.0,0.11035047567534043,6,119.0,0.19082529472074775,16,577.0,0.24751469268991558,10,426.0,0.1663488045607445,241,13011.0
3465.0,249,3620.0,6.317626527050611,3.0391242710604995,16,639.0,0.19948476719617095,9,278.0,0.22928312206238846,9,49.0,0.003163157118530309,36,2063.0,0.010423806878366542,32,1791.0,0.1322516886345696,14,1383.0,0.2850691350439613,12,1483.0,0.17991597177897278,8,724.0,0.2833396201254287,14,298.0,0.2557882336827989,6,190.0,0.20310964192905243,12,1265.0,0.10117201587917368,13,926.0,0.07687119837444482,32,1597.0,0.21405773064677328,6,131.0,0.1501439219289805,16,650.0,0.16296358695606689,14,475.0,0.2610119952699674,249,13942.0
3470.0,246,4096.0,7.223985890652557,3.163551635808627,11,703.0,0.2167400128837355,2,264.0,0.2834225122654559,7,78.0,0.3019502985893514,36,2245.0,0.11718306289063539,36,1939.0,0.16420549685973929,22,1473.0,0.22201406989121877,10,1540.0,0.1295059628833097,6,744.0,0.3014838880522813,19,381.0,0.15274492529641043,7,214.0,0.24749301777562013,12,1304.0,0.1484852866694387,8,850.0,0.11951200171709556,34,1762.0,0.163077562230843,10,150.0,0.29378794658594987,10,597.0,0.1147726351562573,16,482.0,0.2167025422756411,246,14726.0
3475.0,274,4121.0,7.217162872154115,3.0431216807432926,15,763.0,0.19251121974060625,9,271.0,0.2962179886377101,7,110.0,0.5309744456539341,30,2172.0,0.19199740628339682,31,1874.0,0.055848716743093135,28,1601.0,0.12441306226855323,14,1599.0,0.16917354453551797,13,800.0,0.14533345832483283,27,498.0,0.1196040815416829,9,208.0,0.21748451425912008,19,1376.0,0.17275751239983678,6,888.0,0.1920813261805437,32,1727.0,0.13604012236264837,11,204.0,0.36275011314310046,8,491.0,0.1906839803370745,15,421.0,0.13500177843558428,274,15003.0
3480.0,289,3856.0,6.800705467372134,2.9872087205856475,14,734.0,0.13390792383595498,15,335.0,0.17797804089395045,7,145.0,0.5055285036606111,22,1746.0,0.22516383503743947,29,1621.0,0.06427545758826407,29,1747.0,0.061138554514151684,20,1685.0,0.1554391442077519,20,888.0,0.0026899561762629503,30,643.0,0.11114452107104944,7,127.0,0.20271090577553616,23,1477.0,0.13146569144001397,11,937.0,0.2574868054227874,25,1480.0,0.11875428588028951,11,257.0,0.3905333681534293,8,481.0,0.23028581263225212,18,344.0,0.10660377810262364,289,14647.0
3485.0,266,3395.0,5.956140350877193,2.9469266734706805,14,611.0,0.15401632096535678,20,428.0,0.24364201197008248,10,189.0,0.16885950255129284,12,1711.0,0.2360658058621969,20,1726.0,0.176897536870204,29,1698.0,0.042805452701734845,26,1805.0,0.15152280421418104,24,1010.0,0.03255762371431465,25,690.0,0.132527037448446,2,139.0,0.3101177361375594,26,1414.0,0.04643440108864717,15,1003.0,0.21191451028902597,14,1387.0,0.15733005834216995,12,315.0,0.21322621535934685,11,519.0,0.17218510565436126,6,384.0,0.2867769034708894,266,15029.0
3490.0,263,3074.0,5.460035523978686,3.077829723979981,15,672.0,0.17890242669171333,25,544.0,0.14982735685506846,15,256.0,0.17558148494107054,9,1759.0,0.20308447427300313,15,1779.0,0.16973695241900857,19,1387.0,0.2161271085048275,28,1944.0,0.1151573937737257,24,1130.0,0.17273713755648726,16,580.0,0.19277344682246636,6,154.0,0.38389180928298033,26,1136.0,0.06705054056967615,22,1095.0,0.1480644245345364,10,1424.0,0.1698476689000963,16,389.0,0.20454180597546098,9,487.0,0.1415702411220724,8,374.0,0.3384132010625091,263,15110.0
3495.0,262,2968.0,5.328545780969479,2.849880864836188,14,740.0,0.16189659334930542,29,683.0,0.0882061488465273,19,352.0,0.31146350064709927,13,1813.0,0.1604271811146232,17,1751.0,0.0853063412645621,13,1461.0,0.2912819987607367,27,1883.0,0.02321411773471474,24,1254.0,0.29520523924513886,7,624.0,0.21928817442691478,13,206.0,0.2072991726441421,16,1222.0,0.21939000419752772,26,988.0,0.11071919681532387,14,1480.0,0.1526334986166735,13,371.0,0.3288660812542812,8,392.0,0.1266149252621545,9,348.0,0.19787260490048128,262,15568.0
3500.0,248,2779.0,4.944839857651245,3.068500126265194,16,811.0,0.17644997748795657,23,719.0,0.12906040831235446,19,443.0,0.3659027935785306,18,1894.0,0.020120449942677473,24,1853.0,0.04276286739626284,11,1518.0,0.1768881550985998,20,1507.0,0.1559115138888364,24,1370.0,0.3116688733035435,7,653.0,0.25372130292477424,13,227.0,0.2056924726377819,11,1266.0,0.2601558487393387,24,1100.0,0.08330583458390164,14,1377.0,0.22224234926858294,6,266.0,0.2842606920212177,8,308.0,0.2701399193454535,10,252.0,0.1801631797063152,248,15564.0
3505.0,227,2405.0,4.204545454545454,3.1775008272439416,24,914.0,0.1286511938894003,16,635.0,0.21880247962731703,16,435.0,0.11147148338933531,25,2007.0,0.017999844611890265,23,1952.0,0.052874970397088626,14,1580.0,0.11353076209478719,12,1476.0,0.2009969008204944,24,1280.0,0.13737704433737036,8,605.0,0.29299075159419524,9,203.0,0.2833896004416499,13,1319.0,0.22315199284570963,19,1183.0,0.09109917157995742,10,1033.0,0.276403922607718,7,116.0,0.3903835182902014,6,311.0,0.326424306530819,1,247.0,0.26285570013737275,227,15296.0
3510.0,229,2036.0,3.5719298245614035,3.0479533271973938,24,908.0,0.09957839930833443,7,642.0,0.2216157455535168,18,350.0,0.13730190995175093,28,2150.0,0.084990530442984,27,2042.0,0.1291385978414003,21,1673.0,0.14538796175227534,10,1526.0,0.1541634702919336,23,916.0,0.06660586861029688,5,475.0,0.23936890940010044,2,185.0,0.40068729007129694,20,1318.0,0.09730326233283709,15,1103.0,0.07304031625951055,9,1079.0,0.1938594280984092,5,134.0,0.30507094580207295,10,337.0,0.2826973980040434,5,248.0,0.2673459163579755,229,15086.0
3515.0,227,1898.0,3.3239929947460594,3.0855079765830156,22,817.0,0.1568180029716327,7,675.0,0.2739707626243002,7,371.0,0.31466686913042896,27,2045.0,0.15300511856313398,30,2180.0,0.19479942426655053,22,1597.0,0.19999107987488418,14,1590.0,0.13886443191383557,13,907.0,0.11988125217666654,4,489.0,0.22014586144045595,6,203.0,0.2852139948074703,21,1178.0,0.04272432546084742,11,871.0,0.20179614298879592,8,1120.0,0.1667637090546578,8,136.0,0.2974096947818413,14,399.0,0.13679262633232003,13,294.0,0.17441389389434966,227,14872.0
3520.0,238,2035.0,3.5890652557319225,3.0426991382441257,18,905.0,0.17395670672097463,13,731.0,0.20076266087724284,9,378.0,0.28142219936214746,19,1720.0,0.27289297474212365,34,2336.0,0.18760171638678894,15,1313.0,0.19047052592795932,14,1459.0,0.23018056960786065,7,921.0,0.18771769852674103,9,522.0,0.2292797264770046,13,252.0,0.19294871713668027,18,1261.0,0.0707869437633135,7,895.0,0.25346028068201404,14,1179.0,0.2037006385397032,13,177.0,0.31847202978030276,21,490.0,0.039746354643615464,14,299.0,0.05701087880430905,238,14838.0
3525.0,236,2176.0,3.858156028368794,3.064648660959134,12,974.0,0.16969549413957216,16,708.0,0.1297866462370618,14,404.0,0.22735261054807981,11,1582.0,0.24905561003794066,37,2514.0,0.10105988296100697,7,1267.0,0.19793407889498552,9,1105.0,0.27153366705033866,10,835.0,0.18166067597094163,10,485.0,0.17927260844361562,14,268.0,0.18426452730826504,19,1327.0,0.17341219340256298,8,906.0,0.18658389765704603,22,1275.0,0.17396997403618678,14,242.0,0.19105446369331272,21,511.0,0.14325700449110815,12,236.0,0.2698402280342959,236,14639.0
3530.0,206,1806.0,3.202127659574468,3.3718469800313953,9,919.0,0.185715866138388,13,587.0,0.21451895848294197,19,487.0,0.09059551643161093,10,1632.0,0.2305162083857866,32,2426.0,0.033076400497968575,8,1298.0,0.21431722912800935,11,1057.0,0.1878152246546098,8,635.0,0.29767860349444214,9,334.0,0.31691895177918183,8,224.0,0.3441597628810845,12,1228.0,0.21368088552363412,15,965.0,0.11022752528205239,22,1206.0,0.0690902391410568,10,243.0,0.11630855986082428,18,460.0,0.1863970877965985,2,227.0,0.4664116118338099,206,13928.0
3535.0,176,1437.0,2.5210526315789474,3.433726223103212,9,708.0,0.20363108431037677,4,562.0,0.2813063348971525,19,577.0,0.05585704618685608,12,1686.0,0.21181660649254333,26,1971.0,0.06516840532346779,14,1355.0,0.2784113984742849,8,1101.0,0.14876538892816138,4,571.0,0.24426153629625816,6,359.0,0.24108654496871632,4,238.0,0.24363718872670231,9,947.0,0.13537754474910976,16,897.0,0.08553258843672888,19,892.0,0.11415201065829213,4,158.0,0.4327405120882475,16,384.0,0.15731864930242254,6,245.0,0.3271233993271584,176,12651.0
3540.0,174,1478.0,2.644007155635063,3.370141749550446,7,737.0,0.2068105927169316,7,586.0,0.20737799210558794,22,663.0,0.04745188467148103,19,1769.0,0.0404547001616201,15,1952.0,0.13311910903713683,20,1445.0,0.24228843794298582,14,1154.0,0.21241070749475394,7,562.0,0.24645457167286797,7,383.0,0.2685460542808663,8,267.0,0.23612949005324285,8,983.0,0.11007909317555055,12,718.0,0.19388732920104426,7,945.0,0.2562288457429038,1,110.0,0.5365193694437657,7,406.0,0.2042142056011091,13,294.0,0.18072972973342896,174,12974.0
3545.0,231,1868.0,3.3779385171790235,3.3311364341297836,12,781.0,0.18584650694637866,14,641.0,0.20091581967922198,24,783.0,0.14558783823818586,26,1887.0,0.1188821649747182,11,2005.0,0.2283677181941477,26,1562.0,0.1554358382646619,22,1243.0,0.19592006764315786,13,618.0,0.1846811120070939,9,348.0,0.19731103729215893,14,334.0,0.17761085122214454,10,1023.0,0.2157972026085092,13,773.0,0.26673894771750745,9,973.0,0.24852552016310314,7,125.0,0.3642690239075035,6,432.0,0.3187682538461095,15,296.0,0.05229542111934734,231,13824.0
3550.0,269,2425.0,4.393115942028985,3.2835119085514894,14,842.0,0.19115444166483114,19,727.0,0.12988405785414445,27,916.0,0.2085589882896907,22,1782.0,0.23351258209418435,12,2060.0,0.22959188614918144,26,1476.0,0.11001589028712416,27,1364.0,0.13559876756208178,20,706.0,0.10152438652078348,7,236.0,0.26028318913980947,17,351.0,0.27638404014868173,15,1087.0,0.2551716400248189,12,832.0,0.21776704616313938,11,847.0,0.16113969071450768,13,177.0,0.2357956904477134,14,486.0,0.2940323878921497,13,257.0,0.2286524169308282,269,14146.0
3555.0,252,2634.0,4.720430107526882,2.8958346776500963,15,804.0,0.14529335573869817,26,850.0,0.1017500090654229,31,1055.0,0.07484988723799622,14,1413.0,0.24154231492364733,13,1890.0,0.12830984950976995,18,1182.0,0.1274155457032097,27,1499.0,0.14820421140511783,24,820.0,4.8817348835033244e-05,3,219.0,0.2800485796591879,12,293.0,0.19009184004732974,16,990.0,0.13348451929799354,9,758.0,0.19409150612960405,11,599.0,0.13483798858572713,8,174.0,0.34644455120177076,16,483.0,0.15381043185220564,9,272.0,0.2981973137136519,252,13301.0
3560.0,224,2536.0,4.49645390070922,2.876894971387737,13,645.0,0.1693974607490126,22,846.0,0.17749958954911987,34,1223.0,0.024646204066287772,7,1454.0,0.15550743762045205,13,1500.0,0.09242543411936659,11,971.0,0.25109075814598664,32,1649.0,0.1471795880113389,18,763.0,0.050523904425883844,9,243.0,0.2514901549340209,8,303.0,0.24239601790391638,17,789.0,0.07405235848539748,8,572.0,0.17618063334271797,6,631.0,0.27344896134002267,1,87.0,0.3712682334369142,16,438.0,0.1054890880073211,9,299.0,0.2349570022916409,224,12413.0
3565.0,210,2142.0,3.8046181172291296,3.1743256308320222,13,693.0,0.18680590505612588,19,712.0,0.19688388637164392,28,1228.0,0.14288747805529883,9,1487.0,0.16625160403836645,15,1571.0,0.07874087354708663,8,1000.0,0.2565278322711309,30,1550.0,0.1066790859924023,8,504.0,0.3206278131876836,16,304.0,0.32937087414138505,7,325.0,0.2893586138952093,15,857.0,0.09930154017475785,5,544.0,0.13818246045821392,10,658.0,0.2789724245372831,2,33.0,0.5717323778410639,17,410.0,0.12478134005440718,8,290.0,0.1265802296951639,210,12166.0
3570.0,206,1738.0,3.1202872531418313,3.3017734146784754,15,758.0,0.17414291786585498,11,663.0,0.22938973124428638,20,1080.0,0.24409591706274622,15,1554.0,0.17228127237082438,14,1629.0,0.09616216604070957,13,1016.0,0.19015473706402222,23,1193.0,0.06380139192851647,3,529.0,0.48390091303790383,19,390.0,0.1752840084738704,9,300.0,0.19857435388781555,14,908.0,0.19855358988096805,10,579.0,0.11773789912953765,15,720.0,0.2210197107672829,2,21.0,0.510765312434358,10,452.0,0.24805481734251403,13,345.0,0.1818327687296577,206,12137.0
3575.0,216,1753.0,3.152877697841727,3.379629409519914,12,697.0,0.1780614464987651,7,708.0,0.2594466995386716,15,1093.0,0.306683780626966,23,1653.0,0.17077053684080795,15,1661.0,0.19848640498675327,18,1096.0,0.08359169857754653,13,1273.0,0.1235078024514022,8,557.0,0.2724657531925933,24,500.0,0.13315411536136862,8,226.0,0.23652276656013224,9,820.0,0.22369931900831,14,643.0,0.24074618267167258,21,816.0,0.07281988506750842,7,40.0,0.27372570911829597,9,446.0,0.26819284296317,13,392.0,0.1623534545790008,216,12621.0
3580.0,241,2145.0,3.763157894736842,3.277879639523242,9,527.0,0.2160605862152584,15,767.0,0.20500786939594834,12,1155.0,0.27853215496936956,28,1785.0,0.19680098230752469,16,1503.0,0.23913811049366096,24,1212.0,0.18001141507110457,12,1323.0,0.21847291699242855,15,616.0,0.034442259617881575,25,624.0,0.13288572200454574,2,238.0,0.2856086466357431,6,585.0,0.12222534109024262,15,596.0,0.24191195252514638,29,947.0,0.12193758730580741,1,36.0,0.2011696738624378,15,494.0,0.14251044773352292,17,462.0,0.08420588729420013,241,12870.0
3585.0,262,2660.0,4.75,2.8766319923115313,8,557.0,0.17630248814034144,16,717.0,0.15433733689453324,15,1221.0,0.19495009048223946,29,1926.0,0.1056798903217655,18,1169.0,0.22392960244614982,27,1346.0,0.2614919095585064,10,1206.0,0.298432216905527,21,712.0,0.16331070558538555,19,612.0,0.15462713351124874,8,267.0,0.21492690678921883,7,612.0,0.11427964023659065,13,454.0,0.13674437135683695,30,1099.0,0.12823105906975787,1,13.0,0.6433836874886104,23,593.0,0.0556318535976033,17,472.0,0.03785918622749853,262,12976.0
3590.0,274,3136.0,5.580071174377224,2.877503877693641,13,603.0,0.19335836736033316,12,542.0,0.18652952446288973,22,1316.0,0.14605217749587443,29,2073.0,0.017130618564042695,15,1156.0,0.13974831633593365,30,1485.0,0.051951328465564245,9,918.0,0.3048221687634575,17,677.0,0.33767010105806505,11,473.0,0.3009862700323661,15,330.0,0.33172385011118444,11,644.0,0.20930779564279064,14,519.0,0.0960992317310589,34,1261.0,0.026486580249061375,1,13.0,0.7707400849381879,27,718.0,0.12582223260957187,14,408.0,0.09616785590544233,274,13136.0
3595.0,257,3208.0,5.708185053380783,2.8093158099707303,9,543.0,0.19553528999691125,11,598.0,0.21057689252123502,27,1440.0,0.0845838883954713,29,2218.0,0.11171163103067093,11,1215.0,0.14534677742623694,30,1406.0,0.02814241711933193,6,953.0,0.17853240872217793,10,508.0,0.26623418605531013,8,506.0,0.24076333836099786,19,416.0,0.19495822861185613,16,708.0,0.23823267229578615,12,579.0,0.13369750193569557,30,1255.0,0.039445111217856856,1,7.0,0.7377550446665301,28,769.0,0.16729836549886548,10,471.0,0.2593232935228312,257,13592.0
3600.0,241,2930.0,5.167548500881834,2.979404115020842,7,400.0,0.17006259135028348,10,647.0,0.17945177650308317,33,1596.0,0.05219249904433247,23,2073.0,0.21109152795158043,13,1272.0,0.11892852384675592,20,1131.0,0.11399340305710219,10,986.0,0.19629423230942947,8,507.0,0.15217191484816245,7,541.0,0.2328658761395149,24,525.0,0.10569969912558141,17,681.0,0.12428051588825127,15,599.0,0.22172755654974555,20,966.0,0.20655800254115922,1,14.0,0.7858359703213107,23,712.0,0.12363575862595373,10,512.0,0.24322903131477946,241,13162.0
